{"type":"FeatureCollection","features":[{"type":"Feature","id":1,"properties":{"id":1,"name":"Noth Luzon Expressway (NB)","way":"NLEX","island":"Luzon","region":"Region III","len":71034,"route":"","status":"Operational","project":"Implemented through PPP"},"geometry":{"type":"LineString","coordinates":[[120.98113,14.73027],[120.94397,14.79919],[120.94308,14.80302],[120.94047,14.80559],[120.93638,14.81315],[120.93418,14.81616],[120.93206,14.81774],[120.90393,14.83275],[120.89349,14.83867],[120.88738,14.84279],[120.8735,14.85344],[120.8562,14.86414],[120.85037,14.86864],[120.84627,14.87231],[120.84181,14.87692],[120.8383,14.88114],[120.83109,14.89167],[120.82722,14.89676],[120.76348,14.96976],[120.75675,14.97899],[120.74362,15.00079],[120.73889,15.00742],[120.73428,15.01317],[120.72366,15.02436],[120.71606,15.03096],[120.70688,15.0381],[120.70058,15.04374],[120.69548,15.04902],[120.69134,15.05389],[120.68592,15.06121],[120.68056,15.07005],[120.67746,15.07624],[120.6726,15.08795],[120.66864,15.09633],[120.66275,15.10662],[120.65881,15.11248],[120.65386,15.11902],[120.64789,15.12594],[120.64214,15.13182],[120.63131,15.14178],[120.62408,15.14941],[120.61589,15.15972],[120.60884,15.17032],[120.60348,15.18082],[120.60022,15.18828],[120.59679,15.19801],[120.5935,15.20975],[120.59094,15.2164],[120.58676,15.22417],[120.58498,15.22462],[120.58444,15.22397]]}},{"type":"Feature","id":2,"properties":{"id":2,"name":"South Luzon Expressway (NB)","way":"SLEX","island":"Luzon","region":"Region IV-A","len":22669,"route":"","status":"Operational","project":"Implemented through PPP"},"geometry":{"type":"LineString","coordinates":[[121.14118,14.19332],[121.10641,14.25005],[121.0814,14.29937],[121.07871,14.303],[121.05791,14.32691],[121.056,14.32977],[121.04772,14.3466],[121.04654,14.34959],[121.0426,14.37119]]}},{"type":"Feature","id":3,"properties":{"id":3,"name":"Noth Luzon Expressway (SB)","way":"NLEX","island":"Luzon","region":"Region III","len":70932,"route":"","status":"Operational","project":"Implemented through PPP"},"geometry":{"type":"LineString","coordinates":[[120.58444,15.22397],[120.58645,15.22372],[120.58708,15.22324],[120.59053,15.21678],[120.59354,15.20904],[120.59637,15.19865],[120.60006,15.18818],[120.60316,15.18104],[120.60847,15.17033],[120.61672,15.15825],[120.62394,15.14925],[120.63098,15.14185],[120.64112,15.13253],[120.64693,15.12669],[120.65365,15.11899],[120.6586,15.11244],[120.66356,15.10496],[120.66887,15.09547],[120.67233,15.08809],[120.6772,15.07636],[120.68044,15.06986],[120.68572,15.06118],[120.69101,15.05398],[120.6967,15.04741],[120.70187,15.04219],[120.72152,15.02605],[120.72799,15.01979],[120.73507,15.01191],[120.7434,15.00076],[120.7475,14.99429],[120.75385,14.98316],[120.75807,14.97668],[120.76326,14.96971],[120.82571,14.89824],[120.83083,14.89172],[120.83808,14.88111],[120.84146,14.87702],[120.84591,14.87238],[120.85001,14.86868],[120.85607,14.86401],[120.87282,14.85371],[120.88717,14.84276],[120.89284,14.8389],[120.90001,14.83468],[120.93175,14.81773],[120.93475,14.8153],[120.94034,14.80554],[120.94251,14.80244],[120.94408,14.79857],[120.98106,14.73006]]}},{"type":"Feature","id":4,"properties":{"id":4,"name":"South Luzon Expressway (NB)","way":"SLEX","island":"Luzon","region":"NCR","len":2636,"route":"","status":"Operational","project":"Implemented through PPP"},"geometry":{"type":"LineString","coordinates":[[121.02944,14.51725],[121.02818,14.5188],[121.02331,14.52879],[121.0181,14.53821]]}},{"type":"Feature","id":5,"properties":{"id":5,"name":"Subic-Clark-Tarlac Expressway (NB)","way":"SCTEX","island":"Luzon","region":"Region III","len":55966,"route":"","status":"Operational","project":"Implemented through PPP"},"geometry":{"type":"LineString","coordinates":[[120.35192,14.84131],[120.35676,14.84235],[120.36194,14.84394],[120.36854,14.8476],[120.37229,14.84931],[120.37466,14.85],[120.37742,14.85033],[120.38264,14.85044],[120.38504,14.85014],[120.39824,14.8446],[120.40609,14.84301],[120.4127,14.84288],[120.43604,14.84485],[120.44114,14.84577],[120.44499,14.84724],[120.44922,14.85024],[120.45211,14.85379],[120.45389,14.8575],[120.45472,14.86117],[120.45492,14.86565],[120.45454,14.87433],[120.45476,14.87899],[120.46069,14.9129],[120.4613,14.91825],[120.46123,14.92545],[120.45852,14.98727],[120.45909,14.99254],[120.46019,14.99648],[120.46447,15.00704],[120.46813,15.01289],[120.4857,15.03125],[120.49276,15.03773],[120.50303,15.04613],[120.50652,15.04937],[120.50983,15.05341],[120.51311,15.05963],[120.51432,15.06365],[120.51506,15.06813],[120.51509,15.07291],[120.51479,15.07564],[120.51394,15.07929],[120.5055,15.10604],[120.50488,15.10946],[120.50492,15.11259],[120.50559,15.11607],[120.5067,15.11881],[120.52135,15.14961],[120.52344,15.15283],[120.52592,15.15558],[120.52837,15.1576],[120.53215,15.1598],[120.53604,15.1612],[120.54038,15.16202],[120.55346,15.16295],[120.56323,15.16759],[120.565,15.1688],[120.56657,15.17077],[120.57376,15.18914],[120.57521,15.19374],[120.57576,15.19732]]}},{"type":"Feature","id":6,"properties":{"id":6,"name":"Subic-Clark-Tarlac Expressway (SB)","way":"SCTEX","island":"Luzon","region":"Region III","len":55840,"route":"","status":"Operational","project":"Implemented through PPP"},"geometry":{"type":"LineString","coordinates":[[120.57566,15.19732],[120.57489,15.19296],[120.5738,15.18949],[120.5666,15.17116],[120.56489,15.16884],[120.56358,15.16789],[120.55527,15.16372],[120.55313,15.16298],[120.54031,15.1621],[120.53591,15.16126],[120.5329,15.16023],[120.5291,15.15822],[120.52635,15.1561],[120.52336,15.15287],[120.52129,15.1497],[120.50661,15.11885],[120.50551,15.11611],[120.50482,15.11258],[120.50479,15.10944],[120.50514,15.10707],[120.51382,15.07932],[120.5147,15.07559],[120.51506,15.07084],[120.51493,15.06766],[120.51395,15.06263],[120.51258,15.05867],[120.50963,15.05331],[120.50621,15.04918],[120.48715,15.03275],[120.46859,15.01363],[120.4647,15.00772],[120.4601,14.99649],[120.45879,14.9915],[120.4584,14.9869],[120.46098,14.92884],[120.46117,14.91824],[120.46052,14.91297],[120.4546,14.87876],[120.4548,14.8649],[120.4546,14.86088],[120.45395,14.85799],[120.45203,14.85383],[120.44932,14.85049],[120.44512,14.84743],[120.44164,14.84602],[120.43618,14.84499],[120.41367,14.84303],[120.40619,14.84309],[120.39849,14.84462],[120.38523,14.8502],[120.38275,14.85054],[120.37722,14.85039],[120.37385,14.84994],[120.37129,14.84903],[120.36187,14.84401],[120.35285,14.84165]]}},{"type":"Feature","id":7,"properties":{"id":7,"name":"Subic-Tipo Expressway (SB)","way":"STipEX","island":"Luzon","region":"Region III","len":8802,"route":"","status":"Operational","project":"Implemented through PPP"},"geometry":{"type":"LineString","coordinates":[[120.35741,14.84515],[120.35726,14.84329],[120.35677,14.84264],[120.34921,14.84069],[120.34556,14.8378],[120.34501,14.83713],[120.34398,14.83386],[120.33951,14.82981],[120.33774,14.8262],[120.3367,14.82533],[120.32849,14.82478],[120.32208,14.82604],[120.32085,14.82575],[120.318,14.82344],[120.31664,14.82318],[120.31563,14.82363],[120.31164,14.82698],[120.31091,14.82797],[120.31015,14.83119],[120.30972,14.83172],[120.30759,14.833],[120.30688,14.8331],[120.30555,14.83241],[120.30367,14.83038],[120.30328,14.82955],[120.30324,14.82151],[120.30275,14.8209]]}},{"type":"Feature","id":8,"properties":{"id":8,"name":"Subic-Tipo Expressway (NB)","way":"STipEX","island":"Luzon","region":"Region III","len":8773,"route":"","status":"Operational","project":"Implemented through PPP"},"geometry":{"type":"LineString","coordinates":[[120.30286,14.82081],[120.30333,14.8214],[120.3035,14.82982],[120.30584,14.83247],[120.30679,14.83296],[120.30784,14.83272],[120.30966,14.83144],[120.31079,14.82796],[120.31146,14.82693],[120.31512,14.82377],[120.31645,14.82309],[120.31799,14.82325],[120.32176,14.82582],[120.32442,14.82558],[120.32864,14.82466],[120.3369,14.8253],[120.3378,14.82611],[120.33966,14.82978],[120.34418,14.83384],[120.34502,14.83676],[120.34572,14.8378],[120.3496,14.8407],[120.35682,14.84258],[120.35733,14.84325],[120.35768,14.8451]]}},{"type":"Feature","id":9,"properties":{"id":9,"name":"South Luzon Expressway (NB)","way":"SLEX","island":"Luzon","region":"Region IV-A","len":421,"route":"","status":"Operational","project":"Implemented through PPP"},"geometry":{"type":"LineString","coordinates":[[121.08948,14.28354],[121.08946,14.28471],[121.09079,14.28607],[121.09059,14.28679]]}},{"type":"Feature","id":10,"properties":{"id":10,"name":"Subic-Clark-Tarlac Expressway (SB)","way":"SCTEX","island":"Luzon","region":"Region III","len":2514,"route":"","status":"Operational","project":"Implemented through PPP"},"geometry":{"type":"LineString","coordinates":[[120.47065,14.84915],[120.45274,14.85646],[120.45201,14.85708],[120.45234,14.858],[120.45321,14.85798],[120.45356,14.85697]]}},{"type":"Feature","id":11,"properties":{"id":11,"name":"Subic-Clark-Tarlac Expressway (NB)","way":"SCTEX","island":"Luzon","region":"Region III","len":283,"route":"","status":"Operational","project":"Implemented through PPP"},"geometry":{"type":"LineString","coordinates":[[120.45255,14.85457],[120.45373,14.85549],[120.45485,14.85554]]}},{"type":"Feature","id":12,"properties":{"id":12,"name":"Subic-Clark-Tarlac Expressway (NB)","way":"SCTEX","island":"Luzon","region":"Region III","len":282,"route":"","status":"Operational","project":"Implemented through PPP"},"geometry":{"type":"LineString","coordinates":[[120.45492,14.85558],[120.45411,14.85645],[120.45399,14.85781]]}},{"type":"Feature","id":13,"properties":{"id":13,"name":"Subic-Clark-Tarlac Expressway (SB)","way":"SCTEX","island":"Luzon","region":"Region III","len":2578,"route":"","status":"Operational","project":"Implemented through PPP"},"geometry":{"type":"LineString","coordinates":[[120.45425,14.85902],[120.45376,14.85839],[120.45202,14.85781],[120.4519,14.85708],[120.45238,14.85654],[120.47065,14.84909]]}},{"type":"Feature","id":14,"properties":{"id":14,"name":"Noth Luzon Expressway (NB)","way":"NLEX","island":"Luzon","region":"Region III","len":374,"route":"","status":"Operational","project":"Implemented through PPP"},"geometry":{"type":"LineString","coordinates":[[120.58504,15.22398],[120.58477,15.22428],[120.585,15.22454],[120.58553,15.22421],[120.58638,15.22423],[120.58708,15.22324]]}},{"type":"Feature","id":15,"properties":{"id":15,"name":"SLEX Extension-Calamba (SB)","way":"SLEX Extension","island":"Luzon","region":"Region IV-A","len":61,"route":"","status":"Operational","project":""},"geometry":{"type":"LineString","coordinates":[[121.14023,14.19254],[121.14056,14.19209]]}},{"type":"Feature","id":16,"properties":{"id":16,"name":"SLEX Extension-Calamba (SB)","way":"SLEX Extension","island":"Luzon","region":"Region IV-A","len":240,"route":"","status":"Operational","project":""},"geometry":{"type":"LineString","coordinates":[[121.1412,14.19298],[121.14132,14.19234],[121.14099,14.19206],[121.14055,14.19228],[121.14068,14.19287]]}},{"type":"Feature","id":17,"properties":{"id":17,"name":"South Luzon Expressway (SB)","way":"SLEX","island":"Luzon","region":"Region IV-A","len":342,"route":"","status":"Operational","project":"Implemented through PPP"},"geometry":{"type":"LineString","coordinates":[[121.14037,14.19439],[121.14031,14.19322],[121.13913,14.1917]]}},{"type":"Feature","id":18,"properties":{"id":18,"name":"South Luzon Expressway (NB)","way":"SLEX","island":"Luzon","region":"Region IV-A","len":231,"route":"","status":"Operational","project":"Implemented through PPP"},"geometry":{"type":"LineString","coordinates":[[121.14248,14.19431],[121.14133,14.19395],[121.14051,14.19438]]}},{"type":"Feature","id":19,"properties":{"id":19,"name":"SLEX Extension-Calamba (NB)","way":"SLEX Extension","island":"Luzon","region":"Region IV-A","len":503,"route":"","status":"Operational","project":""},"geometry":{"type":"LineString","coordinates":[[121.13875,14.12495],[121.1401,14.12538],[121.14058,14.12595],[121.14005,14.12747],[121.1402,14.12826]]}},{"type":"Feature","id":20,"properties":{"id":20,"name":"SLEX Extension-Calamba (NB)","way":"SLEX Extension","island":"Luzon","region":"Region IV-A","len":489,"route":"","status":"Operational","project":""},"geometry":{"type":"LineString","coordinates":[[121.13876,14.1266],[121.13978,14.12697],[121.1403,14.12665],[121.14048,14.12604],[121.14019,14.12555],[121.13869,14.12502]]}},{"type":"Feature","id":21,"properties":{"id":21,"name":"STAR-Sto. Tomas (SB)","way":"STAR","island":"Luzon","region":"Region IV-A","len":766,"route":"","status":"Operational","project":""},"geometry":{"type":"LineString","coordinates":[[121.13784,14.12814],[121.13644,14.12781],[121.13586,14.12724],[121.136,14.1243],[121.13537,14.12266]]}},{"type":"Feature","id":22,"properties":{"id":22,"name":"STAR-Sto. Tomas (SB)","way":"STAR","island":"Luzon","region":"Region IV-A","len":776,"route":"","status":"Operational","project":""},"geometry":{"type":"LineString","coordinates":[[121.14853,14.04251],[121.14932,14.03942],[121.15136,14.03618]]}},{"type":"Feature","id":23,"properties":{"id":23,"name":"STAR-Sto. Tomas (NB)","way":"STAR","island":"Luzon","region":"Region IV-A","len":778,"route":"","status":"Operational","project":""},"geometry":{"type":"LineString","coordinates":[[121.15163,14.03628],[121.15068,14.03965],[121.1488,14.04264]]}},{"type":"Feature","id":24,"properties":{"id":24,"name":"STAR-Sto. Tomas (SB)","way":"STAR","island":"Luzon","region":"Region IV-A","len":532,"route":"","status":"Operational","project":""},"geometry":{"type":"LineString","coordinates":[[121.1326,14.08851],[121.1319,14.08647],[121.13183,14.08384]]}},{"type":"Feature","id":25,"properties":{"id":25,"name":"STAR-Sto. Tomas (SB)","way":"STAR","island":"Luzon","region":"Region IV-A","len":540,"route":"","status":"Operational","project":""},"geometry":{"type":"LineString","coordinates":[[121.13202,14.08372],[121.13303,14.08622],[121.13282,14.08838]]}},{"type":"Feature","id":26,"properties":{"id":26,"name":"STAR-Sto. Tomas (SB)","way":"STAR","island":"Luzon","region":"Region IV-A","len":483,"route":"","status":"Operational","project":""},"geometry":{"type":"LineString","coordinates":[[121.13647,13.94255],[121.13572,13.94071],[121.13653,13.93938],[121.13647,13.93856]]}},{"type":"Feature","id":27,"properties":{"id":27,"name":"STAR-Sto. Tomas (SB)","way":"STAR","island":"Luzon","region":"Region IV-A","len":436,"route":"","status":"Operational","project":""},"geometry":{"type":"LineString","coordinates":[[121.13755,13.94057],[121.13681,13.94008],[121.13598,13.94049],[121.13591,13.94113],[121.13655,13.9425]]}},{"type":"Feature","id":28,"properties":{"id":28,"name":"South Luzon Expressway (NB)","way":"SLEX","island":"Luzon","region":"Region IV-A","len":293,"route":"","status":"Operational","project":"Implemented through PPP"},"geometry":{"type":"LineString","coordinates":[[121.13115,14.21194],[121.13033,14.21289],[121.12894,14.21327]]}},{"type":"Feature","id":29,"properties":{"id":29,"name":"South Luzon Expressway (NB)","way":"SLEX","island":"Luzon","region":"Region IV-A","len":50,"route":"","status":"Operational","project":"Implemented through PPP"},"geometry":{"type":"LineString","coordinates":[[121.13056,14.21186],[121.13071,14.21229]]}},{"type":"Feature","id":30,"properties":{"id":30,"name":"South Luzon Expressway (NB)","way":"SLEX","island":"Luzon","region":"Region IV-A","len":252,"route":"","status":"Operational","project":"Implemented through PPP"},"geometry":{"type":"LineString","coordinates":[[121.12973,14.21197],[121.12972,14.21256],[121.13019,14.21281],[121.13052,14.21227],[121.13009,14.21195]]}},{"type":"Feature","id":31,"properties":{"id":31,"name":"South Luzon Expressway (NB)","way":"SLEX","island":"Luzon","region":"Region IV-A","len":40,"route":"","status":"Operational","project":"Implemented through PPP"},"geometry":{"type":"LineString","coordinates":[[121.13051,14.21222],[121.13056,14.21186]]}},{"type":"Feature","id":32,"properties":{"id":32,"name":"South Luzon Expressway (SB)","way":"SLEX","island":"Luzon","region":"Region IV-A","len":308,"route":"","status":"Operational","project":"Implemented through PPP"},"geometry":{"type":"LineString","coordinates":[[121.12816,14.21184],[121.12901,14.21093],[121.12991,14.21089],[121.13045,14.21048]]}},{"type":"Feature","id":33,"properties":{"id":33,"name":"South Luzon Expressway (NB)","way":"SLEX","island":"Luzon","region":"Region IV-A","len":29,"route":"","status":"Operational","project":"Implemented through PPP"},"geometry":{"type":"LineString","coordinates":[[121.12863,14.21185],[121.1286,14.21159]]}},{"type":"Feature","id":34,"properties":{"id":34,"name":"South Luzon Expressway (SB)","way":"SLEX","island":"Luzon","region":"Region IV-A","len":253,"route":"","status":"Operational","project":"Implemented through PPP"},"geometry":{"type":"LineString","coordinates":[[121.12964,14.21183],[121.12967,14.21123],[121.12922,14.21096],[121.12881,14.21142],[121.12921,14.21182]]}},{"type":"Feature","id":35,"properties":{"id":35,"name":"South Luzon Expressway (SB)","way":"SLEX","island":"Luzon","region":"Region IV-A","len":52,"route":"","status":"Operational","project":"Implemented through PPP"},"geometry":{"type":"LineString","coordinates":[[121.12881,14.21142],[121.12869,14.21187]]}},{"type":"Feature","id":36,"properties":{"id":36,"name":"South Luzon Expressway (SB)","way":"SLEX","island":"Luzon","region":"Region IV-A","len":81,"route":"","status":"Operational","project":"Implemented through PPP"},"geometry":{"type":"LineString","coordinates":[[121.05294,14.33327],[121.0531,14.33256]]}},{"type":"Feature","id":37,"properties":{"id":37,"name":"South Luzon Expressway (NB)","way":"SLEX","island":"Luzon","region":"Region IV-A","len":428,"route":"","status":"Operational","project":"Implemented through PPP"},"geometry":{"type":"LineString","coordinates":[[121.07982,14.30164],[121.07958,14.30269],[121.08071,14.30418],[121.08025,14.30499]]}},{"type":"Feature","id":38,"properties":{"id":38,"name":"South Luzon Expressway (NB)","way":"SLEX","island":"Luzon","region":"Region IV-A","len":371,"route":"","status":"Operational","project":"Implemented through PPP"},"geometry":{"type":"LineString","coordinates":[[121.08024,14.30496],[121.08061,14.30415],[121.07944,14.30285],[121.07871,14.303]]}},{"type":"Feature","id":39,"properties":{"id":39,"name":"South Luzon Expressway (NB)","way":"SLEX","island":"Luzon","region":"Region IV-A","len":365,"route":"","status":"Operational","project":"Implemented through PPP"},"geometry":{"type":"LineString","coordinates":[[121.09042,14.2868],[121.09063,14.28599],[121.08938,14.28496],[121.08857,14.2853]]}},{"type":"Feature","id":40,"properties":{"id":40,"name":"South Luzon Expressway (SB)","way":"SLEX","island":"Luzon","region":"Region IV-A","len":376,"route":"","status":"Operational","project":"Implemented through PPP"},"geometry":{"type":"LineString","coordinates":[[121.08772,14.28417],[121.08696,14.28606],[121.0875,14.28635],[121.0881,14.28587]]}},{"type":"Feature","id":41,"properties":{"id":41,"name":"NLEX-Mindanao Ave Link (EB)","way":"NLEX Harbor Link (Segment 8.1)","island":"Luzon","region":"NCR","len":2393,"route":"","status":"Operational","project":"TRB"},"geometry":{"type":"LineString","coordinates":[[121.00002,14.69339],[121.02227,14.69339]]}},{"type":"Feature","id":42,"properties":{"id":42,"name":"NLEX-Mindanao Ave Link (EB)","way":"NLEX Harbor Link (Segment 8.1)","island":"Luzon","region":"NCR","len":561,"route":"","status":"Operational","project":"TRB"},"geometry":{"type":"LineString","coordinates":[[121.00093,14.68948],[121.00113,14.69167],[121.0026,14.69301],[121.00348,14.69328]]}},{"type":"Feature","id":43,"properties":{"id":43,"name":"NLEX-Mindanao Ave Link (EB)","way":"NLEX Harbor Link (Segment 8.1)","island":"Luzon","region":"NCR","len":518,"route":"","status":"Operational","project":"TRB"},"geometry":{"type":"LineString","coordinates":[[121.00296,14.69359],[121.00016,14.69522],[120.99934,14.69649]]}},{"type":"Feature","id":44,"properties":{"id":44,"name":"NLEX-Mindanao Ave Link (EB)","way":"NLEX Harbor Link (Segment 8.1)","island":"Luzon","region":"NCR","len":303,"route":"","status":"Operational","project":"TRB"},"geometry":{"type":"LineString","coordinates":[[121.00032,14.69287],[121.00008,14.69226],[120.99939,14.69233],[120.99933,14.69299],[121.00003,14.69328]]}},{"type":"Feature","id":45,"properties":{"id":45,"name":"NLEX-Mindanao Ave Link (EB)","way":"NLEX Harbor Link (Segment 8.1)","island":"Luzon","region":"NCR","len":248,"route":"","status":"Operational","project":"TRB"},"geometry":{"type":"LineString","coordinates":[[121.00003,14.69359],[120.99912,14.69403],[120.99955,14.69448],[121.00002,14.69404]]}},{"type":"Feature","id":46,"properties":{"id":46,"name":"NLEX-Mindanao Ave Link (EB)","way":"NLEX Harbor Link (Segment 8.1)","island":"Luzon","region":"NCR","len":256,"route":"","status":"Operational","project":"TRB"},"geometry":{"type":"LineString","coordinates":[[121.00049,14.69381],[121.00062,14.69436],[121.00123,14.69438],[121.00127,14.69378],[121.00074,14.69359]]}},{"type":"Feature","id":47,"properties":{"id":47,"name":"NLEX-Mindanao Ave Link (NB)","way":"NLEX Harbor Link (Segment 8.1)","island":"Luzon","region":"NCR","len":282,"route":"","status":"Operational","project":"TRB"},"geometry":{"type":"LineString","coordinates":[[121.00101,14.69327],[121.00168,14.69308],[121.00174,14.69253],[121.00109,14.69232],[121.00072,14.69286]]}},{"type":"Feature","id":48,"properties":{"id":48,"name":"Noth Luzon Expressway (SB)","way":"NLEX","island":"Luzon","region":"NCR","len":460,"route":"","status":"Operational","project":"Implemented through PPP"},"geometry":{"type":"LineString","coordinates":[[120.99948,14.69564],[121.00065,14.69166]]}},{"type":"Feature","id":49,"properties":{"id":49,"name":"Noth Luzon Expressway (NB)","way":"NLEX","island":"Luzon","region":"NCR","len":499,"route":"","status":"Operational","project":"Implemented through PPP"},"geometry":{"type":"LineString","coordinates":[[121.00096,14.69109],[120.99992,14.69546]]}},{"type":"Feature","id":50,"properties":{"id":50,"name":"Noth Luzon Expressway (NB)","way":"NLEX","island":"Luzon","region":"NCR","len":634,"route":"","status":"Operational","project":"Implemented through PPP"},"geometry":{"type":"LineString","coordinates":[[120.99483,14.70488],[120.99329,14.70856],[120.99213,14.70988]]}},{"type":"Feature","id":51,"properties":{"id":51,"name":"Noth Luzon Expressway (NB)","way":"NLEX","island":"Luzon","region":"NCR","len":424,"route":"","status":"Operational","project":"Implemented through PPP"},"geometry":{"type":"LineString","coordinates":[[120.99193,14.70992],[120.99239,14.70827],[120.99371,14.7066]]}},{"type":"Feature","id":52,"properties":{"id":52,"name":"Noth Luzon Expressway (NB)","way":"NLEX","island":"Luzon","region":"Region III","len":184,"route":"","status":"Operational","project":"Implemented through PPP"},"geometry":{"type":"LineString","coordinates":[[120.97313,14.74765],[120.97197,14.74768],[120.97153,14.748]]}},{"type":"Feature","id":53,"properties":{"id":53,"name":"Noth Luzon Expressway (NB)","way":"NLEX","island":"Luzon","region":"Region III","len":173,"route":"","status":"Operational","project":"Implemented through PPP"},"geometry":{"type":"LineString","coordinates":[[120.97239,14.74649],[120.97232,14.74737],[120.97301,14.74728]]}},{"type":"Feature","id":54,"properties":{"id":54,"name":"Noth Luzon Expressway (NB)","way":"NLEX","island":"Luzon","region":"Region III","len":173,"route":"","status":"Operational","project":"Implemented through PPP"},"geometry":{"type":"LineString","coordinates":[[120.97247,14.74605],[120.97254,14.74518],[120.97189,14.74492]]}},{"type":"Feature","id":55,"properties":{"id":55,"name":"Noth Luzon Expressway (NB)","way":"NLEX","island":"Luzon","region":"Region III","len":289,"route":"","status":"Operational","project":"Implemented through PPP"},"geometry":{"type":"LineString","coordinates":[[120.97167,14.74463],[120.97294,14.74472],[120.97374,14.74359]]}},{"type":"Feature","id":56,"properties":{"id":56,"name":"Noth Luzon Expressway (NB)","way":"NLEX","island":"Luzon","region":"Region III","len":618,"route":"","status":"Operational","project":"Implemented through PPP"},"geometry":{"type":"LineString","coordinates":[[120.94174,14.80445],[120.94051,14.80573],[120.93993,14.8073],[120.9386,14.80901]]}},{"type":"Feature","id":57,"properties":{"id":57,"name":"Noth Luzon Expressway (SB)","way":"NLEX","island":"Luzon","region":"Region III","len":1379,"route":"","status":"Operational","project":"Implemented through PPP"},"geometry":{"type":"LineString","coordinates":[[120.9379,14.81006],[120.93906,14.80706],[120.94385,14.79911]]}},{"type":"Feature","id":58,"properties":{"id":58,"name":"Noth Luzon Expressway (WB)","way":"NLEX","island":"Luzon","region":"Region III","len":4695,"route":"","status":"Operational","project":"Implemented through PPP"},"geometry":{"type":"LineString","coordinates":[[120.90497,14.83224],[120.90264,14.83382],[120.90036,14.83325],[120.89004,14.83329],[120.86244,14.83869]]}},{"type":"Feature","id":59,"properties":{"id":59,"name":"Noth Luzon Expressway (EB)","way":"NLEX","island":"Luzon","region":"Region III","len":4642,"route":"","status":"Operational","project":"Implemented through PPP"},"geometry":{"type":"LineString","coordinates":[[120.86249,14.83855],[120.86729,14.83737],[120.88983,14.83315],[120.90099,14.83321],[120.90291,14.83289],[120.90491,14.83208]]}},{"type":"Feature","id":60,"properties":{"id":60,"name":"Noth Luzon Expressway (NB)","way":"NLEX","island":"Luzon","region":"Region III","len":493,"route":"","status":"Operational","project":"Implemented through PPP"},"geometry":{"type":"LineString","coordinates":[[120.86152,14.8607],[120.86022,14.86177],[120.85945,14.86445]]}},{"type":"Feature","id":61,"properties":{"id":61,"name":"Noth Luzon Expressway (NB)","way":"NLEX","island":"Luzon","region":"Region III","len":277,"route":"","status":"Operational","project":"Implemented through PPP"},"geometry":{"type":"LineString","coordinates":[[120.8593,14.86398],[120.85982,14.86266],[120.85948,14.86228],[120.85889,14.86239]]}},{"type":"Feature","id":62,"properties":{"id":62,"name":"Noth Luzon Expressway (NB)","way":"NLEX","island":"Luzon","region":"Region III","len":513,"route":"","status":"Operational","project":"Implemented through PPP"},"geometry":{"type":"LineString","coordinates":[[120.85637,14.86381],[120.85744,14.86277],[120.85757,14.86086],[120.85883,14.86065]]}},{"type":"Feature","id":63,"properties":{"id":63,"name":"Noth Luzon Expressway (NB)","way":"NLEX","island":"Luzon","region":"Region III","len":468,"route":"","status":"Operational","project":"Implemented through PPP"},"geometry":{"type":"LineString","coordinates":[[120.85888,14.86213],[120.85814,14.86243],[120.85767,14.86209],[120.85787,14.86068],[120.85849,14.86086],[120.85874,14.86164]]}},{"type":"Feature","id":64,"properties":{"id":64,"name":"Noth Luzon Expressway (NB)","way":"NLEX","island":"Luzon","region":"Region III","len":237,"route":"","status":"Operational","project":"Implemented through PPP"},"geometry":{"type":"LineString","coordinates":[[120.81528,14.91018],[120.81569,14.90809]]}},{"type":"Feature","id":65,"properties":{"id":65,"name":"Noth Luzon Expressway (NB)","way":"NLEX","island":"Luzon","region":"Region III","len":233,"route":"","status":"Operational","project":"Implemented through PPP"},"geometry":{"type":"LineString","coordinates":[[120.81886,14.90631],[120.81826,14.90832]]}},{"type":"Feature","id":66,"properties":{"id":66,"name":"Noth Luzon Expressway (NB)","way":"NLEX","island":"Luzon","region":"Region III","len":370,"route":"","status":"Operational","project":"Implemented through PPP"},"geometry":{"type":"LineString","coordinates":[[120.81781,14.90828],[120.81734,14.90919],[120.81621,14.90958],[120.81533,14.91035]]}},{"type":"Feature","id":67,"properties":{"id":67,"name":"Noth Luzon Expressway (NB)","way":"NLEX","island":"Luzon","region":"Region III","len":330,"route":"","status":"Operational","project":"Implemented through PPP"},"geometry":{"type":"LineString","coordinates":[[120.8163,14.90814],[120.81659,14.90744],[120.81787,14.90702],[120.81856,14.90641]]}},{"type":"Feature","id":68,"properties":{"id":68,"name":"Noth Luzon Expressway (NB)","way":"NLEX","island":"Luzon","region":"Region III","len":823,"route":"","status":"Operational","project":"Implemented through PPP"},"geometry":{"type":"LineString","coordinates":[[120.75205,14.98656],[120.75036,14.99059],[120.74844,14.99302]]}},{"type":"Feature","id":69,"properties":{"id":69,"name":"Noth Luzon Expressway (NB)","way":"NLEX","island":"Luzon","region":"Region III","len":724,"route":"","status":"Operational","project":"Implemented through PPP"},"geometry":{"type":"LineString","coordinates":[[120.74793,14.99353],[120.7495,14.98993],[120.75112,14.98785]]}},{"type":"Feature","id":70,"properties":{"id":70,"name":"Noth Luzon Expressway (NB)","way":"NLEX","island":"Luzon","region":"Region III","len":485,"route":"","status":"Operational","project":"Implemented through PPP"},"geometry":{"type":"LineString","coordinates":[[120.69463,15.04997],[120.69406,15.05103],[120.69422,15.05152],[120.69464,15.0517],[120.69594,15.05108],[120.69592,15.05027]]}},{"type":"Feature","id":71,"properties":{"id":71,"name":"Noth Luzon Expressway (SB)","way":"NLEX","island":"Luzon","region":"Region III","len":60,"route":"","status":"Operational","project":"Implemented through PPP"},"geometry":{"type":"LineString","coordinates":[[120.69402,15.04836],[120.69458,15.04838]]}},{"type":"Feature","id":72,"properties":{"id":72,"name":"Noth Luzon Expressway (SB)","way":"NLEX","island":"Luzon","region":"Region III","len":780,"route":"","status":"Operational","project":"Implemented through PPP"},"geometry":{"type":"LineString","coordinates":[[120.69237,15.05231],[120.69344,15.05087],[120.69401,15.04897],[120.69458,15.04838],[120.69684,15.04726]]}},{"type":"Feature","id":73,"properties":{"id":73,"name":"Noth Luzon Expressway (NB)","way":"NLEX","island":"Luzon","region":"Region III","len":109,"route":"","status":"Operational","project":"Implemented through PPP"},"geometry":{"type":"LineString","coordinates":[[120.69702,15.05104],[120.69602,15.05121]]}},{"type":"Feature","id":74,"properties":{"id":74,"name":"Noth Luzon Expressway (NB)","way":"NLEX","island":"Luzon","region":"Region III","len":521,"route":"","status":"Operational","project":"Implemented through PPP"},"geometry":{"type":"LineString","coordinates":[[120.69644,15.05068],[120.6952,15.05169],[120.69352,15.05176],[120.69231,15.05269]]}},{"type":"Feature","id":75,"properties":{"id":75,"name":"Noth Luzon Expressway (NB)","way":"NLEX","island":"Luzon","region":"Region III","len":47,"route":"","status":"Operational","project":"Implemented through PPP"},"geometry":{"type":"LineString","coordinates":[[120.69606,15.05093],[120.69635,15.05061]]}},{"type":"Feature","id":76,"properties":{"id":76,"name":"Noth Luzon Expressway (NB)","way":"NLEX","island":"Luzon","region":"Region III","len":1121,"route":"","status":"Operational","project":"Implemented through PPP"},"geometry":{"type":"LineString","coordinates":[[120.66149,15.10819],[120.66249,15.10647],[120.66238,15.10499],[120.66307,15.10498],[120.66435,15.10607],[120.66432,15.10668],[120.66205,15.10966]]}},{"type":"Feature","id":77,"properties":{"id":77,"name":"Noth Luzon Expressway (NB)","way":"NLEX","island":"Luzon","region":"Region III","len":16,"route":"","status":"Operational","project":"Implemented through PPP"},"geometry":{"type":"LineString","coordinates":[[120.66212,15.10946],[120.662,15.10955]]}},{"type":"Feature","id":78,"properties":{"id":78,"name":"Noth Luzon Expressway (NB)","way":"NLEX","island":"Luzon","region":"Region III","len":644,"route":"","status":"Operational","project":"Implemented through PPP"},"geometry":{"type":"LineString","coordinates":[[120.66196,15.10949],[120.6642,15.10663],[120.66417,15.10617],[120.66367,15.10586],[120.66275,15.10662]]}},{"type":"Feature","id":79,"properties":{"id":79,"name":"Noth Luzon Expressway (NB)","way":"NLEX","island":"Luzon","region":"Region III","len":19,"route":"","status":"Operational","project":"Implemented through PPP"},"geometry":{"type":"LineString","coordinates":[[120.6619,15.10932],[120.66208,15.10934]]}},{"type":"Feature","id":80,"properties":{"id":80,"name":"Noth Luzon Expressway (NB)","way":"NLEX","island":"Luzon","region":"Region III","len":545,"route":"","status":"Operational","project":"Implemented through PPP"},"geometry":{"type":"LineString","coordinates":[[120.66394,15.10705],[120.66431,15.10652],[120.66412,15.10573],[120.66284,15.10492],[120.66238,15.10504],[120.66229,15.10547],[120.66273,15.10578],[120.66322,15.1055]]}},{"type":"Feature","id":81,"properties":{"id":81,"name":"Noth Luzon Expressway (NB)","way":"NLEX","island":"Luzon","region":"Region III","len":257,"route":"","status":"Operational","project":"Implemented through PPP"},"geometry":{"type":"LineString","coordinates":[[120.66435,15.10399],[120.66439,15.1063]]}},{"type":"Feature","id":82,"properties":{"id":82,"name":"Noth Luzon Expressway (NB)","way":"NLEX","island":"Luzon","region":"Region III","len":819,"route":"","status":"Operational","project":"Implemented through PPP"},"geometry":{"type":"LineString","coordinates":[[120.6146,15.16156],[120.61429,15.16233],[120.61453,15.16345],[120.61394,15.16376],[120.60982,15.16117]]}},{"type":"Feature","id":83,"properties":{"id":83,"name":"Noth Luzon Expressway (NB)","way":"NLEX","island":"Luzon","region":"Region III","len":383,"route":"","status":"Operational","project":"Implemented through PPP"},"geometry":{"type":"LineString","coordinates":[[120.61171,15.16552],[120.61259,15.16378],[120.61243,15.16306],[120.61188,15.1625]]}},{"type":"Feature","id":84,"properties":{"id":84,"name":"Noth Luzon Expressway (NB)","way":"NLEX","island":"Luzon","region":"Region III","len":596,"route":"","status":"Operational","project":"Implemented through PPP"},"geometry":{"type":"LineString","coordinates":[[120.60984,15.1611],[120.61259,15.16271],[120.61357,15.16247],[120.61441,15.16148]]}},{"type":"Feature","id":85,"properties":{"id":85,"name":"Noth Luzon Expressway (NB)","way":"NLEX","island":"Luzon","region":"Region III","len":556,"route":"","status":"Operational","project":"Implemented through PPP"},"geometry":{"type":"LineString","coordinates":[[120.61207,15.16255],[120.61403,15.16372],[120.61444,15.16353],[120.61445,15.16308],[120.61384,15.16291],[120.61302,15.16391]]}},{"type":"Feature","id":86,"properties":{"id":86,"name":"Noth Luzon Expressway (NB)","way":"NLEX","island":"Luzon","region":"Region III","len":387,"route":"","status":"Operational","project":"Implemented through PPP"},"geometry":{"type":"LineString","coordinates":[[120.60292,15.18154],[120.60351,15.17977],[120.60183,15.17988]]}},{"type":"Feature","id":87,"properties":{"id":87,"name":"Noth Luzon Expressway (NB)","way":"NLEX","island":"Luzon","region":"Region III","len":760,"route":"","status":"Operational","project":"Implemented through PPP"},"geometry":{"type":"LineString","coordinates":[[120.60236,15.17974],[120.60513,15.17916],[120.60562,15.17854],[120.6054,15.17798],[120.60498,15.17809],[120.60382,15.1801]]}},{"type":"Feature","id":88,"properties":{"id":88,"name":"Noth Luzon Expressway (NB)","way":"NLEX","island":"Luzon","region":"Region III","len":502,"route":"","status":"Operational","project":"Implemented through PPP"},"geometry":{"type":"LineString","coordinates":[[120.60236,15.17973],[120.60406,15.17888],[120.60536,15.17653]]}},{"type":"Feature","id":89,"properties":{"id":89,"name":"Noth Luzon Expressway (NB)","way":"NLEX","island":"Luzon","region":"Region III","len":773,"route":"","status":"Operational","project":"Implemented through PPP"},"geometry":{"type":"LineString","coordinates":[[120.60621,15.17532],[120.60561,15.17669],[120.60578,15.17806],[120.60546,15.17902],[120.60237,15.17976]]}},{"type":"Feature","id":90,"properties":{"id":90,"name":"NLEX-SCTEX Link (WB)","way":"NLEX-SCTEX Link","island":"Luzon","region":"Region III","len":3302,"route":"","status":"Operational","project":""},"geometry":{"type":"LineString","coordinates":[[120.59769,15.19526],[120.5977,15.19631],[120.59834,15.1973],[120.59817,15.19782],[120.59762,15.1981],[120.5949,15.1976],[120.58986,15.19733],[120.58236,15.1977],[120.57498,15.19743],[120.5742,15.1977],[120.57388,15.19823],[120.57411,15.199],[120.57471,15.19922],[120.57545,15.19884],[120.5757,15.19811]]}},{"type":"Feature","id":91,"properties":{"id":91,"name":"NLEX-SCTEX Link (EB)","way":"NLEX-SCTEX Link","island":"Luzon","region":"Region III","len":2128,"route":"","status":"Operational","project":""},"geometry":{"type":"LineString","coordinates":[[120.57729,15.19739],[120.5832,15.19758],[120.59122,15.19715],[120.59588,15.19753],[120.59692,15.19694]]}},{"type":"Feature","id":92,"properties":{"id":92,"name":"NLEX-SCTEX Link (EB)","way":"NLEX-SCTEX Link","island":"Luzon","region":"Region III","len":407,"route":"","status":"Operational","project":""},"geometry":{"type":"LineString","coordinates":[[120.59399,15.19743],[120.59772,15.19808]]}},{"type":"Feature","id":93,"properties":{"id":93,"name":"NLEX-SCTEX Link (EB)","way":"NLEX-SCTEX Link","island":"Luzon","region":"Region III","len":1006,"route":"","status":"Operational","project":""},"geometry":{"type":"LineString","coordinates":[[120.57564,15.20272],[120.57563,15.20008],[120.57406,15.19905],[120.57385,15.19802],[120.57495,15.19733],[120.57729,15.19739]]}},{"type":"Feature","id":94,"properties":{"id":94,"name":"NLEX-SCTEX Link (WB)","way":"NLEX-SCTEX Link","island":"Luzon","region":"Region III","len":847,"route":"","status":"Operational","project":""},"geometry":{"type":"LineString","coordinates":[[120.58172,15.19889],[120.58174,15.19817],[120.58142,15.19792],[120.5771,15.19753],[120.5761,15.19823],[120.57587,15.19933]]}},{"type":"Feature","id":95,"properties":{"id":95,"name":"NLEX-SCTEX Link (EB)","way":"NLEX-SCTEX Link","island":"Luzon","region":"Region III","len":459,"route":"","status":"Operational","project":""},"geometry":{"type":"LineString","coordinates":[[120.58235,15.19699],[120.58333,15.19739],[120.58654,15.19733]]}},{"type":"Feature","id":96,"properties":{"id":96,"name":"NLEX-SCTEX Link (WB)","way":"NLEX-SCTEX Link","island":"Luzon","region":"Region III","len":522,"route":"","status":"Operational","project":""},"geometry":{"type":"LineString","coordinates":[[120.58664,15.19743],[120.58235,15.198],[120.58192,15.1983]]}},{"type":"Feature","id":97,"properties":{"id":97,"name":"Subic-Clark-Tarlac Expressway (NB)","way":"SCTEX","island":"Luzon","region":"Region III","len":416,"route":"","status":"Operational","project":"Implemented through PPP"},"geometry":{"type":"LineString","coordinates":[[120.66615,15.43422],[120.6668,15.4351],[120.66758,15.43516],[120.66801,15.43446],[120.66758,15.43345]]}},{"type":"Feature","id":98,"properties":{"id":98,"name":"Subic-Clark-Tarlac Expressway (NB)","way":"SCTEX","island":"Luzon","region":"Region III","len":310,"route":"","status":"Operational","project":"Implemented through PPP"},"geometry":{"type":"LineString","coordinates":[[120.66481,15.43426],[120.66532,15.43305],[120.6651,15.43158]]}},{"type":"Feature","id":99,"properties":{"id":99,"name":"Subic-Clark-Tarlac Expressway (NB)","way":"SCTEX","island":"Luzon","region":"Region III","len":1476,"route":"","status":"Operational","project":"Implemented through PPP"},"geometry":{"type":"LineString","coordinates":[[120.63158,15.3172],[120.62676,15.31682],[120.62368,15.31861],[120.62276,15.31876],[120.62212,15.31796],[120.62256,15.31596],[120.62225,15.31481]]}},{"type":"Feature","id":100,"properties":{"id":100,"name":"Subic-Clark-Tarlac Expressway (NB)","way":"SCTEX","island":"Luzon","region":"Region III","len":1405,"route":"","status":"Operational","project":"Implemented through PPP"},"geometry":{"type":"LineString","coordinates":[[120.6316,15.31712],[120.62668,15.31674],[120.62304,15.31871],[120.62223,15.31803],[120.62234,15.31743],[120.62302,15.31707],[120.62362,15.31723],[120.62421,15.31787]]}},{"type":"Feature","id":101,"properties":{"id":101,"name":"Subic-Clark-Tarlac Expressway (NB)","way":"SCTEX","island":"Luzon","region":"Region III","len":323,"route":"","status":"Operational","project":"Implemented through PPP"},"geometry":{"type":"LineString","coordinates":[[120.62326,15.3162],[120.62452,15.31729],[120.62583,15.31714]]}},{"type":"Feature","id":102,"properties":{"id":102,"name":"Subic-Clark-Tarlac Expressway (NB)","way":"SCTEX","island":"Luzon","region":"Region III","len":312,"route":"","status":"Operational","project":"Implemented through PPP"},"geometry":{"type":"LineString","coordinates":[[120.62589,15.31731],[120.62524,15.31832],[120.62566,15.31989]]}},{"type":"Feature","id":103,"properties":{"id":103,"name":"Subic-Clark-Tarlac Expressway (NB)","way":"SCTEX","island":"Luzon","region":"Region III","len":1134,"route":"","status":"Operational","project":"Implemented through PPP"},"geometry":{"type":"LineString","coordinates":[[120.56908,15.2382],[120.56984,15.23918],[120.57476,15.24096],[120.57637,15.24332],[120.57725,15.24398]]}},{"type":"Feature","id":104,"properties":{"id":104,"name":"Subic-Clark-Tarlac Expressway (NB)","way":"SCTEX","island":"Luzon","region":"Region III","len":1003,"route":"","status":"Operational","project":"Implemented through PPP"},"geometry":{"type":"LineString","coordinates":[[120.57299,15.24247],[120.57422,15.24256],[120.57464,15.24223],[120.57477,15.24152],[120.57418,15.24094],[120.56976,15.23927],[120.56907,15.23931],[120.56872,15.23971]]}},{"type":"Feature","id":105,"properties":{"id":105,"name":"Subic-Clark-Tarlac Expressway (NB)","way":"SCTEX","island":"Luzon","region":"Region III","len":102,"route":"","status":"Operational","project":"Implemented through PPP"},"geometry":{"type":"LineString","coordinates":[[120.5697,15.23925],[120.56896,15.23867]]}},{"type":"Feature","id":106,"properties":{"id":106,"name":"Subic-Clark-Tarlac Expressway (NB)","way":"SCTEX","island":"Luzon","region":"Region III","len":1252,"route":"","status":"Operational","project":"Implemented through PPP"},"geometry":{"type":"LineString","coordinates":[[120.56109,15.22881],[120.56325,15.231],[120.56755,15.23356],[120.56774,15.23422],[120.56738,15.23687]]}},{"type":"Feature","id":107,"properties":{"id":107,"name":"Subic-Clark-Tarlac Expressway (SB)","way":"SCTEX","island":"Luzon","region":"Region III","len":966,"route":"","status":"Operational","project":"Implemented through PPP"},"geometry":{"type":"LineString","coordinates":[[120.56711,15.23513],[120.56648,15.23377],[120.56368,15.23159],[120.56098,15.22892]]}},{"type":"Feature","id":108,"properties":{"id":108,"name":"Subic-Clark-Tarlac Expressway (SB)","way":"SCTEX","island":"Luzon","region":"Region III","len":477,"route":"","status":"Operational","project":"Implemented through PPP"},"geometry":{"type":"LineString","coordinates":[[120.56471,15.23201],[120.56565,15.23226],[120.56693,15.23197],[120.56825,15.23032]]}},{"type":"Feature","id":109,"properties":{"id":109,"name":"Subic-Clark-Tarlac Expressway (SB)","way":"SCTEX","island":"Luzon","region":"Region III","len":824,"route":"","status":"Operational","project":"Implemented through PPP"},"geometry":{"type":"LineString","coordinates":[[120.56878,15.22886],[120.56803,15.23243],[120.56743,15.23264],[120.56422,15.23206]]}},{"type":"Feature","id":110,"properties":{"id":110,"name":"Subic-Clark-Tarlac Expressway (SB)","way":"SCTEX","island":"Luzon","region":"Region III","len":534,"route":"","status":"Operational","project":"Implemented through PPP"},"geometry":{"type":"LineString","coordinates":[[120.56995,15.18345],[120.56909,15.18114],[120.5695,15.17883]]}},{"type":"Feature","id":111,"properties":{"id":111,"name":"Subic-Clark-Tarlac Expressway (NB)","way":"SCTEX","island":"Luzon","region":"Region III","len":541,"route":"","status":"Operational","project":"Implemented through PPP"},"geometry":{"type":"LineString","coordinates":[[120.56958,15.17872],[120.57143,15.17997],[120.57245,15.18247]]}},{"type":"Feature","id":112,"properties":{"id":112,"name":"Subic-Clark-Tarlac Expressway (NB)","way":"SCTEX","island":"Luzon","region":"Region III","len":610,"route":"","status":"Operational","project":"Implemented through PPP"},"geometry":{"type":"LineString","coordinates":[[120.57239,15.18249],[120.5711,15.17981],[120.5706,15.17985],[120.57033,15.18023],[120.57081,15.18175]]}},{"type":"Feature","id":113,"properties":{"id":113,"name":"Subic-Clark-Tarlac Expressway (SB)","way":"SCTEX","island":"Luzon","region":"Region III","len":519,"route":"","status":"Operational","project":"Implemented through PPP"},"geometry":{"type":"LineString","coordinates":[[120.57065,15.18172],[120.57,15.18063],[120.56922,15.18091],[120.57003,15.1834]]}},{"type":"Feature","id":114,"properties":{"id":114,"name":"Subic-Clark-Tarlac Expressway (NB)","way":"SCTEX","island":"Luzon","region":"Region III","len":1396,"route":"","status":"Operational","project":"Implemented through PPP"},"geometry":{"type":"LineString","coordinates":[[120.5102,15.12649],[120.50954,15.12573],[120.5083,15.1254],[120.50804,15.12468],[120.50853,15.12417],[120.51343,15.12175],[120.51374,15.12028],[120.51305,15.11834]]}},{"type":"Feature","id":115,"properties":{"id":115,"name":"Subic-Clark-Tarlac Expressway (NB)","way":"SCTEX","island":"Luzon","region":"Region III","len":1041,"route":"","status":"Operational","project":"Implemented through PPP"},"geometry":{"type":"LineString","coordinates":[[120.51312,15.1183],[120.5138,15.1202],[120.51374,15.12139],[120.51312,15.12216],[120.50995,15.12374],[120.5096,15.12444],[120.50977,15.12539]]}},{"type":"Feature","id":116,"properties":{"id":116,"name":"Subic-Clark-Tarlac Expressway (NB)","way":"SCTEX","island":"Luzon","region":"Region III","len":538,"route":"","status":"Operational","project":"Implemented through PPP"},"geometry":{"type":"LineString","coordinates":[[120.51047,15.12338],[120.50821,15.1245],[120.5081,15.12505],[120.50867,15.12548],[120.50916,15.12527],[120.50932,15.12468]]}},{"type":"Feature","id":117,"properties":{"id":117,"name":"Subic-Clark-Tarlac Expressway (NB)","way":"SCTEX","island":"Luzon","region":"Region III","len":208,"route":"","status":"Operational","project":"Implemented through PPP"},"geometry":{"type":"LineString","coordinates":[[120.50863,15.12294],[120.5094,15.12343],[120.51041,15.12331]]}},{"type":"Feature","id":118,"properties":{"id":118,"name":"Subic-Clark-Tarlac Expressway (NB)","way":"SCTEX","island":"Luzon","region":"Region III","len":900,"route":"","status":"Operational","project":"Implemented through PPP"},"geometry":{"type":"LineString","coordinates":[[120.4723,15.01739],[120.47361,15.01831],[120.47419,15.01807],[120.47456,15.01742],[120.47462,15.01664],[120.47346,15.0139],[120.47358,15.01313],[120.47403,15.01264]]}},{"type":"Feature","id":119,"properties":{"id":119,"name":"Subic-Clark-Tarlac Expressway (SB)","way":"SCTEX","island":"Luzon","region":"Region III","len":1315,"route":"","status":"Operational","project":"Implemented through PPP"},"geometry":{"type":"LineString","coordinates":[[120.47407,15.01271],[120.47363,15.0132],[120.47353,15.01397],[120.47477,15.01703],[120.4738,15.01944],[120.47323,15.01996],[120.47256,15.01973],[120.47274,15.01827],[120.47175,15.01697]]}},{"type":"Feature","id":120,"properties":{"id":120,"name":"Subic-Clark-Tarlac Expressway (SB)","way":"SCTEX","island":"Luzon","region":"Region III","len":571,"route":"","status":"Operational","project":"Implemented through PPP"},"geometry":{"type":"LineString","coordinates":[[120.47379,15.01911],[120.473,15.0188],[120.47257,15.01911],[120.47273,15.01976],[120.47348,15.01978],[120.47448,15.01758]]}},{"type":"Feature","id":121,"properties":{"id":121,"name":"Subic-Clark-Tarlac Expressway (NB)","way":"SCTEX","island":"Luzon","region":"Region III","len":246,"route":"","status":"Operational","project":"Implemented through PPP"},"geometry":{"type":"LineString","coordinates":[[120.47444,15.018],[120.47429,15.01908],[120.47483,15.02007]]}},{"type":"Feature","id":122,"properties":{"id":122,"name":"Noth Luzon Expressway (NB)","way":"NLEX","island":"Luzon","region":"Region III","len":262,"route":"","status":"Operational","project":"Implemented through PPP"},"geometry":{"type":"LineString","coordinates":[[120.95666,14.77567],[120.95668,14.77643],[120.95831,14.77667]]}},{"type":"Feature","id":123,"properties":{"id":123,"name":"Noth Luzon Expressway (NB)","way":"NLEX","island":"Luzon","region":"Region III","len":289,"route":"","status":"Operational","project":"Implemented through PPP"},"geometry":{"type":"LineString","coordinates":[[120.95831,14.77675],[120.95645,14.77655],[120.95589,14.77712]]}},{"type":"Feature","id":124,"properties":{"id":124,"name":"Noth Luzon Expressway (NB)","way":"NLEX","island":"Luzon","region":"Region III","len":754,"route":"","status":"Operational","project":"Implemented through PPP"},"geometry":{"type":"LineString","coordinates":[[120.95739,14.77121],[120.95701,14.77134],[120.95569,14.77319],[120.95556,14.77393],[120.956,14.77441],[120.95666,14.77442],[120.95804,14.77278]]}},{"type":"Feature","id":125,"properties":{"id":125,"name":"Noth Luzon Expressway (NB)","way":"NLEX","island":"Luzon","region":"Region III","len":694,"route":"","status":"Operational","project":"Implemented through PPP"},"geometry":{"type":"LineString","coordinates":[[120.95598,14.77656],[120.9563,14.77526],[120.95551,14.77395],[120.95554,14.7733],[120.9571,14.77102]]}},{"type":"Feature","id":126,"properties":{"id":126,"name":"South Luzon Expressway (NB)","way":"SLEX","island":"Luzon","region":"NCR","len":429,"route":"","status":"Operational","project":"Implemented through PPP"},"geometry":{"type":"LineString","coordinates":[[121.04522,14.45574],[121.04481,14.4539],[121.04524,14.45197]]}},{"type":"Feature","id":127,"properties":{"id":127,"name":"South Luzon Expressway (NB)","way":"SLEX","island":"Luzon","region":"NCR","len":338,"route":"","status":"Operational","project":"Implemented through PPP"},"geometry":{"type":"LineString","coordinates":[[121.0454,14.45232],[121.04579,14.45356],[121.04538,14.45526]]}},{"type":"Feature","id":128,"properties":{"id":128,"name":"South Luzon Expressway (NB)","way":"SLEX","island":"Luzon","region":"Region IV-A","len":273,"route":"","status":"Operational","project":"Implemented through PPP"},"geometry":{"type":"LineString","coordinates":[[121.11318,14.23895],[121.11304,14.2414]]}},{"type":"Feature","id":129,"properties":{"id":129,"name":"South Luzon Expressway (NB)","way":"SLEX","island":"Luzon","region":"Region IV-A","len":285,"route":"","status":"Operational","project":"Implemented through PPP"},"geometry":{"type":"LineString","coordinates":[[121.11019,14.24347],[121.11048,14.24092]]}},{"type":"Feature","id":130,"properties":{"id":130,"name":"South Luzon Expressway (NB)","way":"SLEX","island":"Luzon","region":"Region IV-A","len":225,"route":"","status":"Operational","project":"Implemented through PPP"},"geometry":{"type":"LineString","coordinates":[[121.11061,14.24095],[121.11035,14.24205],[121.11073,14.24224],[121.11112,14.24194]]}},{"type":"Feature","id":131,"properties":{"id":131,"name":"South Luzon Expressway (NB)","way":"SLEX","island":"Luzon","region":"Region IV-A","len":230,"route":"","status":"Operational","project":"Implemented through PPP"},"geometry":{"type":"LineString","coordinates":[[121.11289,14.24136],[121.11309,14.24025],[121.1128,14.24003],[121.1123,14.24036]]}},{"type":"Feature","id":132,"properties":{"id":132,"name":"South Luzon Expressway (SB)","way":"SLEX","island":"Luzon","region":"Region IV-A","len":233,"route":"","status":"Operational","project":"Implemented through PPP"},"geometry":{"type":"LineString","coordinates":[[121.11767,14.23132],[121.11743,14.22924]]}},{"type":"Feature","id":133,"properties":{"id":133,"name":"South Luzon Expressway (NB)","way":"SLEX","island":"Luzon","region":"Region IV-A","len":193,"route":"","status":"Operational","project":"Implemented through PPP"},"geometry":{"type":"LineString","coordinates":[[121.11757,14.22928],[121.11773,14.23043],[121.1183,14.23026]]}},{"type":"Feature","id":134,"properties":{"id":134,"name":"South Luzon Expressway (NB)","way":"SLEX","island":"Luzon","region":"Region IV-A","len":237,"route":"","status":"Operational","project":"Implemented through PPP"},"geometry":{"type":"LineString","coordinates":[[121.11965,14.2303],[121.11997,14.22972],[121.11963,14.22931],[121.11877,14.22977]]}},{"type":"Feature","id":135,"properties":{"id":135,"name":"South Luzon Expressway (NB)","way":"SLEX","island":"Luzon","region":"Region IV-A","len":250,"route":"","status":"Operational","project":"Implemented through PPP"},"geometry":{"type":"LineString","coordinates":[[121.11966,14.22835],[121.11957,14.22901],[121.12009,14.22966],[121.11976,14.23035]]}},{"type":"Feature","id":136,"properties":{"id":136,"name":"Noth Luzon Expressway (NB)","way":"NLEX","island":"Luzon","region":"Region III","len":28,"route":"","status":"Operational","project":"Implemented through PPP"},"geometry":{"type":"LineString","coordinates":[[120.85956,14.86394],[120.85934,14.86408]]}},{"type":"Feature","id":137,"properties":{"id":137,"name":"Noth Luzon Expressway (SB)","way":"NLEX","island":"Luzon","region":"Region III","len":1682,"route":"","status":"Operational","project":"Implemented through PPP"},"geometry":{"type":"LineString","coordinates":[[120.89733,14.84517],[120.89977,14.83964],[120.89965,14.83862],[120.89835,14.83667],[120.8978,14.83473],[120.89827,14.83451],[120.89928,14.83487],[120.90137,14.83397]]}},{"type":"Feature","id":138,"properties":{"id":138,"name":"Noth Luzon Expressway (NB)","way":"NLEX","island":"Luzon","region":"Region III","len":1461,"route":"","status":"Operational","project":"Implemented through PPP"},"geometry":{"type":"LineString","coordinates":[[120.90139,14.83415],[120.89864,14.83611],[120.89983,14.83876],[120.89986,14.84015],[120.89761,14.84526]]}},{"type":"Feature","id":139,"properties":{"id":139,"name":"Noth Luzon Expressway (NB)","way":"NLEX","island":"Luzon","region":"Region III","len":47,"route":"","status":"Operational","project":"Implemented through PPP"},"geometry":{"type":"LineString","coordinates":[[120.97184,14.74486],[120.97224,14.74504]]}},{"type":"Feature","id":140,"properties":{"id":140,"name":"NLEX-McArthur Highway Link (WB)","way":"NLEX Harbor Link (Segment 9)","island":"Luzon","region":"NCR","len":3148,"route":"","status":"Operational","project":"TRB"},"geometry":{"type":"LineString","coordinates":[[121.00002,14.69349],[120.99434,14.69357],[120.98865,14.69297],[120.98392,14.69341],[120.97936,14.69436],[120.97393,14.69346],[120.97149,14.69187]]}},{"type":"Feature","id":141,"properties":{"id":141,"name":"NLEX-McArthur Highway Link (EB)","way":"NLEX Harbor Link (Segment 9)","island":"Luzon","region":"NCR","len":3136,"route":"","status":"Operational","project":"TRB"},"geometry":{"type":"LineString","coordinates":[[120.97162,14.69182],[120.97266,14.69272],[120.97421,14.69342],[120.97905,14.69423],[120.98042,14.6942],[120.98444,14.69323],[120.98891,14.69289],[120.99435,14.69346],[121.00002,14.69339]]}},{"type":"Feature","id":142,"properties":{"id":142,"name":"STAR-Sto. Tomas (NB)","way":"STAR","island":"Luzon","region":"Region IV-A","len":746,"route":"","status":"Operational","project":""},"geometry":{"type":"LineString","coordinates":[[121.12111,13.8364],[121.12151,13.83986],[121.12119,13.84307]]}},{"type":"Feature","id":143,"properties":{"id":143,"name":"STAR-Sto. Tomas (SB)","way":"STAR","island":"Luzon","region":"Region IV-A","len":734,"route":"","status":"Operational","project":""},"geometry":{"type":"LineString","coordinates":[[121.12098,13.84306],[121.12063,13.83942],[121.1209,13.83649]]}},{"type":"Feature","id":144,"properties":{"id":144,"name":"SLEX Extension-Calamba (NB)","way":"SLEX Extension","island":"Luzon","region":"Region IV-A","len":7849,"route":"","status":"Operational","project":""},"geometry":{"type":"LineString","coordinates":[[121.13831,14.12609],[121.14475,14.13376],[121.14623,14.13687],[121.14706,14.14094],[121.147,14.14359],[121.14384,14.15896],[121.1437,14.166],[121.14285,14.17121],[121.14316,14.17544],[121.14266,14.18397],[121.14287,14.18923],[121.1423,14.1914],[121.14118,14.19331]]}},{"type":"Feature","id":145,"properties":{"id":145,"name":"CAVITEX-Parañaque (SB)","way":"CAVITEX","island":"Luzon","region":"NCR","len":5457,"route":"","status":"Operational","project":""},"geometry":{"type":"LineString","coordinates":[[120.99314,14.51744],[120.99229,14.51155],[120.98968,14.5016],[120.98734,14.49458],[120.98497,14.49113],[120.98228,14.48854],[120.97775,14.48178],[120.97334,14.47778],[120.97024,14.47552]]}},{"type":"Feature","id":146,"properties":{"id":146,"name":"Noth Luzon Expressway (NB)","way":"North Luzon Expressway","island":"Luzon","region":"NCR","len":8599,"route":"","status":"Operational","project":"Implemented through PPP"},"geometry":{"type":"LineString","coordinates":[[120.98113,14.73027],[120.99896,14.69726],[121.00031,14.6941],[121.00093,14.68954],[121.00024,14.65748]]}},{"type":"Feature","id":147,"properties":{"id":147,"name":"Noth Luzon Expressway (NB)","way":"NLEX","island":"Luzon","region":"NCR","len":8590,"route":"","status":"Operational","project":"Implemented through PPP"},"geometry":{"type":"LineString","coordinates":[[121.00015,14.65746],[121.00044,14.67523],[120.99985,14.67877],[121.00057,14.68171],[121.00079,14.68966],[121.00018,14.69404],[120.99898,14.69688],[120.98106,14.73006]]}},{"type":"Feature","id":148,"properties":{"id":148,"name":"TPLEX-Tarlac City exit (SB)","way":"TPLEX","island":"Luzon","region":"Region III","len":521,"route":"","status":"Operational","project":""},"geometry":{"type":"LineString","coordinates":[[120.67334,15.48857],[120.67617,15.4899],[120.67684,15.48975],[120.67754,15.48903]]}},{"type":"Feature","id":149,"properties":{"id":149,"name":"TPLEX-Tarlac City exit (SB)","way":"TPLEX","island":"Luzon","region":"Region III","len":555,"route":"","status":"Operational","project":""},"geometry":{"type":"LineString","coordinates":[[120.67321,15.48868],[120.67665,15.49046],[120.67703,15.49163]]}},{"type":"Feature","id":150,"properties":{"id":150,"name":"TPLEX-Victoria exit (NB)","way":"TPLEX","island":"Luzon","region":"Region III","len":1065,"route":"","status":"Operational","project":""},"geometry":{"type":"LineString","coordinates":[[120.64018,15.5418],[120.64183,15.54178],[120.64612,15.54522],[120.646,15.54596],[120.64415,15.54651]]}},{"type":"Feature","id":151,"properties":{"id":151,"name":"TPLEX-Victoria exit (SB)","way":"TPLEX","island":"Luzon","region":"Region III","len":276,"route":"","status":"Operational","project":""},"geometry":{"type":"LineString","coordinates":[[120.64383,15.54335],[120.64512,15.54394],[120.64625,15.54373]]}},{"type":"Feature","id":152,"properties":{"id":152,"name":"TPLEX-Victoria exit (SB)","way":"TPLEX","island":"Luzon","region":"Region III","len":760,"route":"","status":"Operational","project":""},"geometry":{"type":"LineString","coordinates":[[120.64442,15.54603],[120.64467,15.54462],[120.64377,15.54344],[120.6418,15.54192],[120.64023,15.54194]]}},{"type":"Feature","id":153,"properties":{"id":153,"name":"TPLEX-Victoria exit (NB)","way":"TPLEX","island":"Luzon","region":"Region III","len":533,"route":"","status":"Operational","project":""},"geometry":{"type":"LineString","coordinates":[[120.64519,15.54523],[120.64525,15.54578],[120.64571,15.54598],[120.64609,15.54572],[120.64595,15.54511],[120.64377,15.54344]]}},{"type":"Feature","id":154,"properties":{"id":154,"name":"TPLEX-La Paz (NB)","way":"TPLEX","island":"Luzon","region":"Region III","len":371,"route":"","status":"Operational","project":""},"geometry":{"type":"LineString","coordinates":[[120.68096,15.47591],[120.67887,15.47641],[120.67823,15.47751]]}},{"type":"Feature","id":155,"properties":{"id":155,"name":"TPLEX-Pura exit (NB)","way":"TPLEX","island":"Luzon","region":"Region III","len":699,"route":"","status":"Operational","project":""},"geometry":{"type":"LineString","coordinates":[[120.63441,15.61822],[120.63453,15.61644],[120.63305,15.6149],[120.63188,15.61458],[120.63097,15.61545]]}},{"type":"Feature","id":156,"properties":{"id":156,"name":"TPLEX-Pura exit (NB)","way":"TPLEX","island":"Luzon","region":"Region III","len":821,"route":"","status":"Operational","project":""},"geometry":{"type":"LineString","coordinates":[[120.63103,15.61229],[120.63144,15.61327],[120.63462,15.61614],[120.63456,15.61827]]}},{"type":"Feature","id":157,"properties":{"id":157,"name":"TPLEX-Pura exit (SB)","way":"TPLEX","island":"Luzon","region":"Region III","len":547,"route":"","status":"Operational","project":""},"geometry":{"type":"LineString","coordinates":[[120.63087,15.6144],[120.63032,15.61493],[120.62987,15.61432],[120.63066,15.61396],[120.63202,15.61413],[120.63305,15.6149]]}},{"type":"Feature","id":158,"properties":{"id":158,"name":"TPLEX-Pra exit (SB)","way":"TPLEX","island":"Luzon","region":"Region III","len":565,"route":"","status":"Operational","project":""},"geometry":{"type":"LineString","coordinates":[[120.63076,15.61609],[120.62978,15.61466],[120.62994,15.61405],[120.63155,15.61394],[120.63268,15.61441]]}},{"type":"Feature","id":159,"properties":{"id":159,"name":"TPLEX-Paniqui exit (NB)","way":"TPLEX","island":"Luzon","region":"Region III","len":713,"route":"","status":"Operational","project":""},"geometry":{"type":"LineString","coordinates":[[120.62009,15.667],[120.61941,15.66582],[120.61708,15.6653],[120.61529,15.66539],[120.61456,15.66615]]}},{"type":"Feature","id":160,"properties":{"id":160,"name":"TPLEX-Paniqui exit (SB)","way":"TPLEX","island":"Luzon","region":"Region III","len":619,"route":"","status":"Operational","project":""},"geometry":{"type":"LineString","coordinates":[[120.61695,15.66531],[120.61375,15.6645],[120.61377,15.66384],[120.61512,15.66271]]}},{"type":"Feature","id":161,"properties":{"id":161,"name":"TPLEX-Paniqui exit (EB)","way":"TPLEX","island":"Luzon","region":"Region III","len":741,"route":"","status":"Operational","project":""},"geometry":{"type":"LineString","coordinates":[[120.61509,15.66336],[120.61564,15.66465],[120.61951,15.66577],[120.62022,15.66697]]}},{"type":"Feature","id":162,"properties":{"id":162,"name":"TPLEX-Paniqui exit (EB)","way":"TPLEX","island":"Luzon","region":"Region III","len":576,"route":"","status":"Operational","project":""},"geometry":{"type":"LineString","coordinates":[[120.61472,15.66457],[120.61468,15.664],[120.61431,15.66372],[120.61375,15.66405],[120.61397,15.66458],[120.61696,15.66522]]}},{"type":"Feature","id":163,"properties":{"id":163,"name":"TPLEX-Anao exit (NB)","way":"TPLEX","island":"Luzon","region":"Region III","len":942,"route":"","status":"Operational","project":""},"geometry":{"type":"LineString","coordinates":[[120.61671,15.72178],[120.61724,15.72097],[120.61728,15.72014],[120.61528,15.71689],[120.61467,15.71655],[120.61372,15.71667],[120.61313,15.71785]]}},{"type":"Feature","id":164,"properties":{"id":164,"name":"TPLEX-Anao exit (SB)","way":"TPLEX","island":"Luzon","region":"Region III","len":623,"route":"","status":"Operational","project":""},"geometry":{"type":"LineString","coordinates":[[120.61528,15.71689],[120.61464,15.71626],[120.61378,15.716],[120.61203,15.7163],[120.61169,15.71662],[120.6119,15.71714],[120.6125,15.71709],[120.61267,15.71657]]}},{"type":"Feature","id":165,"properties":{"id":165,"name":"TPLEX-Anao exit (NB)","way":"TPLEX","island":"Luzon","region":"Region III","len":1028,"route":"","status":"Operational","project":""},"geometry":{"type":"LineString","coordinates":[[120.61248,15.71463],[120.61493,15.71619],[120.61709,15.71956],[120.61737,15.72077],[120.6168,15.72186]]}},{"type":"Feature","id":166,"properties":{"id":166,"name":"TPLEX-Anao exit (SB)","way":"TPLEX","island":"Luzon","region":"Region III","len":685,"route":"","status":"Operational","project":""},"geometry":{"type":"LineString","coordinates":[[120.61309,15.71826],[120.61179,15.71716],[120.61175,15.71635],[120.61379,15.71594],[120.61456,15.71611],[120.61526,15.71673]]}},{"type":"Feature","id":167,"properties":{"id":167,"name":"TPLEX-Rosales exit (SB)","way":"TPLEX","island":"Luzon","region":"Region I","len":798,"route":"","status":"Operational","project":""},"geometry":{"type":"LineString","coordinates":[[120.6222,15.87767],[120.62196,15.87622],[120.61915,15.87275],[120.61976,15.87158]]}},{"type":"Feature","id":168,"properties":{"id":168,"name":"TPLEX-Rosales exit (NB)","way":"TPLEX","island":"Luzon","region":"Region I","len":638,"route":"","status":"Operational","project":""},"geometry":{"type":"LineString","coordinates":[[120.62316,15.87333],[120.62389,15.87518],[120.62351,15.87592],[120.6208,15.87458]]}},{"type":"Feature","id":169,"properties":{"id":169,"name":"TPLEX-Rosales exit (SB)","way":"TPLEX","island":"Luzon","region":"Region I","len":652,"route":"","status":"Operational","project":""},"geometry":{"type":"LineString","coordinates":[[120.61986,15.87167],[120.61926,15.8727],[120.62094,15.87454],[120.62198,15.87481],[120.62291,15.87401]]}},{"type":"Feature","id":170,"properties":{"id":170,"name":"TPLEX-Rosales exit (NB)","way":"TPLEX","island":"Luzon","region":"Region I","len":500,"route":"","status":"Operational","project":""},"geometry":{"type":"LineString","coordinates":[[120.6211,15.87465],[120.62328,15.87588],[120.62382,15.87555],[120.62357,15.87495],[120.62282,15.8753]]}},{"type":"Feature","id":171,"properties":{"id":171,"name":"TPLEX-Tarlac City exit (SB)","way":"TPLEX","island":"Luzon","region":"Region III","len":85,"route":"","status":"Operational","project":""},"geometry":{"type":"LineString","coordinates":[[120.67358,15.48884],[120.67279,15.48892]]}},{"type":"Feature","id":172,"properties":{"id":172,"name":"TPLEX-Tarlac City exit (SB)","way":"TPLEX","island":"Luzon","region":"Region III","len":77,"route":"","status":"Operational","project":""},"geometry":{"type":"LineString","coordinates":[[120.67391,15.48825],[120.67403,15.48893]]}},{"type":"Feature","id":173,"properties":{"id":173,"name":"TPLEX-Urdaneta (SB)","way":"TPLEX","island":"Luzon","region":"Region I","len":12882,"route":"","status":"Operational","project":""},"geometry":{"type":"LineString","coordinates":[[120.58275,16.00481],[120.59013,15.98434],[120.5922,15.9769],[120.59333,15.96905],[120.59432,15.94944],[120.59556,15.94117],[120.59785,15.93164],[120.60086,15.9227],[120.60361,15.91621],[120.60682,15.90984],[120.61541,15.89463]]}},{"type":"Feature","id":174,"properties":{"id":174,"name":"TPLEX-Urdaneta (NB)","way":"TPLEX","island":"Luzon","region":"Region I","len":12881,"route":"","status":"Operational","project":""},"geometry":{"type":"LineString","coordinates":[[120.58286,16.00484],[120.59036,15.98402],[120.59276,15.97464],[120.59345,15.96925],[120.59447,15.94936],[120.59544,15.94254],[120.59773,15.93244],[120.60049,15.924],[120.60406,15.91553],[120.60676,15.9102],[120.61554,15.89468]]}},{"type":"Feature","id":175,"properties":{"id":175,"name":"NLEX-SCTEX Link (EB)","way":"NLEX-SCTEX Link","island":"Luzon","region":"Region III","len":1552,"route":"","status":"Operational","project":""},"geometry":{"type":"LineString","coordinates":[[120.57383,15.18929],[120.57633,15.19694],[120.57719,15.19734],[120.58094,15.19744],[120.58194,15.19726],[120.58217,15.19691]]}},{"type":"Feature","id":176,"properties":{"id":176,"name":"Subic-Clark-Tarlac Expressway (SB)","way":"SCTEX","island":"Luzon","region":"Region III","len":34541,"route":"","status":"Operational","project":"Implemented through PPP"},"geometry":{"type":"LineString","coordinates":[[120.57566,15.19732],[120.57568,15.20238],[120.57499,15.20652],[120.5672,15.23422],[120.56716,15.2363],[120.5677,15.23821],[120.56887,15.24009],[120.57102,15.24178],[120.5849,15.24691],[120.58772,15.24869],[120.58957,15.25078],[120.60522,15.28554],[120.61186,15.29824],[120.61853,15.30906],[120.65269,15.36204],[120.6565,15.36871],[120.65856,15.37426],[120.65966,15.38018],[120.65984,15.38558],[120.65914,15.40296],[120.65958,15.41056],[120.66064,15.41704],[120.6629,15.42521],[120.67533,15.46127],[120.67706,15.4688],[120.6778,15.47441]]}},{"type":"Feature","id":177,"properties":{"id":177,"name":"Subic-Clark-Tarlac Expressway (NB)","way":"SCTEX","island":"Luzon","region":"Region III","len":35597,"route":"","status":"Operational","project":"Implemented through PPP"},"geometry":{"type":"LineString","coordinates":[[120.57576,15.19732],[120.57585,15.2015],[120.5751,15.20654],[120.56732,15.23421],[120.56727,15.23625],[120.56774,15.23803],[120.56895,15.24001],[120.57105,15.24168],[120.58496,15.24681],[120.58738,15.24828],[120.58965,15.2507],[120.60534,15.28554],[120.61075,15.29606],[120.61682,15.30619],[120.65309,15.36246],[120.65583,15.36712],[120.65842,15.37342],[120.65975,15.38009],[120.65994,15.38562],[120.65926,15.4014],[120.65937,15.40675],[120.66031,15.41473],[120.66191,15.42169],[120.67547,15.46123],[120.67705,15.46797],[120.67804,15.47486],[120.67845,15.47548],[120.67951,15.47566],[120.68704,15.47526]]}},{"type":"Feature","id":178,"properties":{"id":178,"name":"NLEX-McArthur Highway Link (WB)","way":"NLEX Harbor Link (Segment 9)","island":"Luzon","region":"NCR","len":627,"route":"","status":"Operational","project":"TRB"},"geometry":{"type":"LineString","coordinates":[[120.99906,14.69671],[120.99949,14.69516],[120.99896,14.69427],[120.9979,14.69367],[120.99602,14.69357]]}},{"type":"Feature","id":179,"properties":{"id":179,"name":"Subic-Clark-Tarlac Expressway (NB)","way":"SCTEX","island":"Luzon","region":"Region III","len":16,"route":"","status":"Operational","project":"Implemented through PPP"},"geometry":{"type":"LineString","coordinates":[[120.66776,15.43339],[120.66773,15.43353]]}},{"type":"Feature","id":180,"properties":{"id":180,"name":"NLEX-Mindanao Ave Link (EB)","way":"NLEX Harbor Link (Segment 8.1)","island":"Luzon","region":"NCR","len":2383,"route":"","status":"Operational","project":"TRB"},"geometry":{"type":"LineString","coordinates":[[121.02218,14.69348],[121.00002,14.69349]]}},{"type":"Feature","id":181,"properties":{"id":181,"name":"NLEX-McArthur Highway Link (WB)","way":"NLEX Harbor Link (Segment 9)","island":"Luzon","region":"NCR","len":299,"route":"","status":"Operational","project":"TRB"},"geometry":{"type":"LineString","coordinates":[[120.99725,14.69332],[121.00003,14.69328]]}},{"type":"Feature","id":182,"properties":{"id":182,"name":"NLEX-McArthur Highway Link (WB)","way":"NLEX Harbor Link (Segment 9)","island":"Luzon","region":"NCR","len":226,"route":"","status":"Operational","project":"TRB"},"geometry":{"type":"LineString","coordinates":[[121.00003,14.69358],[120.99793,14.69362]]}},{"type":"Feature","id":183,"properties":{"id":183,"name":"South Luzon Expressway (SB)","way":"SLEX","island":"Luzon","region":"Region IV-A","len":255,"route":"","status":"Operational","project":"Implemented through PPP"},"geometry":{"type":"LineString","coordinates":[[121.13457,14.20021],[121.1359,14.20078],[121.1367,14.20035]]}},{"type":"Feature","id":184,"properties":{"id":184,"name":"South Luzon Expressway (SB)","way":"SLEX","island":"Luzon","region":"Region IV-A","len":254,"route":"","status":"Operational","project":"Implemented through PPP"},"geometry":{"type":"LineString","coordinates":[[121.13575,14.20191],[121.13573,14.20098],[121.13449,14.20036]]}},{"type":"Feature","id":185,"properties":{"id":185,"name":"NLEX-McArthur Highway Link (WB)","way":"NLEX Harbor Link (Segment 9)","island":"Luzon","region":"NCR","len":191,"route":"","status":"Operational","project":"TRB"},"geometry":{"type":"LineString","coordinates":[[120.99037,14.69303],[120.9886,14.6931]]}},{"type":"Feature","id":186,"properties":{"id":186,"name":"NLEX-McArthur Highway Link (WB)","way":"NLEX Harbor Link (Segment 9)","island":"Luzon","region":"NCR","len":101,"route":"","status":"Operational","project":"TRB"},"geometry":{"type":"LineString","coordinates":[[120.98746,14.69298],[120.98838,14.6928]]}},{"type":"Feature","id":187,"properties":{"id":187,"name":"NLEX-McArthur Highway Link (WB)","way":"NLEX Harbor Link (Segment 9)","island":"Luzon","region":"NCR","len":122,"route":"","status":"Operational","project":"TRB"},"geometry":{"type":"LineString","coordinates":[[120.97144,14.69142],[120.97181,14.69163],[120.97249,14.69145]]}},{"type":"Feature","id":188,"properties":{"id":188,"name":"CAVITEX-Parañaque (NB)","way":"CAVITEX","island":"Luzon","region":"Region IV-A","len":946,"route":"","status":"Operational","project":""},"geometry":{"type":"LineString","coordinates":[[120.96632,14.47304],[120.96428,14.47228],[120.96236,14.47278],[120.96172,14.47255],[120.96155,14.47184],[120.96259,14.46893]]}},{"type":"Feature","id":189,"properties":{"id":189,"name":"CAVITEX-Parañaque (NB)","way":"CAVITEX","island":"Luzon","region":"Region IV-A","len":770,"route":"","status":"Operational","project":""},"geometry":{"type":"LineString","coordinates":[[120.96293,14.46829],[120.96162,14.47195],[120.96202,14.47266],[120.96283,14.47248],[120.96294,14.47173],[120.96244,14.47125]]}},{"type":"Feature","id":190,"properties":{"id":190,"name":"CAVITEX-Parañaque (NB)","way":"CAVITEX","island":"Luzon","region":"Region IV-A","len":295,"route":"","status":"Operational","project":""},"geometry":{"type":"LineString","coordinates":[[120.95995,14.47024],[120.96133,14.4704],[120.96234,14.46953]]}},{"type":"Feature","id":191,"properties":{"id":191,"name":"CAVITEX-Parañaque (NB)","way":"CAVITEX","island":"Luzon","region":"Region IV-A","len":899,"route":"","status":"Operational","project":""},"geometry":{"type":"LineString","coordinates":[[120.91612,14.45259],[120.91564,14.45028],[120.91397,14.44971],[120.91231,14.44843],[120.9119,14.44789],[120.91164,14.44663]]}},{"type":"Feature","id":192,"properties":{"id":192,"name":"CAVITEX-Parañaque (NB)","way":"CAVITEX","island":"Luzon","region":"Region IV-A","len":47,"route":"","status":"Operational","project":""},"geometry":{"type":"LineString","coordinates":[[120.91172,14.44694],[120.91206,14.44667]]}},{"type":"Feature","id":193,"properties":{"id":193,"name":"TPLEX-Urdaneta exit (SB)","way":"TPLEX","island":"Luzon","region":"Region I","len":313,"route":"","status":"Operational","project":""},"geometry":{"type":"LineString","coordinates":[[120.58268,16.00495],[120.58256,16.00353],[120.58141,16.00268]]}},{"type":"Feature","id":194,"properties":{"id":194,"name":"TPLEX-Urdaneta exit (NB)","way":"TPLEX","island":"Luzon","region":"Region I","len":516,"route":"","status":"Operational","project":""},"geometry":{"type":"LineString","coordinates":[[120.58145,16.00259],[120.58401,16.00361],[120.58451,16.00344],[120.5846,16.00301],[120.58417,16.00273],[120.58367,16.00296]]}},{"type":"Feature","id":195,"properties":{"id":195,"name":"TPLEX-Urdaneta exit (NB)","way":"TPLEX","island":"Luzon","region":"Region I","len":1196,"route":"","status":"Operational","project":""},"geometry":{"type":"LineString","coordinates":[[120.58423,16.00146],[120.58474,16.00313],[120.58411,16.00371],[120.57815,16.00138],[120.57609,16.00156]]}},{"type":"Feature","id":196,"properties":{"id":196,"name":"TPLEX-Binalonan exit (NB)","way":"TPLEX","island":"Luzon","region":"Region I","len":914,"route":"","status":"Operational","project":""},"geometry":{"type":"LineString","coordinates":[[120.56278,16.04453],[120.56288,16.04581],[120.56559,16.05224]]}},{"type":"Feature","id":197,"properties":{"id":197,"name":"TPLEX-Binalonan exit (SB)","way":"TPLEX","island":"Luzon","region":"Region I","len":1043,"route":"","status":"Operational","project":""},"geometry":{"type":"LineString","coordinates":[[120.56551,16.05228],[120.56353,16.04754],[120.56295,16.04709],[120.56138,16.04674],[120.56097,16.04726],[120.56137,16.04769],[120.56204,16.04725]]}},{"type":"Feature","id":198,"properties":{"id":198,"name":"TPLEX-Binalonan exit (SB)","way":"TPLEX","island":"Luzon","region":"Region I","len":619,"route":"","status":"Operational","project":""},"geometry":{"type":"LineString","coordinates":[[120.56156,16.04926],[120.56153,16.04837],[120.56092,16.04745],[120.56104,16.04681],[120.56298,16.04702],[120.56373,16.0478]]}},{"type":"Feature","id":199,"properties":{"id":199,"name":"TPLEX-Binalonan exit (NB)","way":"TPLEX","island":"Luzon","region":"Region I","len":224,"route":"","status":"Operational","project":""},"geometry":{"type":"LineString","coordinates":[[120.5637,16.04794],[120.5627,16.04748],[120.56197,16.04812]]}},{"type":"Feature","id":200,"properties":{"id":200,"name":"STAR-Sto. Tomas (NB)","way":"STAR","island":"Luzon","region":"Region IV-A","len":461,"route":"","status":"Operational","project":""},"geometry":{"type":"LineString","coordinates":[[121.14863,13.97245],[121.14943,13.97414],[121.14954,13.97642]]}},{"type":"Feature","id":201,"properties":{"id":201,"name":"STAR-Sto. Tomas (SB)","way":"STAR","island":"Luzon","region":"Region IV-A","len":482,"route":"","status":"Operational","project":""},"geometry":{"type":"LineString","coordinates":[[121.14936,13.9767],[121.14854,13.97482],[121.14844,13.97253]]}},{"type":"Feature","id":202,"properties":{"id":202,"name":"NAIA Terminal 3 Rd","way":"NAIAX","island":"Luzon","region":"NCR","len":461,"route":"","status":"Operational","project":"Implemented through PPP"},"geometry":{"type":"LineString","coordinates":[[121.00983,14.527],[121.01123,14.52555],[121.01062,14.5242],[121.01096,14.5236]]}},{"type":"Feature","id":203,"properties":{"id":203,"name":"NAIA Expressway (WB) Ph-1","way":"NAIAX","island":"Luzon","region":"NCR","len":494,"route":"","status":"Operational","project":"Implemented through PPP"},"geometry":{"type":"LineString","coordinates":[[121.01991,14.51769],[121.01927,14.51738],[121.01882,14.51752],[121.01634,14.51977]]}},{"type":"Feature","id":204,"properties":{"id":204,"name":"TPLEX-Urdaneta exit (SB)","way":"TPLEX","island":"Luzon","region":"Region I","len":920,"route":"","status":"Operational","project":""},"geometry":{"type":"LineString","coordinates":[[120.57607,16.00145],[120.57779,16.00122],[120.5826,16.00279],[120.5834,16.00255],[120.58398,16.00182]]}},{"type":"Feature","id":205,"properties":{"id":205,"name":"TPLEX-Pozorubio (SB)","way":"TPLEX","island":"Luzon","region":"Region I","len":9906,"route":"","status":"Operational","project":""},"geometry":{"type":"LineString","coordinates":[[120.52201,16.12874],[120.52442,16.12122],[120.52891,16.11189],[120.53256,16.10637],[120.54002,16.09684],[120.54387,16.09038],[120.55243,16.06954],[120.55718,16.06064],[120.55948,16.05555],[120.56166,16.04879]]}},{"type":"Feature","id":206,"properties":{"id":206,"name":"TPLEX-Pozorubio(NB)","way":"TPLEX","island":"Luzon","region":"Region I","len":9908,"route":"","status":"Operational","project":""},"geometry":{"type":"LineString","coordinates":[[120.52212,16.12876],[120.52431,16.12173],[120.52867,16.11251],[120.53279,16.10625],[120.53979,16.09736],[120.54402,16.09031],[120.55283,16.06901],[120.55946,16.05592],[120.5618,16.0488]]}},{"type":"Feature","id":207,"properties":{"id":207,"name":"TPLEX-Pozorubio exit (NB)","way":"TPLEX","island":"Luzon","region":"Region I","len":917,"route":"","status":"Operational","project":""},"geometry":{"type":"LineString","coordinates":[[120.52247,16.1275],[120.52308,16.12878],[120.52698,16.12999],[120.52943,16.13169]]}},{"type":"Feature","id":208,"properties":{"id":208,"name":"TPLEX-Pozorubio (NB)","way":"TPLEX","island":"Luzon","region":"Region I","len":255,"route":"","status":"Operational","project":""},"geometry":{"type":"LineString","coordinates":[[120.52389,16.1293],[120.52276,16.1293],[120.52179,16.13007]]}},{"type":"Feature","id":209,"properties":{"id":209,"name":"TPLEX-Pozorubio (SB)","way":"TPLEX","island":"Luzon","region":"Region I","len":590,"route":"","status":"Operational","project":""},"geometry":{"type":"LineString","coordinates":[[120.5215,16.13077],[120.52077,16.12926],[120.52104,16.12868],[120.52411,16.12925]]}},{"type":"Feature","id":210,"properties":{"id":210,"name":"TPLEX-Pozorubio (SB)","way":"TPLEX","island":"Luzon","region":"Region I","len":1159,"route":"","status":"Operational","project":""},"geometry":{"type":"LineString","coordinates":[[120.52931,16.13183],[120.52687,16.13005],[120.52152,16.12868],[120.52092,16.12888],[120.52087,16.12933],[120.52134,16.12963],[120.52183,16.12933]]}},{"type":"Feature","id":211,"properties":{"id":211,"name":"NLEX-Mindanao Ave Link (EB)","way":"NLEX Harbor Link (Segment 8.1)","island":"Luzon","region":"NCR","len":528,"route":"","status":"Operational","project":"TRB"},"geometry":{"type":"LineString","coordinates":[[121.00494,14.69346],[121.00003,14.69358]]}},{"type":"Feature","id":212,"properties":{"id":212,"name":"NLEX-Mindanao Ave Link (EB)","way":"NLEX Harbor Link (Segment 8.1)","island":"Luzon","region":"NCR","len":593,"route":"","status":"Operational","project":"TRB"},"geometry":{"type":"LineString","coordinates":[[121.00003,14.69328],[121.00554,14.69335]]}},{"type":"Feature","id":213,"properties":{"id":213,"name":"NLEX-Harbor Link (SB)","way":"NLEX Harbor Link (Segment 10)","island":"Luzon","region":"NCR","len":3426,"route":"","status":"Operational","project":"TRB"},"geometry":{"type":"LineString","coordinates":[[120.97149,14.69187],[120.97028,14.69],[120.9699,14.68878],[120.96966,14.6846],[120.97191,14.67951],[120.97338,14.66196]]}},{"type":"Feature","id":214,"properties":{"id":214,"name":"NLEX-Harbor Link (SB)","way":"NLEX Harbor Link (Segment 10)","island":"Luzon","region":"NCR","len":4744,"route":"","status":"Operational","project":"TRB"},"geometry":{"type":"LineString","coordinates":[[120.97338,14.66196],[120.9738,14.65748],[120.97625,14.64528],[120.97573,14.64493],[120.96455,14.64533],[120.96266,14.64498],[120.95611,14.63942],[120.95726,14.63557]]}},{"type":"Feature","id":215,"properties":{"id":215,"name":"NLEX-Harbor Link (NB)","way":"NLEX Harbor Link (Segment 10)","island":"Luzon","region":"NCR","len":3422,"route":"","status":"Operational","project":"TRB"},"geometry":{"type":"LineString","coordinates":[[120.9735,14.66197],[120.97223,14.67919],[120.97203,14.68013],[120.97022,14.68347],[120.96978,14.68529],[120.97011,14.68914],[120.97162,14.69182]]}},{"type":"Feature","id":216,"properties":{"id":216,"name":"NLEX-Harbor Link (NB)","way":"NLEX Harbor Link (Segment 10)","island":"Luzon","region":"NCR","len":4720,"route":"","status":"Operational","project":"TRB"},"geometry":{"type":"LineString","coordinates":[[120.95751,14.63575],[120.95633,14.6386],[120.95626,14.63943],[120.96277,14.64489],[120.9643,14.64522],[120.97554,14.64486],[120.97634,14.64528],[120.9739,14.65755],[120.9735,14.66197]]}},{"type":"Feature","id":217,"properties":{"id":217,"name":"TPLEX-Rosales (SB)","way":"TPLEX","island":"Luzon","region":"Region III","len":18704,"route":"","status":"Operational","project":""},"geometry":{"type":"LineString","coordinates":[[120.62223,15.87752],[120.62341,15.87086],[120.62463,15.85511],[120.62651,15.84347],[120.62842,15.83557],[120.63025,15.82949],[120.63978,15.80249],[120.64156,15.79264],[120.64187,15.78781],[120.64175,15.78319],[120.64123,15.77773],[120.64044,15.77347],[120.63882,15.76759],[120.63686,15.76234],[120.63216,15.75344],[120.62356,15.74185],[120.61981,15.73571],[120.61594,15.72733],[120.6131,15.71826]]}},{"type":"Feature","id":218,"properties":{"id":218,"name":"Central Luzon Link Expressway (EB)","way":"CLLEX","island":"Luzon","region":"Region III","len":29595,"route":"","status":"Operational","project":"Implemented through PPP"},"geometry":{"type":"LineString","coordinates":[[120.67789,15.4756],[120.67767,15.47494],[120.67697,15.47456],[120.67639,15.47482],[120.67621,15.47556],[120.67654,15.476],[120.67734,15.47612],[120.68869,15.47506],[120.70309,15.47296],[120.70805,15.4727],[120.77815,15.47235],[120.78333,15.47296],[120.78715,15.47396],[120.79256,15.47616],[120.79798,15.47979],[120.80127,15.4829],[120.81904,15.50389],[120.82212,15.5062],[120.82633,15.50811],[120.83175,15.50898],[120.83593,15.5086],[120.84223,15.50725],[120.847,15.50725],[120.85067,15.50771],[120.87883,15.51487],[120.90356,15.51994],[120.9138,15.52237],[120.9312,15.52793]]}},{"type":"Feature","id":219,"properties":{"id":219,"name":"CAVITEX-C-5 South Link Expressway (WB)","way":"C5 South Link Expressway (WB)","island":"Luzon","region":"NCR","len":7607,"route":"","status":"Operational","project":"TRB"},"geometry":{"type":"LineString","coordinates":[[121.03511,14.51525],[121.03372,14.51408],[121.03159,14.51071],[121.02133,14.50454],[121.02018,14.50358],[121.01853,14.50318],[121.01519,14.50372],[121.0135,14.50357],[121.00516,14.49893],[121.00359,14.49631],[121.00045,14.4923],[120.99602,14.48826],[120.99328,14.48622],[120.99168,14.48589],[120.9897,14.48655],[120.98622,14.48856],[120.98325,14.49095],[120.98248,14.49058],[120.98245,14.48941],[120.9811,14.48665]]}},{"type":"Feature","id":220,"properties":{"id":220,"name":"TPLEX-Rosales (NB)","way":"TPLEX","island":"Luzon","region":"Region I","len":18680,"route":"","status":"Operational","project":""},"geometry":{"type":"LineString","coordinates":[[120.61321,15.71819],[120.61517,15.72498],[120.61959,15.7351],[120.62356,15.74164],[120.63266,15.75403],[120.63666,15.76162],[120.63846,15.76615],[120.64023,15.77212],[120.64177,15.78156],[120.64184,15.79057],[120.64038,15.80051],[120.63882,15.80599],[120.6296,15.83195],[120.62643,15.84443],[120.62486,15.85407],[120.62346,15.8714],[120.62243,15.87726]]}},{"type":"Feature","id":221,"properties":{"id":221,"name":"TPLEX-Sison (NB)","way":"TPLEX","island":"Luzon","region":"Region I","len":6047,"route":"","status":"Operational","project":""},"geometry":{"type":"LineString","coordinates":[[120.51305,16.18135],[120.51405,16.17707],[120.51823,16.16552],[120.51748,16.15748],[120.51771,16.15528],[120.51837,16.15304],[120.52097,16.14815],[120.52188,16.14522],[120.52213,16.14252],[120.5212,16.13293],[120.52212,16.12876]]}},{"type":"Feature","id":222,"properties":{"id":222,"name":"TPLEX-Sison (SB)","way":"TPLEX","island":"Luzon","region":"Region I","len":6014,"route":"","status":"Operational","project":""},"geometry":{"type":"LineString","coordinates":[[120.51302,16.18105],[120.51413,16.17659],[120.51817,16.1653],[120.51741,16.1573],[120.51781,16.1545],[120.51843,16.15273],[120.52102,16.14781],[120.52184,16.14492],[120.52201,16.14213],[120.52111,16.13242],[120.52201,16.12874]]}},{"type":"Feature","id":223,"properties":{"id":223,"name":"Cavite-Laguna Expressway (EB)","way":"CALAEx","island":"Luzon","region":"Region IV-A","len":4505,"route":"","status":"Operational","project":"Implemented through PPP"},"geometry":{"type":"LineString","coordinates":[[121.00332,14.23202],[121.01669,14.22901],[121.01902,14.22875],[121.02682,14.22985],[121.03442,14.23231],[121.03986,14.23334],[121.04382,14.23494]]}},{"type":"Feature","id":224,"properties":{"id":224,"name":"Cavite-Laguna Expressway (EB)","way":"CALAEx","island":"Luzon","region":"Region IV-A","len":7218,"route":"","status":"Operational","project":"Implemented through PPP"},"geometry":{"type":"LineString","coordinates":[[121.05678,14.24852],[121.05789,14.25226],[121.0579,14.25445],[121.05156,14.2695],[121.05116,14.27373],[121.05139,14.27502],[121.05271,14.27666],[121.0558,14.27806],[121.05714,14.27904],[121.06223,14.28662],[121.06984,14.29331],[121.07045,14.29443],[121.07017,14.29761],[121.07111,14.29973],[121.07248,14.30089],[121.07498,14.3014]]}},{"type":"Feature","id":225,"properties":{"id":225,"name":"Cavite-Laguna Expressway (EB)","way":"CALAEx","island":"Luzon","region":"Region IV-A","len":2161,"route":"","status":"Operational","project":"Implemented through PPP"},"geometry":{"type":"LineString","coordinates":[[121.04382,14.23494],[121.04825,14.23686],[121.05127,14.23903],[121.0534,14.24186],[121.05448,14.24573],[121.05678,14.24852]]}},{"type":"Feature","id":226,"properties":{"id":226,"name":"Cavite-Laguna Expressway (WB)","way":"CALAEx","island":"Luzon","region":"Region IV-A","len":7323,"route":"","status":"Operational","project":"Implemented through PPP"},"geometry":{"type":"LineString","coordinates":[[121.07555,14.30231],[121.07266,14.3011],[121.07118,14.30008],[121.07002,14.29795],[121.06993,14.29682],[121.07036,14.29489],[121.07004,14.29374],[121.06211,14.28665],[121.05695,14.279],[121.05578,14.27814],[121.05273,14.27677],[121.05132,14.27509],[121.05108,14.27381],[121.05147,14.26948],[121.05783,14.25417],[121.05773,14.25197],[121.05672,14.24856]]}},{"type":"Feature","id":227,"properties":{"id":227,"name":"Cavite-Laguna Expressway (WB)","way":"CALAEx","island":"Luzon","region":"Region IV-A","len":2036,"route":"","status":"Operational","project":"Implemented through PPP"},"geometry":{"type":"LineString","coordinates":[[121.05672,14.24856],[121.0545,14.24594],[121.05326,14.24174],[121.05123,14.23917],[121.04961,14.23777],[121.04481,14.23542]]}},{"type":"Feature","id":228,"properties":{"id":228,"name":"Cavite-Laguna Expressway (WB)","way":"CALAEx","island":"Luzon","region":"Region IV-A","len":4616,"route":"","status":"Operational","project":"Implemented through PPP"},"geometry":{"type":"LineString","coordinates":[[121.04481,14.23542],[121.03973,14.23338],[121.03465,14.23245],[121.02732,14.23008],[121.01902,14.22886],[121.01757,14.22892],[121.00336,14.23212]]}},{"type":"Feature","id":229,"properties":{"id":229,"name":"Cavite-Laguna Expressway (EB)","way":"CALAEx","island":"Luzon","region":"Region IV-A","len":436,"route":"","status":"Operational","project":"Implemented through PPP"},"geometry":{"type":"LineString","coordinates":[[121.0527,14.27666],[121.05638,14.27828]]}},{"type":"Feature","id":230,"properties":{"id":230,"name":"Cavite-Laguna Expressway (EB)","way":"CALAEx","island":"Luzon","region":"Region IV-A","len":367,"route":"","status":"Operational","project":"Implemented through PPP"},"geometry":{"type":"LineString","coordinates":[[121.05613,14.27844],[121.05307,14.27699]]}},{"type":"Feature","id":231,"properties":{"id":231,"name":"Cavite-Laguna Expressway (EB)","way":"CALAEx","island":"Luzon","region":"Region IV-A","len":941,"route":"","status":"Operational","project":"Implemented through PPP"},"geometry":{"type":"LineString","coordinates":[[121.05676,14.24846],[121.05744,14.25008],[121.05807,14.25313],[121.05778,14.25528],[121.05711,14.25656]]}},{"type":"Feature","id":232,"properties":{"id":232,"name":"Cavite-Laguna Expressway (WB)","way":"CALAEx","island":"Luzon","region":"Region IV-A","len":883,"route":"","status":"Operational","project":"Implemented through PPP"},"geometry":{"type":"LineString","coordinates":[[121.05712,14.25631],[121.05771,14.2543],[121.05776,14.25297],[121.05672,14.24856]]}},{"type":"Feature","id":233,"properties":{"id":233,"name":"Cavite-Laguna Expressway (EB)","way":"CALAEx","island":"Luzon","region":"Region IV-A","len":977,"route":"","status":"Operational","project":"Implemented through PPP"},"geometry":{"type":"LineString","coordinates":[[121.04696,14.23565],[121.04812,14.23314],[121.04736,14.23067],[121.04812,14.22993],[121.05036,14.22887]]}},{"type":"Feature","id":234,"properties":{"id":234,"name":"Cavite-Laguna Expressway exit (EB)","way":"CALAEx","island":"Luzon","region":"Region IV-A","len":351,"route":"","status":"Operational","project":"Implemented through PPP"},"geometry":{"type":"LineString","coordinates":[[121.04379,14.23492],[121.04696,14.23565]]}},{"type":"Feature","id":235,"properties":{"id":235,"name":"Cavite-Laguna Expressway (EB)","way":"CALAEx","island":"Luzon","region":"Region IV-A","len":1282,"route":"","status":"Operational","project":"Implemented through PPP"},"geometry":{"type":"LineString","coordinates":[[121.05044,14.22892],[121.04807,14.23001],[121.04738,14.23091],[121.0482,14.23311],[121.04706,14.23587],[121.04918,14.23739]]}},{"type":"Feature","id":236,"properties":{"id":236,"name":"Cavite-Laguna Expressway (WB)","way":"CALAEx","island":"Luzon","region":"Region IV-A","len":426,"route":"","status":"Operational","project":"Implemented through PPP"},"geometry":{"type":"LineString","coordinates":[[121.04703,14.23573],[121.04644,14.23672],[121.04599,14.2368],[121.04435,14.23521]]}},{"type":"Feature","id":237,"properties":{"id":237,"name":"Cavite-Laguna Expressway (EB)","way":"CALAEx","island":"Luzon","region":"Region IV-A","len":349,"route":"","status":"Operational","project":"Implemented through PPP"},"geometry":{"type":"LineString","coordinates":[[121.00008,14.2319],[121.00332,14.23202]]}},{"type":"Feature","id":238,"properties":{"id":238,"name":"Cavite-Laguna Expressway (WB)","way":"CALAEx","island":"Luzon","region":"Region IV-A","len":767,"route":"","status":"Operational","project":"Implemented through PPP"},"geometry":{"type":"LineString","coordinates":[[121.00336,14.23212],[121.0012,14.2327],[120.99633,14.23263]]}},{"type":"Feature","id":239,"properties":{"id":239,"name":"Metro Manila Skyway (NB)","way":"MMS-Stage 3","island":"Luzon","region":"NCR","len":15866,"route":"","status":"Operational","project":"TRB"},"geometry":{"type":"LineString","coordinates":[[121.00861,14.5558],[120.99756,14.57624],[120.99772,14.57775],[121.00384,14.58497],[121.00867,14.58966],[121.01165,14.5892],[121.01363,14.58985],[121.01518,14.58877],[121.01629,14.58845],[121.01957,14.58887],[121.02206,14.58997],[121.02517,14.59236],[121.02579,14.5932],[121.02609,14.59438],[121.02497,14.59718],[121.02352,14.59948],[121.01968,14.60218],[121.01978,14.60466],[121.01731,14.60746],[121.01681,14.61482],[121.01643,14.6161],[121.01513,14.61812],[121.01491,14.61933],[121.0155,14.62577],[121.01475,14.62701],[121.00948,14.63225],[121.00869,14.63714],[121.00829,14.6379],[121.00684,14.63924],[121.00576,14.64421],[121.0053,14.64469],[121.00434,14.64495],[120.99944,14.64416],[120.99539,14.64402],[120.99454,14.64477],[120.99453,14.64557],[120.99679,14.65094],[120.9984,14.65427],[120.99993,14.65621],[121.00024,14.65748]]}},{"type":"Feature","id":240,"properties":{"id":240,"name":"Metro Manila Skyway (SB)","way":"MMS-Stage 3","island":"Luzon","region":"NCR","len":15231,"route":"","status":"Operational","project":"TRB"},"geometry":{"type":"LineString","coordinates":[[120.9882,14.64425],[120.99219,14.64371],[120.99841,14.64388],[121.00409,14.64485],[121.00543,14.64449],[121.0066,14.6394],[121.00846,14.63726],[121.00896,14.63315],[121.00937,14.63214],[121.01469,14.62687],[121.01541,14.62569],[121.01486,14.6186],[121.01657,14.61542],[121.0172,14.60745],[121.01978,14.60432],[121.01948,14.60268],[121.01969,14.60194],[121.02342,14.59941],[121.02591,14.59473],[121.02589,14.5938],[121.0253,14.5927],[121.02201,14.59008],[121.01975,14.58903],[121.01634,14.58853],[121.0152,14.58886],[121.01392,14.58994],[121.01179,14.58934],[121.00865,14.58973],[121.00316,14.58436],[120.99889,14.57955],[120.9975,14.57756],[120.99753,14.57614],[121.00974,14.55345]]}},{"type":"Feature","id":241,"properties":{"id":241,"name":"NAIA Expressway (WB) Ph-1","way":"NAIAX","island":"Luzon","region":"NCR","len":382,"route":"","status":"Operational","project":"Implemented through PPP"},"geometry":{"type":"LineString","coordinates":[[121.01751,14.51837],[121.01865,14.51681],[121.01934,14.51689],[121.01995,14.51751]]}},{"type":"Feature","id":242,"properties":{"id":242,"name":"NAIA Expressway (WB) Ph-1","way":"NAIAX","island":"Luzon","region":"NCR","len":237,"route":"","status":"Operational","project":"Implemented through PPP"},"geometry":{"type":"LineString","coordinates":[[121.01471,14.52117],[121.01628,14.51968]]}},{"type":"Feature","id":243,"properties":{"id":243,"name":"NAIA Expressway (WB) Ph-1","way":"NAIAX","island":"Luzon","region":"NCR","len":207,"route":"","status":"Operational","project":"Implemented through PPP"},"geometry":{"type":"LineString","coordinates":[[121.01597,14.51998],[121.01471,14.52139]]}},{"type":"Feature","id":244,"properties":{"id":244,"name":"NAIA Expressway (EB)","way":"NAIAX","island":"Luzon","region":"NCR","len":529,"route":"","status":"Operational","project":"Implemented through PPP"},"geometry":{"type":"LineString","coordinates":[[120.99296,14.51451],[120.99324,14.51701],[120.99371,14.51727],[120.99548,14.5172]]}},{"type":"Feature","id":245,"properties":{"id":245,"name":"NAIA Expressway (EB)","way":"NAIAX","island":"Luzon","region":"NCR","len":5329,"route":"","status":"Operational","project":"Implemented through PPP"},"geometry":{"type":"LineString","coordinates":[[120.99074,14.51934],[120.99072,14.51789],[120.99115,14.51737],[120.99289,14.51747],[120.99728,14.51696],[120.99808,14.51723],[120.99894,14.51827],[120.99937,14.51969],[120.99871,14.52676],[120.99939,14.52747],[121.00195,14.52826],[121.01048,14.52672],[121.01309,14.52264],[121.0187,14.51728],[121.01995,14.51751],[121.02244,14.52002]]}},{"type":"Feature","id":246,"properties":{"id":246,"name":"NAIA Expressway (WB)","way":"NAIAX","island":"Luzon","region":"NCR","len":1404,"route":"","status":"Operational","project":"Implemented through PPP"},"geometry":{"type":"LineString","coordinates":[[121.00303,14.51596],[121.00078,14.51703],[120.99365,14.51751],[120.99311,14.51703],[120.99276,14.51448]]}},{"type":"Feature","id":247,"properties":{"id":247,"name":"South Luzon Expressway (SB)","way":"SLEX","island":"Luzon","region":"NCR","len":1248,"route":"","status":"Operational","project":"Implemented through PPP"},"geometry":{"type":"LineString","coordinates":[[121.03777,14.51625],[121.03623,14.5157],[121.03485,14.51466],[121.03382,14.51371],[121.03257,14.51155],[121.03253,14.51078],[121.0343,14.50794]]}},{"type":"Feature","id":248,"properties":{"id":248,"name":"South Luzon Expressway (NB)","way":"SLEX","island":"Luzon","region":"NCR","len":1098,"route":"","status":"Operational","project":"Implemented through PPP"},"geometry":{"type":"LineString","coordinates":[[121.03491,14.5072],[121.03281,14.51164],[121.03414,14.51376],[121.03622,14.51526]]}},{"type":"Feature","id":249,"properties":{"id":249,"name":"South Luzon Expressway (NB)","way":"SLEX","island":"Luzon","region":"NCR","len":17533,"route":"","status":"Operational","project":"Implemented through PPP"},"geometry":{"type":"LineString","coordinates":[[121.0426,14.37119],[121.03931,14.38989],[121.03883,14.39619],[121.03924,14.40067],[121.04023,14.40471],[121.04244,14.4097],[121.04513,14.41416],[121.04553,14.4161],[121.0452,14.48642],[121.04417,14.48993],[121.02632,14.52287]]}},{"type":"Feature","id":250,"properties":{"id":250,"name":"South Luzon Expressway (SB)","way":"SLEX","island":"Luzon","region":"NCR","len":19472,"route":"","status":"Operational","project":"Implemented through PPP"},"geometry":{"type":"LineString","coordinates":[[121.01796,14.53821],[121.02576,14.52382],[121.0283,14.51832],[121.02965,14.51656],[121.043,14.49182],[121.04491,14.48728],[121.04532,14.41545],[121.04482,14.41382],[121.04201,14.40921],[121.04006,14.4047],[121.03923,14.40149],[121.03867,14.39628],[121.0389,14.39163],[121.04251,14.37107]]}},{"type":"Feature","id":251,"properties":{"id":251,"name":"South Luzon Expressway (SB)","way":"SLEX","island":"Luzon","region":"Region IV-A","len":22666,"route":"","status":"Operational","project":"Implemented through PPP"},"geometry":{"type":"LineString","coordinates":[[121.04251,14.37107],[121.04621,14.35011],[121.04771,14.3464],[121.05595,14.32963],[121.05763,14.32703],[121.08098,14.29981],[121.10712,14.24846],[121.14105,14.19321]]}},{"type":"Feature","id":252,"properties":{"id":252,"name":"SLEX Extension-Calamba (NB)","way":"SLEX Extension","island":"Luzon","region":"Region IV-A","len":239,"route":"","status":"Operational","project":""},"geometry":{"type":"LineString","coordinates":[[121.14173,14.19363],[121.14228,14.19334],[121.14215,14.19289],[121.14169,14.19281],[121.14123,14.19324]]}},{"type":"Feature","id":253,"properties":{"id":253,"name":"SLEX Extension-Calamba (SB)","way":"SLEX Extension","island":"Luzon","region":"Region IV-A","len":257,"route":"","status":"Operational","project":""},"geometry":{"type":"LineString","coordinates":[[121.14193,14.19206],[121.14248,14.19431]]}},{"type":"Feature","id":254,"properties":{"id":254,"name":"SLEX Extension-Calamba (SB)","way":"SLEX Extension","island":"Luzon","region":"Region IV-A","len":231,"route":"","status":"Operational","project":""},"geometry":{"type":"LineString","coordinates":[[121.13976,14.19218],[121.14188,14.19189]]}},{"type":"Feature","id":255,"properties":{"id":255,"name":"South Luzon Expressway (NB)","way":"SLEX","island":"Luzon","region":"Region IV-A","len":480,"route":"","status":"Operational","project":"Implemented through PPP"},"geometry":{"type":"LineString","coordinates":[[121.10537,14.25218],[121.10531,14.253],[121.10567,14.25356],[121.10826,14.25488]]}},{"type":"Feature","id":256,"properties":{"id":256,"name":"South Luzon Expressway (NB)","way":"SLEX","island":"Luzon","region":"Region IV-A","len":479,"route":"","status":"Operational","project":"Implemented through PPP"},"geometry":{"type":"LineString","coordinates":[[121.10818,14.25494],[121.10555,14.25368],[121.10479,14.25379],[121.10425,14.25429]]}},{"type":"Feature","id":257,"properties":{"id":257,"name":"South Luzon Expressway (SB)","way":"SLEX","island":"Luzon","region":"Region IV-A","len":480,"route":"","status":"Operational","project":"Implemented through PPP"},"geometry":{"type":"LineString","coordinates":[[121.10142,14.25158],[121.10394,14.25275],[121.10479,14.25255],[121.10526,14.25194]]}},{"type":"Feature","id":258,"properties":{"id":258,"name":"South Luzon Expressway (SB)","way":"SLEX","island":"Luzon","region":"Region IV-A","len":474,"route":"","status":"Operational","project":"Implemented through PPP"},"geometry":{"type":"LineString","coordinates":[[121.10404,14.2544],[121.10413,14.25346],[121.10381,14.25287],[121.10136,14.25169]]}},{"type":"Feature","id":259,"properties":{"id":259,"name":"South Luzon Expressway (SB)","way":"SLEX","island":"Luzon","region":"Region IV-A","len":486,"route":"","status":"Operational","project":"Implemented through PPP"},"geometry":{"type":"LineString","coordinates":[[121.08695,14.28814],[121.08663,14.28608],[121.08758,14.28399]]}},{"type":"Feature","id":260,"properties":{"id":260,"name":"South Luzon Expressway (SB)","way":"SLEX","island":"Luzon","region":"Region IV-A","len":349,"route":"","status":"Operational","project":"Implemented through PPP"},"geometry":{"type":"LineString","coordinates":[[121.0767,14.30506],[121.0768,14.30401],[121.07555,14.30231]]}},{"type":"Feature","id":261,"properties":{"id":261,"name":"South Luzon Expressway (SB)","way":"SLEX","island":"Luzon","region":"Region IV-A","len":328,"route":"","status":"Operational","project":"Implemented through PPP"},"geometry":{"type":"LineString","coordinates":[[121.07573,14.3023],[121.07694,14.30393],[121.07788,14.30368]]}},{"type":"Feature","id":262,"properties":{"id":262,"name":"South Luzon Expressway (NB)","way":"SLEX","island":"Luzon","region":"Region IV-A","len":742,"route":"","status":"Operational","project":"Implemented through PPP"},"geometry":{"type":"LineString","coordinates":[[121.0613,14.32268],[121.06163,14.32211],[121.06126,14.32103],[121.06197,14.32075],[121.06339,14.32347],[121.06423,14.32419]]}},{"type":"Feature","id":263,"properties":{"id":263,"name":"South Luzon Expressway (SB)","way":"SLEX","island":"Luzon","region":"Region IV-A","len":692,"route":"","status":"Operational","project":"Implemented through PPP"},"geometry":{"type":"LineString","coordinates":[[121.06424,14.32433],[121.06326,14.32356],[121.06206,14.3209],[121.06148,14.32092],[121.06143,14.32156],[121.06235,14.32155]]}},{"type":"Feature","id":264,"properties":{"id":264,"name":"South Luzon Expressway (NB)","way":"SLEX","island":"Luzon","region":"Region IV-A","len":165,"route":"","status":"Operational","project":"Implemented through PPP"},"geometry":{"type":"LineString","coordinates":[[121.0629,14.3226],[121.06235,14.32228],[121.06159,14.32272]]}},{"type":"Feature","id":265,"properties":{"id":265,"name":"South Luzon Expressway (NB)","way":"SLEX","island":"Luzon","region":"Region IV-A","len":313,"route":"","status":"Operational","project":"Implemented through PPP"},"geometry":{"type":"LineString","coordinates":[[121.06298,14.32107],[121.06297,14.32215],[121.0637,14.32373]]}},{"type":"Feature","id":266,"properties":{"id":266,"name":"South Luzon Expressway (NB)","way":"SLEX","island":"Luzon","region":"Region IV-A","len":260,"route":"","status":"Operational","project":"Implemented through PPP"},"geometry":{"type":"LineString","coordinates":[[121.05547,14.33084],[121.05556,14.33318]]}},{"type":"Feature","id":267,"properties":{"id":267,"name":"South Luzon Expressway (NB)","way":"SLEX","island":"Luzon","region":"Region IV-A","len":214,"route":"","status":"Operational","project":"Implemented through PPP"},"geometry":{"type":"LineString","coordinates":[[121.05548,14.33319],[121.05554,14.33207],[121.05521,14.33188],[121.05484,14.33212]]}},{"type":"Feature","id":268,"properties":{"id":268,"name":"South Luzon Expressway (SB)","way":"SLEX","island":"Luzon","region":"Region IV-A","len":242,"route":"","status":"Operational","project":"Implemented through PPP"},"geometry":{"type":"LineString","coordinates":[[121.05332,14.33279],[121.05306,14.33433],[121.05368,14.33419]]}},{"type":"Feature","id":269,"properties":{"id":269,"name":"South Luzon Expressway (SB)","way":"SLEX","island":"Luzon","region":"Region IV-A","len":572,"route":"","status":"Operational","project":"Implemented through PPP"},"geometry":{"type":"LineString","coordinates":[[121.05202,14.33767],[121.05293,14.33374],[121.05263,14.33266]]}},{"type":"Feature","id":270,"properties":{"id":270,"name":"South Luzon Expressway (SB)","way":"SLEX","island":"Luzon","region":"Region IV-A","len":242,"route":"","status":"Operational","project":"Implemented through PPP"},"geometry":{"type":"LineString","coordinates":[[121.05293,14.33374],[121.05327,14.33237],[121.05386,14.33186]]}},{"type":"Feature","id":271,"properties":{"id":271,"name":"South Luzon Expressway (NB)","way":"SLEX","island":"Luzon","region":"Region IV-A","len":222,"route":"","status":"Operational","project":"Implemented through PPP"},"geometry":{"type":"LineString","coordinates":[[121.05386,14.33198],[121.05331,14.33249],[121.05313,14.33374]]}},{"type":"Feature","id":272,"properties":{"id":272,"name":"South Luzon Expressway (SB)","way":"SLEX","island":"Luzon","region":"Region IV-A","len":224,"route":"","status":"Operational","project":"Implemented through PPP"},"geometry":{"type":"LineString","coordinates":[[121.0423,14.36738],[121.0424,14.36846],[121.04275,14.36847],[121.04305,14.36796]]}},{"type":"Feature","id":273,"properties":{"id":273,"name":"South Luzon Expressway (SB)","way":"SLEX","island":"Luzon","region":"Region IV-A","len":264,"route":"","status":"Operational","project":"Implemented through PPP"},"geometry":{"type":"LineString","coordinates":[[121.04272,14.36972],[121.04225,14.36739]]}},{"type":"Feature","id":274,"properties":{"id":274,"name":"South Luzon Expressway (WB)","way":"SLEX","island":"Luzon","region":"NCR","len":997,"route":"","status":"Operational","project":"Implemented through PPP"},"geometry":{"type":"LineString","coordinates":[[121.04101,14.38025],[121.04112,14.38161],[121.0415,14.38186],[121.04198,14.38161],[121.04157,14.38088],[121.04054,14.38045],[121.04003,14.38056],[121.03981,14.38177],[121.03923,14.38278],[121.0394,14.38384],[121.03875,14.38425]]}},{"type":"Feature","id":275,"properties":{"id":275,"name":"Muntinlupa-Cavite-Expressway (SB)","way":"MCX","island":"Luzon","region":"NCR","len":506,"route":"","status":"Operational","project":""},"geometry":{"type":"LineString","coordinates":[[121.03866,14.38396],[121.04002,14.38381],[121.04081,14.38068]]}},{"type":"Feature","id":276,"properties":{"id":276,"name":"South Luzon Expressway (NB)","way":"SLEX","island":"Luzon","region":"NCR","len":837,"route":"","status":"Operational","project":"Implemented through PPP"},"geometry":{"type":"LineString","coordinates":[[121.03912,14.38245],[121.03974,14.38034],[121.04184,14.38095],[121.04199,14.38175],[121.04089,14.38245],[121.04045,14.38349]]}},{"type":"Feature","id":277,"properties":{"id":277,"name":"Muntinlupa-Cavite-Expressway (WB)","way":"MCEX","island":"Luzon","region":"NCR","len":778,"route":"","status":"Operational","project":""},"geometry":{"type":"LineString","coordinates":[[121.03986,14.38493],[121.04048,14.38078],[121.04003,14.38048],[121.03962,14.38072],[121.03923,14.38249]]}},{"type":"Feature","id":278,"properties":{"id":278,"name":"Muntinlupa-Cavite-Expressway (SB)","way":"MCX","island":"Luzon","region":"NCR","len":282,"route":"","status":"Operational","project":""},"geometry":{"type":"LineString","coordinates":[[121.04037,14.38044],[121.03961,14.38056],[121.03928,14.38232]]}},{"type":"Feature","id":279,"properties":{"id":279,"name":"South Luzon Expressway (NB)","way":"SLEX","island":"Luzon","region":"NCR","len":494,"route":"","status":"Operational","project":"Implemented through PPP"},"geometry":{"type":"LineString","coordinates":[[121.03889,14.38224],[121.03919,14.38216],[121.03953,14.38035],[121.04081,14.37955],[121.0411,14.37877]]}},{"type":"Feature","id":280,"properties":{"id":280,"name":"Muntinlupa-Cavite-Expressway (NB)","way":"MCX","island":"Luzon","region":"NCR","len":461,"route":"","status":"Operational","project":""},"geometry":{"type":"LineString","coordinates":[[121.03866,14.38396],[121.04028,14.38475],[121.0398,14.38709]]}},{"type":"Feature","id":281,"properties":{"id":281,"name":"Muntinlupa-Cavite-Expressway (SB)","way":"MCX","island":"Luzon","region":"NCR","len":470,"route":"","status":"Operational","project":""},"geometry":{"type":"LineString","coordinates":[[121.03955,14.38771],[121.03984,14.38478],[121.03956,14.38437],[121.03875,14.38425]]}},{"type":"Feature","id":282,"properties":{"id":282,"name":"South Luzon Expressway (NB)","way":"SLEX","island":"Luzon","region":"NCR","len":559,"route":"","status":"Operational","project":"Implemented through PPP"},"geometry":{"type":"LineString","coordinates":[[121.04285,14.40993],[121.04365,14.41003],[121.04365,14.4107],[121.04033,14.41227]]}},{"type":"Feature","id":283,"properties":{"id":283,"name":"South Luzon Expressway (NB)","way":"SLEX","island":"Luzon","region":"NCR","len":779,"route":"","status":"Operational","project":"Implemented through PPP"},"geometry":{"type":"LineString","coordinates":[[121.04211,14.40905],[121.04286,14.40983],[121.04387,14.41003],[121.04355,14.4111],[121.04566,14.41434]]}},{"type":"Feature","id":284,"properties":{"id":284,"name":"South Luzon Expressway (SB)","way":"SLEX","island":"Luzon","region":"NCR","len":581,"route":"","status":"Operational","project":"Implemented through PPP"},"geometry":{"type":"LineString","coordinates":[[121.03905,14.41205],[121.04042,14.41195],[121.04192,14.41136],[121.04241,14.41059],[121.04202,14.40922]]}},{"type":"Feature","id":285,"properties":{"id":285,"name":"South Luzon Expressway (NB)","way":"SLEX","island":"Luzon","region":"NCR","len":712,"route":"","status":"Operational","project":"Implemented through PPP"},"geometry":{"type":"LineString","coordinates":[[121.03907,14.41212],[121.04187,14.41156],[121.0436,14.41064],[121.04372,14.4103],[121.04333,14.41003],[121.04305,14.41023],[121.0431,14.41079]]}},{"type":"Feature","id":286,"properties":{"id":286,"name":"South Metro Manila Skyway (SB) Extension","way":"SLEX","island":"Luzon","region":"NCR","len":449,"route":"","status":"Operational","project":"Implemented through PPP"},"geometry":{"type":"LineString","coordinates":[[121.04316,14.41151],[121.03912,14.41251]]}},{"type":"Feature","id":287,"properties":{"id":287,"name":"South Metro Manila Skyway (SB) Extension","way":"SLEX","island":"Luzon","region":"NCR","len":4530,"route":"","status":"Operational","project":"Implemented through PPP"},"geometry":{"type":"LineString","coordinates":[[121.04527,14.44053],[121.04525,14.41571],[121.04462,14.41371],[121.04222,14.40995],[121.04063,14.4065],[121.0396,14.4035],[121.03917,14.40107]]}},{"type":"Feature","id":288,"properties":{"id":288,"name":"South Luzon Expressway (NB)","way":"SLEX","island":"Luzon","region":"NCR","len":419,"route":"","status":"Operational","project":"Implemented through PPP"},"geometry":{"type":"LineString","coordinates":[[121.04523,14.48485],[121.04544,14.48709],[121.04477,14.48846]]}},{"type":"Feature","id":289,"properties":{"id":289,"name":"South Luzon Expressway (SB)","way":"SLEX","island":"Luzon","region":"NCR","len":437,"route":"","status":"Operational","project":"Implemented through PPP"},"geometry":{"type":"LineString","coordinates":[[121.04433,14.48905],[121.04507,14.48519]]}},{"type":"Feature","id":290,"properties":{"id":290,"name":"South Luzon Expressway (SB)","way":"SLEX","island":"Luzon","region":"NCR","len":522,"route":"","status":"Operational","project":"Implemented through PPP"},"geometry":{"type":"LineString","coordinates":[[121.03034,14.51527],[121.0323,14.51098]]}},{"type":"Feature","id":291,"properties":{"id":291,"name":"NAIA Expressway (WB) Ph-1","way":"NAIAX","island":"Luzon","region":"NCR","len":682,"route":"","status":"Operational","project":"Implemented through PPP"},"geometry":{"type":"LineString","coordinates":[[121.02563,14.52486],[121.02593,14.52394],[121.02493,14.52343],[121.02379,14.52166],[121.02238,14.52021]]}},{"type":"Feature","id":292,"properties":{"id":292,"name":"NAIA Expressway (SB) Ph-1","way":"NAIAX","island":"Luzon","region":"NCR","len":377,"route":"","status":"Operational","project":"Implemented through PPP"},"geometry":{"type":"LineString","coordinates":[[121.02461,14.5227],[121.02526,14.52332],[121.02634,14.5233],[121.02727,14.52215]]}},{"type":"Feature","id":293,"properties":{"id":293,"name":"SLEX Extension-Calamba (SB)","way":"SLEX Extension","island":"Luzon","region":"Region IV-A","len":7884,"route":"","status":"Operational","project":""},"geometry":{"type":"LineString","coordinates":[[121.14105,14.19321],[121.14222,14.19121],[121.14271,14.18961],[121.14253,14.18401],[121.14303,14.1767],[121.14273,14.1711],[121.1436,14.16571],[121.14375,14.15853],[121.14689,14.1436],[121.14694,14.14093],[121.14608,14.13678],[121.14471,14.13391],[121.13781,14.12587]]}},{"type":"Feature","id":294,"properties":{"id":294,"name":"SLEX Extension-Calamba (SB)","way":"SLEX Extension","island":"Luzon","region":"Region IV-A","len":578,"route":"","status":"Operational","project":""},"geometry":{"type":"LineString","coordinates":[[121.13781,14.12587],[121.1372,14.1255],[121.13649,14.12555],[121.13593,14.12695],[121.13622,14.12753],[121.13786,14.12801]]}},{"type":"Feature","id":295,"properties":{"id":295,"name":"STAR-Sto. Tomas (SB)","way":"STAR","island":"Luzon","region":"Region IV-A","len":41752,"route":"","status":"Operational","project":""},"geometry":{"type":"LineString","coordinates":[[121.13781,14.12587],[121.13633,14.12412],[121.13408,14.12049],[121.13029,14.11246],[121.12899,14.10817],[121.12873,14.10525],[121.12909,14.10114],[121.12994,14.0981],[121.13177,14.09389],[121.13256,14.09018],[121.13253,14.08726],[121.13078,14.07875],[121.13093,14.07377],[121.13175,14.07043],[121.13371,14.06642],[121.14566,14.04876],[121.15055,14.03814],[121.15366,14.03053],[121.15464,14.02574],[121.15483,14.02255],[121.15502,14.00007],[121.1544,13.99335],[121.15353,13.98989],[121.15023,13.98047],[121.14515,13.95814],[121.14345,13.9529],[121.13895,13.94328],[121.12922,13.92427],[121.12721,13.91849],[121.12663,13.91426],[121.12618,13.90115],[121.1279,13.88404],[121.12778,13.88122],[121.12659,13.87494],[121.12322,13.86716],[121.1215,13.86083],[121.12112,13.85696],[121.12082,13.83322],[121.11994,13.82781],[121.11789,13.82187],[121.11473,13.81638],[121.10808,13.8074],[121.10481,13.80398],[121.09865,13.79919],[121.09617,13.79809],[121.09254,13.79729],[121.07375,13.79722],[121.0714,13.79765]]}},{"type":"Feature","id":296,"properties":{"id":296,"name":"STAR-Sto. Tomas (NB)","way":"STAR","island":"Luzon","region":"Region IV-A","len":41823,"route":"","status":"Operational","project":""},"geometry":{"type":"LineString","coordinates":[[121.07138,13.79734],[121.07661,13.79693],[121.07765,13.79716],[121.09242,13.79721],[121.09632,13.79807],[121.09939,13.79948],[121.10604,13.80482],[121.10876,13.80788],[121.1157,13.8174],[121.11812,13.82193],[121.12018,13.82797],[121.12102,13.83317],[121.12137,13.85692],[121.1217,13.86074],[121.12337,13.86698],[121.1268,13.87491],[121.12783,13.87956],[121.12811,13.88403],[121.12638,13.90102],[121.12709,13.91694],[121.12781,13.92008],[121.12936,13.92424],[121.14194,13.94867],[121.14389,13.9535],[121.14573,13.95971],[121.15042,13.98043],[121.15372,13.98987],[121.1546,13.99336],[121.15523,14.00007],[121.15502,14.02365],[121.15392,14.0304],[121.15166,14.0362],[121.14627,14.04807],[121.14383,14.0522],[121.13385,14.06659],[121.13252,14.06907],[121.13112,14.07385],[121.13099,14.07878],[121.1326,14.08639],[121.13278,14.09023],[121.13193,14.09414],[121.13015,14.0982],[121.1293,14.10116],[121.12893,14.10525],[121.12918,14.10816],[121.1305,14.11243],[121.13426,14.12035],[121.13648,14.12396],[121.13831,14.12609]]}},{"type":"Feature","id":297,"properties":{"id":297,"name":"STAR-Sto. Tomas (SB)","way":"STAR","island":"Luzon","region":"Region IV-A","len":421,"route":"","status":"Operational","project":""},"geometry":{"type":"LineString","coordinates":[[121.13917,13.94324],[121.13999,13.9436],[121.14065,13.94298],[121.13984,13.94112]]}},{"type":"Feature","id":298,"properties":{"id":298,"name":"STAR-Sto. Tomas (SB)","way":"STAR","island":"Luzon","region":"Region IV-A","len":504,"route":"","status":"Operational","project":""},"geometry":{"type":"LineString","coordinates":[[121.14,13.94105],[121.14081,13.9428],[121.14012,13.94444],[121.14017,13.94528]]}},{"type":"Feature","id":299,"properties":{"id":299,"name":"Muntinlupa-Cavite-Expressway (EB)","way":"MCX","island":"Luzon","region":"NCR","len":2969,"route":"","status":"Operational","project":""},"geometry":{"type":"LineString","coordinates":[[121.01412,14.37474],[121.01449,14.37529],[121.016,14.3759],[121.0192,14.37671],[121.02233,14.37699],[121.02793,14.37688],[121.02927,14.37714],[121.03078,14.37799],[121.03304,14.38044],[121.03866,14.38396]]}},{"type":"Feature","id":300,"properties":{"id":300,"name":"Muntinlupa-Cavite-Expressway (WB)","way":"MCX","island":"Luzon","region":"NCR","len":2984,"route":"","status":"Operational","project":""},"geometry":{"type":"LineString","coordinates":[[121.03875,14.38425],[121.03329,14.38085],[121.03097,14.37841],[121.02911,14.37732],[121.0279,14.3771],[121.02166,14.3772],[121.01813,14.37683],[121.01419,14.37574],[121.01372,14.37588]]}},{"type":"Feature","id":301,"properties":{"id":301,"name":"CAVITEX-Parañaque (SB)","way":"CAVITEX","island":"Luzon","region":"Region IV-A","len":6492,"route":"","status":"Operational","project":""},"geometry":{"type":"LineString","coordinates":[[120.97024,14.47552],[120.96423,14.47197],[120.95525,14.46862],[120.94865,14.46666],[120.93633,14.46394],[120.92835,14.46114],[120.92421,14.45925],[120.91837,14.45601],[120.91661,14.45417],[120.91612,14.45259]]}},{"type":"Feature","id":302,"properties":{"id":302,"name":"CAVITEX-Parañaque (NB)","way":"CAVITEX","island":"Luzon","region":"Region IV-A","len":6807,"route":"","status":"Operational","project":""},"geometry":{"type":"LineString","coordinates":[[120.91608,14.44942],[120.91626,14.45234],[120.91807,14.45541],[120.92056,14.45718],[120.9257,14.45988],[120.93497,14.46346],[120.94867,14.46658],[120.95412,14.46813],[120.96486,14.47214],[120.97027,14.47539]]}},{"type":"Feature","id":303,"properties":{"id":303,"name":"CAVITEX-Parañaque (NB)","way":"CAVITEX","island":"Luzon","region":"NCR","len":5471,"route":"","status":"Operational","project":""},"geometry":{"type":"LineString","coordinates":[[120.97027,14.47539],[120.97729,14.48099],[120.98733,14.4942],[120.99067,14.50432],[120.99263,14.51226],[120.99333,14.51742]]}},{"type":"Feature","id":304,"properties":{"id":304,"name":"CAVITEX-Parañaque (NB)","way":"CAVITEX","island":"Luzon","region":"Region IV-A","len":159,"route":"","status":"Operational","project":""},"geometry":{"type":"LineString","coordinates":[[120.9624,14.47011],[120.96237,14.47079],[120.96296,14.47128]]}},{"type":"Feature","id":305,"properties":{"id":305,"name":"CAVITEX-Parañaque (NB)","way":"CAVITEX","island":"Luzon","region":"Region IV-A","len":149,"route":"","status":"Operational","project":""},"geometry":{"type":"LineString","coordinates":[[120.96251,14.47012],[120.96246,14.4707],[120.96296,14.47128]]}},{"type":"Feature","id":306,"properties":{"id":306,"name":"CAVITEX-Parañaque (NB)","way":"CAVITEX","island":"Luzon","region":"Region IV-A","len":231,"route":"","status":"Operational","project":""},"geometry":{"type":"LineString","coordinates":[[120.91733,14.45075],[120.91641,14.45168],[120.91631,14.45246]]}},{"type":"Feature","id":307,"properties":{"id":307,"name":"South Metro Manila Skyway (SB)","way":"SMMS","island":"Luzon","region":"NCR","len":16353,"route":"","status":"Operational","project":"TRB"},"geometry":{"type":"LineString","coordinates":[[121.00974,14.55345],[121.02361,14.5276],[121.02634,14.52383],[121.03321,14.51136],[121.03544,14.50594],[121.04392,14.49024],[121.04497,14.4872],[121.04543,14.42313],[121.04498,14.42268],[121.0388,14.42262],[121.03701,14.42291]]}},{"type":"Feature","id":308,"properties":{"id":308,"name":"South Metro Manila Skyway (NB)","way":"SMMS","island":"Luzon","region":"NCR","len":16651,"route":"","status":"Operational","project":"TRB"},"geometry":{"type":"LineString","coordinates":[[121.00861,14.5558],[121.02385,14.52759],[121.02628,14.52419],[121.03305,14.51196],[121.03469,14.50863],[121.03557,14.50583],[121.04394,14.49033],[121.04499,14.48729],[121.04548,14.4232],[121.04487,14.4226],[121.03697,14.4228]]}},{"type":"Feature","id":309,"properties":{"id":309,"name":"South Metro Manila Skyway (NB)","way":"SMMS","island":"Luzon","region":"NCR","len":1056,"route":"","status":"Operational","project":"TRB"},"geometry":{"type":"LineString","coordinates":[[121.01275,14.54818],[121.01139,14.55102],[121.01248,14.55145],[121.01523,14.5514],[121.0154,14.55182],[121.01497,14.55389]]}},{"type":"Feature","id":310,"properties":{"id":310,"name":"South Metro Manila Skyway (SB)","way":"SMMS","island":"Luzon","region":"NCR","len":825,"route":"","status":"Operational","project":"TRB"},"geometry":{"type":"LineString","coordinates":[[121.01516,14.55141],[121.01251,14.55152],[121.01113,14.55108],[121.0127,14.54799]]}},{"type":"Feature","id":311,"properties":{"id":311,"name":"NAIA Expressway (WB) Ph-1","way":"NAIAX","island":"Luzon","region":"NCR","len":433,"route":"","status":"Operational","project":"Implemented through PPP"},"geometry":{"type":"LineString","coordinates":[[121.02753,14.52193],[121.02662,14.5235],[121.02523,14.52345],[121.02463,14.52298]]}},{"type":"Feature","id":312,"properties":{"id":312,"name":"NAIA Expressway (NB) Ph-1","way":"NAIAX","island":"Luzon","region":"NCR","len":793,"route":"","status":"Operational","project":"Implemented through PPP"},"geometry":{"type":"LineString","coordinates":[[121.02244,14.52002],[121.02491,14.5232],[121.02646,14.52362],[121.02653,14.52403],[121.02574,14.52493]]}},{"type":"Feature","id":313,"properties":{"id":313,"name":"South Metro Manila Skyway (SB)","way":"SMMS","island":"Luzon","region":"NCR","len":921,"route":"","status":"Operational","project":"TRB"},"geometry":{"type":"LineString","coordinates":[[121.04271,14.49231],[121.04424,14.48868],[121.04101,14.48564]]}},{"type":"Feature","id":314,"properties":{"id":314,"name":"South Metro Manila Skyway (NB)","way":"SMMS","island":"Luzon","region":"NCR","len":1391,"route":"","status":"Operational","project":"TRB"},"geometry":{"type":"LineString","coordinates":[[121.04101,14.48564],[121.04205,14.48579],[121.04218,14.48518],[121.04186,14.48506],[121.04152,14.48537],[121.04183,14.48644],[121.04372,14.48783],[121.0445,14.48891],[121.04439,14.4897],[121.04214,14.49371]]}},{"type":"Feature","id":315,"properties":{"id":315,"name":"South Metro Manila Skyway (SB)","way":"SMMS","island":"Luzon","region":"NCR","len":765,"route":"","status":"Operational","project":"TRB"},"geometry":{"type":"LineString","coordinates":[[121.04518,14.45837],[121.04498,14.45529],[121.04307,14.45453],[121.04129,14.45503]]}},{"type":"Feature","id":316,"properties":{"id":316,"name":"South Metro Manila Skyway (NB)","way":"SMMS","island":"Luzon","region":"NCR","len":864,"route":"","status":"Operational","project":"TRB"},"geometry":{"type":"LineString","coordinates":[[121.04127,14.45499],[121.0431,14.45448],[121.04526,14.45525],[121.04549,14.4557],[121.04536,14.45889]]}},{"type":"Feature","id":317,"properties":{"id":317,"name":"NLEX-Harbor Link (NB)","way":"NLEX Harbor Link (Segment 10)","island":"Luzon","region":"NCR","len":943,"route":"","status":"Operational","project":"TRB"},"geometry":{"type":"LineString","coordinates":[[120.97686,14.64494],[120.97652,14.64527],[120.97487,14.65312]]}},{"type":"Feature","id":318,"properties":{"id":318,"name":"NLEX-McArthur Highway Link (EB)","way":"NLEX Harbor Link (Segment 9)","island":"Luzon","region":"NCR","len":1296,"route":"","status":"Operational","project":"TRB"},"geometry":{"type":"LineString","coordinates":[[120.96981,14.68555],[120.97011,14.68856],[120.97144,14.69142],[120.9734,14.69297],[120.97644,14.69375]]}},{"type":"Feature","id":319,"properties":{"id":319,"name":"NLEX-McArthur Highway Link (WB)","way":"NLEX Harbor Link (Segment 9)","island":"Luzon","region":"NCR","len":1684,"route":"","status":"Operational","project":"TRB"},"geometry":{"type":"LineString","coordinates":[[120.97913,14.69434],[120.97457,14.69378],[120.972,14.69259],[120.9709,14.69133],[120.96989,14.68929],[120.96956,14.68766],[120.96963,14.68529]]}},{"type":"Feature","id":320,"properties":{"id":320,"name":"NLEX-McArthur Highway Link (SB)","way":"NLEX Harbor Link (Segment 9)","island":"Luzon","region":"NCR","len":731,"route":"","status":"Operational","project":"TRB"},"geometry":{"type":"LineString","coordinates":[[120.99618,14.69344],[120.99756,14.69325],[120.99925,14.69221],[121.00053,14.69084],[121.00078,14.68942]]}},{"type":"Feature","id":321,"properties":{"id":321,"name":"NAIA Terminal 1Rd","way":"NAIAX","island":"Luzon","region":"NCR","len":1038,"route":"","status":"Operational","project":"Implemented through PPP"},"geometry":{"type":"LineString","coordinates":[[120.99685,14.51701],[121.00114,14.51682],[121.00354,14.5157],[121.004,14.51502],[121.00343,14.51332]]}},{"type":"Feature","id":322,"properties":{"id":322,"name":"NAIA Expressway (EB)","way":"NAIAX","island":"Luzon","region":"NCR","len":374,"route":"","status":"Operational","project":"Implemented through PPP"},"geometry":{"type":"LineString","coordinates":[[120.98816,14.51737],[120.99163,14.51736]]}},{"type":"Feature","id":323,"properties":{"id":323,"name":"NAIA Expressway (SE)","way":"NAIAX","island":"Luzon","region":"NCR","len":412,"route":"","status":"Operational","project":"Implemented through PPP"},"geometry":{"type":"LineString","coordinates":[[121.00021,14.51706],[120.99951,14.5173],[120.99916,14.51818],[120.99931,14.52022]]}},{"type":"Feature","id":324,"properties":{"id":324,"name":"NAIA Expressway (WB) Ph-1","way":"NAIAX","island":"Luzon","region":"NCR","len":379,"route":"","status":"Operational","project":"Implemented through PPP"},"geometry":{"type":"LineString","coordinates":[[121.02244,14.52002],[121.02461,14.5227]]}},{"type":"Feature","id":325,"properties":{"id":325,"name":"NAIA Terminal 2 Rd","way":"NAIAX","island":"Luzon","region":"NCR","len":398,"route":"","status":"Operational","project":"Implemented through PPP"},"geometry":{"type":"LineString","coordinates":[[121.00354,14.5157],[121.00666,14.51378]]}},{"type":"Feature","id":326,"properties":{"id":326,"name":"NAIA Expressway (WB)","way":"NAIAX","island":"Luzon","region":"NCR","len":344,"route":"","status":"Operational","project":"Implemented through PPP"},"geometry":{"type":"LineString","coordinates":[[120.99121,14.51747],[120.98801,14.51743]]}},{"type":"Feature","id":327,"properties":{"id":327,"name":"NAIA Expressway (WB)","way":"NAIAX","island":"Luzon","region":"NCR","len":5327,"route":"","status":"Operational","project":"Implemented through PPP"},"geometry":{"type":"LineString","coordinates":[[121.02238,14.52021],[121.01952,14.51732],[121.01871,14.51736],[121.01234,14.52366],[121.01057,14.52672],[121.00931,14.52719],[121.00197,14.52835],[120.99927,14.5275],[120.99864,14.52684],[120.99925,14.51948],[120.99822,14.51741],[120.99715,14.51708],[120.99263,14.51761],[120.99107,14.51748],[120.9908,14.51792],[120.99085,14.51936]]}},{"type":"Feature","id":328,"properties":{"id":328,"name":"NAIA Expressway (EB)","way":"NAIAX","island":"Luzon","region":"NCR","len":542,"route":"","status":"Operational","project":"Implemented through PPP"},"geometry":{"type":"LineString","coordinates":[[120.99911,14.52103],[120.99892,14.51856],[120.99916,14.51745],[120.99947,14.51705],[121.00025,14.51694]]}},{"type":"Feature","id":329,"properties":{"id":329,"name":"TPLEX-Sison exit (SB)","way":"TPLEX","island":"Luzon","region":"Region I","len":1147,"route":"","status":"Operational","project":""},"geometry":{"type":"LineString","coordinates":[[120.51502,16.18563],[120.51422,16.18546],[120.51383,16.18499],[120.51413,16.18055],[120.51235,16.17986],[120.51211,16.17949],[120.51234,16.1789],[120.5137,16.17803]]}},{"type":"Feature","id":330,"properties":{"id":330,"name":"TPLEX-Sison exit (NB)","way":"TPLEX","island":"Luzon","region":"Region I","len":888,"route":"","status":"Operational","project":""},"geometry":{"type":"LineString","coordinates":[[120.51375,16.17829],[120.5144,16.18076],[120.51392,16.18486],[120.51428,16.18534],[120.51502,16.18547]]}},{"type":"Feature","id":331,"properties":{"id":331,"name":"TPLEX-Sison exit (NB)","way":"TPLEX","island":"Luzon","region":"Region I","len":202,"route":"","status":"Operational","project":""},"geometry":{"type":"LineString","coordinates":[[120.51423,16.18146],[120.51405,16.18091],[120.51365,16.18076],[120.51305,16.18135]]}},{"type":"Feature","id":332,"properties":{"id":332,"name":"TPLEX-Sison exit (SB)","way":"TPLEX","island":"Luzon","region":"Region I","len":572,"route":"","status":"Operational","project":""},"geometry":{"type":"LineString","coordinates":[[120.51323,16.17988],[120.51319,16.17921],[120.51281,16.17891],[120.51228,16.17908],[120.51225,16.17967],[120.51396,16.18027],[120.51432,16.18134]]}},{"type":"Feature","id":333,"properties":{"id":333,"name":"TPLEX-Pura, Tarlac (SB)","way":"TPLEX","island":"Luzon","region":"Region III","len":8057,"route":"","status":"Operational","project":""},"geometry":{"type":"LineString","coordinates":[[120.63076,15.61609],[120.63099,15.58244],[120.63146,15.57631],[120.63232,15.5715],[120.63431,15.56434],[120.63688,15.55813],[120.6405,15.55153],[120.64413,15.54639]]}},{"type":"Feature","id":334,"properties":{"id":334,"name":"TPLEX-Pura, Tarlac (NB)","way":"TPLEX","island":"Luzon","region":"Region I","len":8034,"route":"","status":"Operational","project":""},"geometry":{"type":"LineString","coordinates":[[120.63092,15.61605],[120.63105,15.58407],[120.6312,15.58014],[120.632,15.5738],[120.634,15.56571],[120.63638,15.55949],[120.64049,15.55175],[120.64415,15.54651]]}},{"type":"Feature","id":335,"properties":{"id":335,"name":"TPLEX- Tarlac City (SB)","way":"TPLEX","island":"Luzon","region":"Region III","len":1926,"route":"","status":"Operational","project":""},"geometry":{"type":"LineString","coordinates":[[120.67703,15.49163],[120.67772,15.48823],[120.67823,15.48278],[120.6778,15.47441]]}},{"type":"Feature","id":336,"properties":{"id":336,"name":"TPLEX-Tarlac City (SB)","way":"TPLEX","island":"Luzon","region":"Region I","len":1934,"route":"","status":"Operational","project":""},"geometry":{"type":"LineString","coordinates":[[120.6779,15.4743],[120.67836,15.4807],[120.67828,15.48389],[120.67715,15.4916]]}},{"type":"Feature","id":337,"properties":{"id":337,"name":"TPLEX-Victoria, Tarlac (NB)","way":"TPLEX","island":"Luzon","region":"Region I","len":7093,"route":"","status":"Operational","project":""},"geometry":{"type":"LineString","coordinates":[[120.67715,15.4916],[120.67517,15.49797],[120.67224,15.50384],[120.65956,15.52191],[120.65089,15.53776],[120.64415,15.54651]]}},{"type":"Feature","id":338,"properties":{"id":338,"name":"TPLEX-Victoria, Tarlac (SB)","way":"TPLEX","island":"Luzon","region":"Region III","len":7073,"route":"","status":"Operational","project":""},"geometry":{"type":"LineString","coordinates":[[120.64413,15.54639],[120.65111,15.53723],[120.65953,15.52177],[120.67132,15.50521],[120.67436,15.49966],[120.67703,15.49163]]}},{"type":"Feature","id":339,"properties":{"id":339,"name":"TPLEXPaniqui (NB)","way":"TPLEX","island":"Luzon","region":"Region I","len":5881,"route":"","status":"Operational","project":""},"geometry":{"type":"LineString","coordinates":[[120.61455,15.66624],[120.61583,15.66035],[120.6184,15.65246],[120.62071,15.64692],[120.62596,15.63603],[120.62846,15.6293],[120.62991,15.62348],[120.63092,15.61605]]}},{"type":"Feature","id":340,"properties":{"id":340,"name":"TPLEX-Paniqui (SB)","way":"TPLEX","island":"Luzon","region":"Region III","len":5871,"route":"","status":"Operational","project":""},"geometry":{"type":"LineString","coordinates":[[120.61438,15.66619],[120.61606,15.65918],[120.61824,15.65257],[120.62128,15.64544],[120.62501,15.63788],[120.62797,15.63047],[120.62995,15.62269],[120.63076,15.61609]]}},{"type":"Feature","id":341,"properties":{"id":341,"name":"TPLEX-Anao (SB)","way":"TPLEX","island":"Luzon","region":"Region III","len":5822,"route":"","status":"Operational","project":""},"geometry":{"type":"LineString","coordinates":[[120.6131,15.71826],[120.61161,15.70987],[120.61116,15.70052],[120.61335,15.67282],[120.61438,15.66619]]}},{"type":"Feature","id":342,"properties":{"id":342,"name":"TPLEX-Anao (NB)","way":"TPLEX","island":"Luzon","region":"Region I","len":5809,"route":"","status":"Operational","project":""},"geometry":{"type":"LineString","coordinates":[[120.61455,15.66624],[120.6133,15.67435],[120.61127,15.70031],[120.6117,15.70966],[120.61321,15.71819]]}},{"type":"Feature","id":343,"properties":{"id":343,"name":"TPLEX-Rosales (SB)","way":"TPLEX","island":"Luzon","region":"Region III","len":2043,"route":"","status":"Operational","project":""},"geometry":{"type":"LineString","coordinates":[[120.61541,15.89463],[120.61931,15.88677],[120.62223,15.87752]]}},{"type":"Feature","id":344,"properties":{"id":344,"name":"TPLEX-Rosales (NB)","way":"TPLEX","island":"Luzon","region":"Region I","len":2077,"route":"","status":"Operational","project":""},"geometry":{"type":"LineString","coordinates":[[120.62243,15.87726],[120.61945,15.88674],[120.61554,15.89467]]}},{"type":"Feature","id":345,"properties":{"id":345,"name":"TPLEX-Binalonan (SB)","way":"TPLEX","island":"Luzon","region":"Region I","len":5510,"route":"","status":"Operational","project":""},"geometry":{"type":"LineString","coordinates":[[120.56166,16.04879],[120.56268,16.04447],[120.56512,16.02994],[120.56561,16.02873],[120.56842,16.02524],[120.57182,16.02003],[120.57879,16.01152],[120.58275,16.00481]]}},{"type":"Feature","id":346,"properties":{"id":346,"name":"TPLEX-Binalonan (NB)","way":"TPLEX","island":"Luzon","region":"Region I","len":5507,"route":"","status":"Operational","project":""},"geometry":{"type":"LineString","coordinates":[[120.5618,16.0488],[120.56292,16.04387],[120.56507,16.03068],[120.56564,16.02893],[120.56835,16.0255],[120.57181,16.02023],[120.57917,16.01121],[120.58286,16.00484]]}},{"type":"Feature","id":347,"properties":{"id":347,"name":"TPLEX-Rosario (NB)","way":"TPLEX","island":"Luzon","region":"Region I","len":5730,"route":"","status":"Operational","project":""},"geometry":{"type":"LineString","coordinates":[[120.51305,16.18135],[120.51236,16.1852],[120.51096,16.18752],[120.4993,16.1939],[120.49804,16.19487],[120.49696,16.19657],[120.49658,16.19868],[120.49791,16.20689],[120.49833,16.21168],[120.49845,16.21747],[120.4981,16.22493]]}},{"type":"Feature","id":348,"properties":{"id":348,"name":"TPLEX-Rosario (SB)","way":"TPLEX","island":"Luzon","region":"Region I","len":5761,"route":"","status":"Operational","project":""},"geometry":{"type":"LineString","coordinates":[[120.49777,16.22489],[120.49826,16.21249],[120.49796,16.208],[120.49655,16.19938],[120.49682,16.19663],[120.49769,16.19514],[120.49867,16.19421],[120.51077,16.1876],[120.51224,16.18529],[120.51302,16.18105]]}},{"type":"Feature","id":349,"properties":{"id":349,"name":"Cavite-Laguna Expressway (EB)","way":"CALAEx","island":"Luzon","region":"Region IV-A","len":315,"route":"","status":"Operational","project":"Implemented through PPP"},"geometry":{"type":"LineString","coordinates":[[121.0462,14.23603],[121.04582,14.23603],[121.04562,14.23647],[121.04639,14.23671],[121.04696,14.23565]]}},{"type":"Feature","id":350,"properties":{"id":350,"name":"Subic-Clark-Tarlac Expressway (NB)","way":"SCTEX","island":"Luzon","region":"Region III","len":275,"route":"","status":"Operational","project":"Implemented through PPP"},"geometry":{"type":"LineString","coordinates":[[120.67872,15.4756],[120.68128,15.4758]]}},{"type":"Feature","id":351,"properties":{"id":351,"name":"Central Luzon Link Expressway (WB)","way":"CLLEX","island":"Luzon","region":"Region III","len":29721,"route":"","status":"Operational","project":"Implemented through PPP"},"geometry":{"type":"LineString","coordinates":[[120.9311,15.52805],[120.91782,15.52363],[120.90876,15.52122],[120.87894,15.51503],[120.85047,15.50778],[120.84688,15.50735],[120.8424,15.50734],[120.83567,15.50875],[120.83149,15.50914],[120.82903,15.50892],[120.82515,15.50785],[120.82177,15.50616],[120.81879,15.50389],[120.80249,15.48455],[120.79805,15.48001],[120.79158,15.47585],[120.78409,15.47324],[120.78105,15.47268],[120.77434,15.47246],[120.70685,15.47286],[120.70115,15.47337],[120.68574,15.47551],[120.67717,15.4762],[120.67635,15.47594],[120.6761,15.47537],[120.6773,15.47355],[120.67752,15.47196]]}},{"type":"Feature","id":352,"properties":{"id":352,"name":"Central Luzon Link Expressway (NB)","way":"CLLEX","island":"Luzon","region":"Region III","len":932,"route":"","status":"Operational","project":"Implemented through PPP"},"geometry":{"type":"LineString","coordinates":[[120.68747,15.47531],[120.68593,15.47574],[120.67887,15.47641]]}},{"type":"Feature","id":353,"properties":{"id":353,"name":"Noth Luzon Expressway (NB)","way":"NLEX","island":"Luzon","region":"Region III","len":27,"route":"","status":"Operational","project":"Implemented through PPP"},"geometry":{"type":"LineString","coordinates":[[120.97224,14.74504],[120.97199,14.74509]]}},{"type":"Feature","id":354,"properties":{"id":354,"name":"Noth Luzon Expressway (NB)","way":"NLEX","island":"Luzon","region":"Region III","len":35,"route":"","status":"Operational","project":"Implemented through PPP"},"geometry":{"type":"LineString","coordinates":[[120.97181,14.7448],[120.97211,14.74468]]}},{"type":"Feature","id":355,"properties":{"id":355,"name":"NLEX-SLEX Connector (SB)","way":"NLEX-SLEX Connector","island":"Luzon","region":"NCR","len":8750,"route":"","status":"Operational","project":"Implemented through PPP"},"geometry":{"type":"LineString","coordinates":[[120.97615,14.64658],[120.97738,14.6391],[120.9756,14.62607],[120.97591,14.62443],[120.97776,14.62327],[120.98638,14.62243],[120.98747,14.62207],[121.00466,14.60415],[121.00808,14.60255],[121.01267,14.59875],[121.01351,14.59745],[121.01339,14.59553],[121.01018,14.59171],[121.00959,14.59009],[121.00904,14.58981]]}},{"type":"Feature","id":356,"properties":{"id":356,"name":"NLEX-SLEX Connector (NB)","way":"NLEX-SLEX Connector","island":"Luzon","region":"NCR","len":8777,"route":"","status":"Operational","project":"Implemented through PPP"},"geometry":{"type":"LineString","coordinates":[[121.01044,14.58951],[121.00978,14.59015],[121.00993,14.59126],[121.0125,14.59412],[121.01359,14.59607],[121.01358,14.59753],[121.01259,14.59897],[121.0084,14.60247],[121.00484,14.60413],[120.98778,14.62195],[120.9859,14.62256],[120.9779,14.62331],[120.97606,14.62436],[120.97567,14.62587],[120.97745,14.63883],[120.97624,14.64659]]}},{"type":"Feature","id":357,"properties":{"id":357,"name":"NLEX-Harbor Link (SB)","way":"NLEX Harbor Link (Segment 10)","island":"Luzon","region":"NCR","len":862,"route":"","status":"Operational","project":"TRB"},"geometry":{"type":"LineString","coordinates":[[120.97235,14.64494],[120.97633,14.64454],[120.97722,14.64076]]}},{"type":"Feature","id":358,"properties":{"id":358,"name":"NLEX-SLEX Connector (NB)","way":"NLEX-SLEX Connector","island":"Luzon","region":"NCR","len":1156,"route":"","status":"Operational","project":"Implemented through PPP"},"geometry":{"type":"LineString","coordinates":[[120.97739,14.64075],[120.97681,14.64421],[120.97639,14.64498],[120.97017,14.64513]]}},{"type":"Feature","id":359,"properties":{"id":359,"name":"Metro Manila Skyway (SB)","way":"MMS-Stage 3","island":"Luzon","region":"NCR","len":2134,"route":"","status":"Operational","project":"TRB"},"geometry":{"type":"LineString","coordinates":[[120.99954,14.64418],[120.99542,14.64396],[120.99473,14.64437],[120.99428,14.64521],[120.99753,14.65296],[120.9997,14.65613],[121.00001,14.6574]]}},{"type":"Feature","id":360,"properties":{"id":360,"name":"South Metro Manila Skyway (NB) Extension","way":"SLEX","island":"Luzon","region":"NCR","len":4577,"route":"","status":"Operational","project":"Implemented through PPP"},"geometry":{"type":"LineString","coordinates":[[121.03926,14.40075],[121.04104,14.40643],[121.04546,14.41485],[121.04546,14.44063]]}},{"type":"Feature","id":361,"properties":{"id":361,"name":"SLEX Extension-Calamba (NB)","way":"SLEX Extension","island":"Luzon","region":"Region IV-A","len":69,"route":"","status":"Operational","project":""},"geometry":{"type":"LineString","coordinates":[[121.14237,14.19336],[121.14197,14.19384]]}},{"type":"Feature","id":362,"properties":{"id":362,"name":"CAVITEX-Parañaque (NB)","way":"CAVITEX","island":"Luzon","region":"NCR","len":182,"route":"","status":"Operational","project":""},"geometry":{"type":"LineString","coordinates":[[120.9867,14.49268],[120.98733,14.4942]]}},{"type":"Feature","id":363,"properties":{"id":363,"name":"CAVITEX-C-5 South Link Expressway (EB)","way":"C5 South Link Expressway (EB)","island":"Luzon","region":"NCR","len":3663,"route":"","status":"Operational","project":"TRB"},"geometry":{"type":"LineString","coordinates":[[121.01247,14.50284],[121.01425,14.5036],[121.01803,14.50308],[121.01988,14.50333],[121.03185,14.51074],[121.0337,14.51381],[121.03497,14.51502],[121.03885,14.51602],[121.04157,14.51612]]}},{"type":"Feature","id":364,"properties":{"id":364,"name":"CAVITEX-C-5 South Link Expressway (EB)","way":"C5 South Link Expressway (EB)","island":"Luzon","region":"NCR","len":267,"route":"","status":"Operational","project":"TRB"},"geometry":{"type":"LineString","coordinates":[[121.01868,14.50244],[121.02071,14.50382]]}},{"type":"Feature","id":365,"properties":{"id":365,"name":"Noth Luzon Expressway (NB)","way":"NLEX","island":"Luzon","region":"Region III","len":237,"route":"","status":"Operational","project":"Implemented through PPP"},"geometry":{"type":"LineString","coordinates":[[120.89892,14.83757],[120.89777,14.83647],[120.89718,14.83644]]}},{"type":"Feature","id":366,"properties":{"id":366,"name":"Noth Luzon Expressway (SB)","way":"NLEX","island":"Luzon","region":"Region III","len":603,"route":"","status":"Operational","project":"Implemented through PPP"},"geometry":{"type":"LineString","coordinates":[[120.94075,14.80496],[120.94232,14.80367],[120.94302,14.80268],[120.94332,14.80047]]}},{"type":"Feature","id":367,"properties":{"id":367,"name":"Metro Manila Skyway (SB)","way":"MMS-Stage 3","island":"Luzon","region":"NCR","len":705,"route":"","status":"Operational","project":"TRB"},"geometry":{"type":"LineString","coordinates":[[121.00315,14.58433],[121.00232,14.58437],[121.00204,14.58512],[121.00188,14.58986]]}},{"type":"Feature","id":368,"properties":{"id":368,"name":"Metro Manila Skyway (NB)","way":"MMS-Stage 3","island":"Luzon","region":"NCR","len":469,"route":"","status":"Operational","project":"TRB"},"geometry":{"type":"LineString","coordinates":[[121.0019,14.58786],[121.0023,14.58453],[121.00318,14.58437]]}},{"type":"Feature","id":369,"properties":{"id":369,"name":"Metro Manila Skyway (NB)","way":"MMS-Stage 3","island":"Luzon","region":"NCR","len":237,"route":"","status":"Operational","project":"TRB"},"geometry":{"type":"LineString","coordinates":[[121.00202,14.58299],[121.00204,14.58512]]}},{"type":"Feature","id":370,"properties":{"id":370,"name":"Metro Manila Skyway (SB)","way":"MMS-Stage 3","island":"Luzon","region":"NCR","len":721,"route":"","status":"Operational","project":"TRB"},"geometry":{"type":"LineString","coordinates":[[121.00309,14.58427],[120.99982,14.58108],[120.99926,14.58103],[120.99811,14.58195]]}},{"type":"Feature","id":371,"properties":{"id":371,"name":"Metro Manila Skyway (SB)","way":"MMS-Stage 3","island":"Luzon","region":"NCR","len":177,"route":"","status":"Operational","project":"TRB"},"geometry":{"type":"LineString","coordinates":[[121.00025,14.58112],[120.99955,14.58067],[120.99925,14.57995]]}},{"type":"Feature","id":372,"properties":{"id":372,"name":"Metro Manila Skyway (NB)","way":"MMS-Stage 3","island":"Luzon","region":"NCR","len":805,"route":"","status":"Operational","project":"TRB"},"geometry":{"type":"LineString","coordinates":[[120.9937,14.57295],[120.99795,14.57778],[120.99828,14.57862]]}},{"type":"Feature","id":373,"properties":{"id":373,"name":"Metro Manila Skyway (SB)","way":"MMS-Stage 3","island":"Luzon","region":"NCR","len":424,"route":"","status":"Operational","project":"TRB"},"geometry":{"type":"LineString","coordinates":[[120.99894,14.57372],[120.9978,14.57615],[120.99673,14.57664]]}},{"type":"Feature","id":374,"properties":{"id":374,"name":"CAVITEX-C-5 South Link Expressway (EB)","way":"C5 South Link Expressway (WB)","island":"Luzon","region":"NCR","len":4278,"route":"","status":"Operational","project":"TRB"},"geometry":{"type":"LineString","coordinates":[[120.98198,14.48729],[120.9827,14.48772],[120.98374,14.48914],[120.98458,14.48953],[120.98715,14.48775],[120.99041,14.48604],[120.99192,14.48574],[120.99324,14.48601],[120.99494,14.48707],[121.00073,14.49234],[121.00354,14.49599],[121.00522,14.49883],[121.01247,14.50284]]}},{"type":"Feature","id":375,"properties":{"id":375,"name":"Cebu Cordova Link Expressway","way":"CCLEX","island":"","region":"RVII","len":8260,"route":"","status":"Operational","project":""},"geometry":{"type":"LineString","coordinates":[[123.88923,10.28773],[123.89177,10.28789],[123.89464,10.28885],[123.89634,10.28871],[123.90445,10.2815],[123.91556,10.27486],[123.91803,10.27284],[123.92007,10.27012],[123.922,10.26546],[123.92373,10.26298],[123.92569,10.26175],[123.93231,10.25877],[123.93408,10.25886],[123.93518,10.25947],[123.93811,10.26339],[123.93904,10.26402],[123.94162,10.26715],[123.94233,10.26881],[123.945,10.27184],[123.94567,10.27217]]}},{"type":"Feature","id":376,"properties":{"id":376,"name":"Cavite-Laguna Expressway (EB)","way":"CALAEx","island":"Luzon","region":"Region IV-A","len":411,"route":"","status":"Operational","project":"Implemented through PPP"},"geometry":{"type":"LineString","coordinates":[[120.99632,14.2325],[121.00008,14.2319]]}},{"type":"Feature","id":377,"properties":{"id":377,"name":"Cavite-Laguna Expressway (WB)","way":"CALAEx","island":"Luzon","region":"Region IV-A","len":4267,"route":"","status":"Operational","project":"Implemented through PPP"},"geometry":{"type":"LineString","coordinates":[[121.00336,14.23212],[120.99756,14.23245],[120.99419,14.23317],[120.99186,14.23423],[120.98911,14.23607],[120.98702,14.23836],[120.98518,14.246],[120.98313,14.24964],[120.98022,14.25202],[120.97801,14.25303],[120.9754,14.25339]]}},{"type":"Feature","id":378,"properties":{"id":378,"name":"Cavite-Laguna Expressway (EB)","way":"CALAEx","island":"Luzon","region":"Region IV-A","len":4250,"route":"","status":"Operational","project":"Implemented through PPP"},"geometry":{"type":"LineString","coordinates":[[121.00332,14.23202],[120.99745,14.23239],[120.99408,14.23311],[120.99176,14.23417],[120.98901,14.23601],[120.98691,14.2383],[120.98507,14.24594],[120.98302,14.24958],[120.98011,14.25196],[120.97791,14.25297],[120.97551,14.25327]]}}]}