{"type":"FeatureCollection","features":[{"type":"Feature","properties":{"slug":"apayao-abulug","name":"Apayao-Abulog River Basin"},"geometry":{"type":"MultiPolygon","coordinates":[[[[121.2164,18.5956],[121.2093,18.6011],[121.1958,18.5878],[121.1942,18.5806],[121.1894,18.5727],[121.1824,18.5701],[121.1743,18.572],[121.1696,18.5675],[121.1638,18.5678],[121.1559,18.564],[121.1524,18.5585],[121.1441,18.5525],[121.1454,18.5474],[121.1422,18.5433],[121.1416,18.5361],[121.144,18.5307],[121.1333,18.5216],[121.1359,18.5129],[121.1333,18.5103],[121.1322,18.5042],[121.1258,18.4995],[121.1259,18.4926],[121.1237,18.4899],[121.1184,18.4893],[121.114,18.4851],[121.1046,18.4856],[121.1005,18.4758],[121.0877,18.4686],[121.0849,18.4604],[121.075,18.4579],[121.0717,18.46],[121.0676,18.4572],[121.0618,18.4612],[121.0579,18.4608],[121.0494,18.4579],[121.0469,18.4551],[121.0394,18.4543],[121.0352,18.4471],[121.0274,18.4521],[121.0203,18.4518],[121.0119,18.4581],[121.0013,18.4595],[120.9976,18.4572],[120.9947,18.4591],[120.9906,18.456],[120.9849,18.4603],[120.9806,18.4601],[120.9658,18.4457],[120.9571,18.4471],[120.9493,18.4426],[120.9517,18.4347],[120.9499,18.4317],[120.9553,18.4271],[120.9519,18.4189],[120.9532,18.4123],[120.9474,18.4078],[120.9503,18.3996],[120.9449,18.3956],[120.9432,18.3897],[120.9474,18.3868],[120.9505,18.3808],[120.9464,18.3713],[120.9402,18.3659],[120.944,18.3486],[120.9475,18.3448],[120.9505,18.3452],[120.9535,18.3425],[120.9538,18.3337],[120.9505,18.3306],[120.9485,18.3175],[120.9457,18.3159],[120.9494,18.3009],[120.9435,18.2916],[120.9438,18.2873],[120.9394,18.2862],[120.9371,18.2824],[120.9351,18.2749],[120.9394,18.2678],[120.9361,18.2587],[120.9245,18.2604],[120.9192,18.2553],[120.9076,18.2555],[120.9025,18.2491],[120.909,18.2425],[120.9101,18.2355],[120.9141,18.2315],[120.9161,18.2241],[120.9212,18.2215],[120.9235,18.2222],[120.9257,18.2122],[120.9323,18.2096],[120.937,18.2046],[120.9478,18.2059],[120.952,18.2039],[120.9515,18.1939],[120.954,18.1907],[120.9539,18.1866],[120.9597,18.1863],[120.9653,18.1823],[120.9729,18.1804],[120.9787,18.1708],[120.9775,18.1657],[120.9704,18.1599],[120.9709,18.1559],[120.9643,18.1462],[120.9506,18.1418],[120.9487,18.1396],[120.9486,18.1333],[120.9401,18.117],[120.9406,18.112],[120.9369,18.1069],[120.9365,18.0987],[120.9326,18.0966],[120.9284,18.0892],[120.9287,18.0809],[120.9367,18.0746],[120.9364,18.0691],[120.9388,18.0634],[120.9353,18.0569],[120.9378,18.051],[120.9341,18.0303],[120.9304,18.0262],[120.9293,18.0212],[120.9314,18.0154],[120.9389,18.014],[120.9403,18.0055],[120.9441,18.0025],[120.9463,17.9935],[120.9456,17.9907],[120.9356,17.9817],[120.9322,17.9764],[120.931,17.9693],[120.9332,17.9649],[120.9365,17.9662],[120.9465,17.9594],[120.9561,17.9589],[120.9694,17.9476],[120.9862,17.9452],[120.9968,17.9343],[120.9972,17.9301],[120.9998,17.9281],[121,17.9153],[121.007,17.9087],[121.0038,17.9049],[121.0055,17.9023],[121.0005,17.8973],[121.0017,17.893],[121.0004,17.881],[120.9924,17.8668],[120.9939,17.8576],[121.0024,17.8543],[121.0138,17.8467],[121.0058,17.837],[121.0147,17.8342],[121.0231,17.8259],[121.0299,17.8222],[121.0355,17.8237],[121.036,17.826],[121.0453,17.8312],[121.0512,17.8386],[121.0566,17.8394],[121.0588,17.8348],[121.0758,17.8263],[121.0861,17.8274],[121.0911,17.8233],[121.0996,17.8219],[121.1059,17.8152],[121.1076,17.8118],[121.1071,17.8046],[121.1103,17.7993],[121.1145,17.7966],[121.1143,17.7934],[121.1214,17.7953],[121.1307,17.8123],[121.1317,17.823],[121.1444,17.8333],[121.154,17.8504],[121.1627,17.8526],[121.172,17.849],[121.1827,17.8483],[121.1862,17.8499],[121.1878,17.8536],[121.1953,17.8602],[121.1989,17.861],[121.2033,17.8558],[121.2082,17.8543],[121.2139,17.8554],[121.2177,17.8586],[121.2266,17.8693],[121.2311,17.8832],[121.2266,17.921],[121.2397,17.9229],[121.2453,17.9282],[121.2589,17.932],[121.2658,17.9253],[121.2736,17.9107],[121.278,17.9102],[121.2989,17.9156],[121.3158,17.929],[121.3185,17.9374],[121.3355,17.95],[121.3428,17.9582],[121.3433,17.9624],[121.346,17.9655],[121.356,17.9708],[121.3571,17.9768],[121.3723,17.9835],[121.3755,17.9869],[121.3871,18.0042],[121.3873,18.0071],[121.3802,18.0141],[121.3826,18.0222],[121.4203,18.0413],[121.4235,18.0491],[121.4305,18.0573],[121.4416,18.0642],[121.4402,18.078],[121.4464,18.0786],[121.4781,18.1018],[121.4899,18.1021],[121.5007,18.1072],[121.5124,18.1159],[121.5175,18.1256],[121.5241,18.1254],[121.5341,18.1301],[121.5392,18.1396],[121.5613,18.1374],[121.5818,18.1425],[121.5888,18.1522],[121.5909,18.1645],[121.5966,18.1669],[121.5963,18.1742],[121.6009,18.1781],[121.5969,18.1971],[121.5993,18.2063],[121.6101,18.2189],[121.6174,18.2228],[121.6204,18.2297],[121.6195,18.2362],[121.6249,18.2477],[121.6243,18.2503],[121.6136,18.2591],[121.6146,18.2716],[121.6124,18.2755],[121.6112,18.286],[121.5976,18.284],[121.5942,18.2916],[121.5904,18.2936],[121.5922,18.3085],[121.5997,18.3229],[121.5952,18.3331],[121.5955,18.3398],[121.5971,18.3412],[121.601,18.337],[121.6034,18.337],[121.6245,18.3483],[121.6112,18.3617],[121.6117,18.3661],[121.6059,18.3732],[121.548,18.4001],[121.5062,18.4219],[121.4455,18.4632],[121.4402,18.4635],[121.4346,18.4684],[121.401,18.4848],[121.3499,18.506],[121.3439,18.5068],[121.3403,18.5099],[121.3344,18.5109],[121.3189,18.519],[121.278,18.546],[121.2164,18.5956]]]]}},{"type":"Feature","properties":{"slug":"cagayan","name":"Cagayan River Basin"},"geometry":{"type":"MultiPolygon","coordinates":[[[[122.2451,16.7332],[122.2446,16.7403],[122.2377,16.7541],[122.2421,16.762],[122.247,16.781],[122.2592,16.7954],[122.2599,16.803],[122.256,16.8164],[122.2593,16.8225],[122.2606,16.8332],[122.2758,16.8558],[122.2742,16.863],[122.2602,16.8668],[122.2563,16.8716],[122.2574,16.8822],[122.2525,16.891],[122.2519,16.8986],[122.2477,16.9049],[122.2481,16.9136],[122.2523,16.9203],[122.2447,16.9274],[122.2431,16.9313],[122.2361,16.9359],[122.2346,16.944],[122.2379,16.9516],[122.2453,16.9518],[122.2535,16.9597],[122.2716,16.9647],[122.2735,16.988],[122.2782,16.9929],[122.2791,16.9965],[122.2767,17.0028],[122.2777,17.0191],[122.282,17.0256],[122.2819,17.0337],[122.2875,17.0452],[122.287,17.0571],[122.2766,17.0645],[122.2786,17.0853],[122.2742,17.0991],[122.2648,17.1163],[122.2639,17.121],[122.2669,17.1307],[122.2645,17.1577],[122.2665,17.1642],[122.2784,17.1682],[122.2834,17.2144],[122.2799,17.2227],[122.2768,17.2253],[122.2625,17.2305],[122.2504,17.227],[122.2451,17.2226],[122.2335,17.2213],[122.231,17.2192],[122.2224,17.2208],[122.2155,17.2274],[122.2054,17.2303],[122.2042,17.2333],[122.2057,17.2369],[122.2162,17.2498],[122.2201,17.2635],[122.2149,17.2733],[122.2107,17.2765],[122.2026,17.2784],[122.2004,17.2878],[122.1927,17.2962],[122.1921,17.3074],[122.1817,17.3148],[122.1753,17.3264],[122.1752,17.3324],[122.1714,17.3381],[122.1721,17.3544],[122.1641,17.3562],[122.1497,17.3557],[122.1402,17.3601],[122.1346,17.3569],[122.1335,17.353],[122.1252,17.3448],[122.1157,17.3418],[122.1133,17.3453],[122.1043,17.3503],[122.0912,17.366],[122.0874,17.3811],[122.0847,17.3836],[122.084,17.393],[122.0877,17.4006],[122.0881,17.4081],[122.0842,17.4119],[122.0763,17.4123],[122.0706,17.4248],[122.0782,17.4327],[122.0774,17.4359],[122.0684,17.4464],[122.0676,17.4535],[122.0612,17.4611],[122.0596,17.4667],[122.0429,17.4841],[122.0402,17.5121],[122.046,17.5185],[122.0539,17.5325],[122.0662,17.5326],[122.0776,17.54],[122.0771,17.5505],[122.0729,17.5655],[122.0792,17.5798],[122.0785,17.5829],[122.0703,17.5849],[122.0687,17.5868],[122.0704,17.6128],[122.068,17.6251],[122.0644,17.632],[122.0651,17.6386],[122.0607,17.6435],[122.0528,17.6459],[122.0481,17.6594],[122.0547,17.6761],[122.0476,17.6885],[122.0469,17.6978],[122.0507,17.7047],[122.0601,17.7116],[122.0627,17.7159],[122.0682,17.73],[122.0681,17.7412],[122.0554,17.7499],[122.0527,17.7586],[122.0338,17.7796],[122.0331,17.7849],[122.0383,17.7909],[122.0437,17.8037],[122.0495,17.8218],[122.052,17.8395],[122.0581,17.8439],[122.0575,17.8483],[122.0649,17.8626],[122.0619,17.8735],[122.0436,17.8862],[122.042,17.8902],[122.0458,17.8962],[122.0468,17.9015],[122.0441,17.9114],[122.0366,17.9164],[122.0359,17.9285],[122.0333,17.9375],[122.0364,17.9541],[122.0461,17.965],[122.0516,17.9678],[122.0529,17.9722],[122.0512,17.9828],[122.0408,17.9862],[122.0336,17.992],[122.0336,17.9967],[122.0384,18.0023],[122.0436,18.0173],[122.0633,18.0373],[122.063,18.0411],[122.0594,18.0457],[122.0431,18.0509],[122.0411,18.0587],[122.0365,18.0662],[122.0387,18.0777],[122.0445,18.0852],[122.0483,18.0998],[122.0453,18.1011],[122.0425,18.1081],[122.0433,18.112],[122.0399,18.1282],[122.0413,18.1337],[122.0513,18.1392],[122.0535,18.1426],[122.0515,18.1567],[122.0493,18.1601],[122.0436,18.1611],[122.0245,18.1513],[122.0107,18.1385],[122.0012,18.133],[121.9793,18.1289],[121.9703,18.1318],[121.9681,18.138],[121.9569,18.1429],[121.9484,18.1426],[121.9422,18.1363],[121.9318,18.1352],[121.8969,18.1405],[121.8862,18.1443],[121.8794,18.1359],[121.8737,18.1336],[121.8573,18.1343],[121.8503,18.1251],[121.8405,18.124],[121.8334,18.1185],[121.8102,18.1201],[121.8067,18.1131],[121.7996,18.1083],[121.7862,18.1132],[121.7699,18.1115],[121.7657,18.1165],[121.7548,18.114],[121.7458,18.1163],[121.7417,18.1127],[121.7401,18.108],[121.7363,18.1095],[121.7324,18.1186],[121.7248,18.1196],[121.7193,18.125],[121.7097,18.1265],[121.707,18.1289],[121.7034,18.1281],[121.6977,18.1215],[121.6933,18.1306],[121.6964,18.1562],[121.6986,18.1593],[121.7075,18.1628],[121.7064,18.1667],[121.6998,18.1724],[121.6993,18.1753],[121.724,18.1867],[121.7232,18.1934],[121.719,18.1999],[121.7089,18.198],[121.6838,18.201],[121.6786,18.2044],[121.6744,18.2106],[121.6738,18.2244],[121.6833,18.2618],[121.6565,18.3036],[121.6487,18.3315],[121.6409,18.3476],[121.6364,18.3632],[121.6271,18.3632],[121.6252,18.3603],[121.6269,18.3527],[121.6231,18.3464],[121.6033,18.3366],[121.6008,18.3366],[121.5969,18.3408],[121.5945,18.3361],[121.5996,18.3225],[121.592,18.3081],[121.5902,18.2932],[121.5941,18.2912],[121.5974,18.2836],[121.611,18.2856],[121.6122,18.2751],[121.6144,18.2712],[121.6134,18.2587],[121.6242,18.2499],[121.6247,18.2473],[121.6194,18.2358],[121.6202,18.2293],[121.6173,18.2225],[121.6099,18.2185],[121.5991,18.2059],[121.5967,18.1967],[121.6007,18.1777],[121.5961,18.1738],[121.5964,18.1665],[121.5907,18.1641],[121.5886,18.1518],[121.5835,18.1439],[121.5691,18.1381],[121.5612,18.137],[121.539,18.1392],[121.5339,18.1297],[121.5239,18.125],[121.5173,18.1252],[121.5122,18.1155],[121.5006,18.1068],[121.4897,18.1017],[121.478,18.1014],[121.4463,18.0782],[121.44,18.0776],[121.4415,18.0638],[121.4303,18.0569],[121.4163,18.0377],[121.3824,18.0218],[121.38,18.0137],[121.3872,18.0067],[121.3858,18.0002],[121.3721,17.9831],[121.3569,17.9765],[121.3559,17.9704],[121.3458,17.9652],[121.3431,17.962],[121.3426,17.9578],[121.3353,17.9497],[121.3183,17.937],[121.3156,17.9286],[121.2987,17.9153],[121.2778,17.9099],[121.2734,17.9103],[121.2656,17.9249],[121.2588,17.9316],[121.2452,17.9278],[121.2395,17.9226],[121.2264,17.9206],[121.2309,17.8828],[121.2264,17.869],[121.2175,17.8582],[121.2137,17.855],[121.208,17.8539],[121.2031,17.8554],[121.1987,17.8606],[121.1952,17.8598],[121.1876,17.8532],[121.186,17.8495],[121.1825,17.8479],[121.1718,17.8486],[121.1625,17.8522],[121.1538,17.85],[121.1442,17.833],[121.1315,17.8227],[121.1305,17.812],[121.1212,17.7949],[121.1182,17.7931],[121.1057,17.794],[121.0992,17.7892],[121.1037,17.776],[121.1084,17.769],[121.1125,17.7408],[121.1222,17.7208],[121.1158,17.6861],[121.1103,17.6855],[121.1066,17.6823],[121.1031,17.6742],[121.0896,17.6686],[121.0863,17.6657],[121.085,17.661],[121.0873,17.6459],[121.0934,17.6368],[121.0851,17.6245],[121.0844,17.6185],[121.0866,17.6125],[121.103,17.6038],[121.1132,17.5955],[121.1135,17.5861],[121.1082,17.5785],[121.1045,17.566],[121.1046,17.5571],[121.0973,17.5526],[121.0805,17.5509],[121.0671,17.5523],[121.0562,17.5287],[121.0459,17.5263],[121.0384,17.5207],[121.0299,17.5186],[121.0227,17.5101],[121.0122,17.5048],[121.0013,17.5029],[120.9921,17.497],[120.9894,17.4928],[120.9909,17.4869],[120.9939,17.4822],[121.0046,17.4747],[121.0034,17.4601],[121.0049,17.4479],[120.9991,17.4345],[120.9915,17.4313],[120.9894,17.4268],[120.9902,17.4222],[120.9952,17.4149],[120.9959,17.3966],[120.9884,17.3854],[120.969,17.376],[120.9645,17.3666],[120.9619,17.3553],[120.9474,17.3398],[120.9453,17.332],[120.9334,17.3219],[120.9276,17.3101],[120.9247,17.2989],[120.9197,17.2913],[120.9183,17.2771],[120.9103,17.2673],[120.9087,17.2601],[120.905,17.2548],[120.9058,17.2414],[120.9029,17.2356],[120.904,17.2195],[120.9015,17.2065],[120.8965,17.197],[120.8824,17.1845],[120.8797,17.1795],[120.8798,17.1734],[120.8756,17.1593],[120.8712,17.1511],[120.8723,17.1426],[120.8785,17.1365],[120.8793,17.1323],[120.8777,17.1163],[120.8754,17.112],[120.8758,17.1074],[120.8786,17.1036],[120.8808,17.0856],[120.8793,17.0713],[120.8752,17.0676],[120.8644,17.064],[120.8611,17.0597],[120.8575,17.0459],[120.8633,17.0398],[120.8634,17.0343],[120.8519,17.0302],[120.8439,17.0181],[120.8362,17.0118],[120.8412,16.989],[120.8443,16.9861],[120.8538,16.9859],[120.8532,16.9738],[120.8608,16.9632],[120.8619,16.9583],[120.858,16.9449],[120.8587,16.9419],[120.8621,16.9416],[120.8747,16.933],[120.8832,16.9321],[120.8839,16.9262],[120.8806,16.92],[120.8722,16.9131],[120.8677,16.8951],[120.8671,16.8843],[120.854,16.8793],[120.8514,16.8688],[120.8443,16.8625],[120.8508,16.859],[120.8522,16.8545],[120.8617,16.8542],[120.8651,16.8491],[120.8697,16.8318],[120.8752,16.8316],[120.8866,16.8362],[120.8972,16.8308],[120.9016,16.8309],[120.8999,16.8189],[120.8964,16.8126],[120.9028,16.7842],[120.8985,16.7505],[120.888,16.7444],[120.8807,16.7428],[120.8768,16.7387],[120.869,16.7353],[120.8638,16.7296],[120.8633,16.7254],[120.8637,16.7213],[120.8752,16.7144],[120.8785,16.6993],[120.8803,16.668],[120.876,16.6537],[120.877,16.6497],[120.8984,16.638],[120.9002,16.6209],[120.9031,16.6116],[120.8974,16.6019],[120.903,16.5908],[120.8925,16.5803],[120.8924,16.5765],[120.8965,16.5743],[120.8994,16.5651],[120.8993,16.5553],[120.8964,16.5465],[120.8934,16.5231],[120.8883,16.5161],[120.8835,16.5153],[120.8781,16.5088],[120.8819,16.4853],[120.8855,16.4779],[120.8831,16.4637],[120.8862,16.4505],[120.8858,16.4443],[120.8728,16.422],[120.8753,16.4048],[120.8934,16.3778],[120.8943,16.3667],[120.9015,16.3551],[120.9017,16.3507],[120.8973,16.3377],[120.8943,16.3107],[120.8948,16.3075],[120.8998,16.3067],[120.9024,16.2961],[120.902,16.2918],[120.8939,16.2847],[120.8884,16.2764],[120.8832,16.2507],[120.8702,16.2401],[120.8741,16.2261],[120.8745,16.204],[120.8733,16.2005],[120.8666,16.1986],[120.8601,16.191],[120.8591,16.1779],[120.8611,16.1669],[120.8664,16.1586],[120.8709,16.143],[120.8865,16.1302],[120.8927,16.1228],[120.8981,16.1198],[120.9066,16.1216],[120.9115,16.1293],[120.9139,16.1386],[120.9192,16.1374],[120.9298,16.139],[120.9438,16.1283],[120.9521,16.1243],[120.955,16.1204],[120.9636,16.1182],[120.9758,16.1312],[120.9782,16.1395],[120.9859,16.1459],[121.0111,16.1291],[121.0283,16.1372],[121.0363,16.1351],[121.047,16.1276],[121.0686,16.1373],[121.0855,16.1343],[121.0938,16.1347],[121.1008,16.1279],[121.1029,16.1073],[121.1068,16.1006],[121.1161,16.099],[121.1237,16.093],[121.13,16.0949],[121.1444,16.0939],[121.1592,16.0804],[121.166,16.0714],[121.1732,16.0669],[121.1719,16.0606],[121.1741,16.052],[121.1704,16.0392],[121.1751,16.0319],[121.1747,16.0262],[121.1813,16.0195],[121.1814,16.0141],[121.1759,16.005],[121.1761,16.0007],[121.1858,15.9955],[121.1975,15.9947],[121.203,15.9864],[121.2223,15.9774],[121.23,15.9834],[121.2338,15.9833],[121.2379,15.9744],[121.2459,15.9694],[121.2552,15.9579],[121.2688,15.9499],[121.2818,15.9496],[121.2958,15.957],[121.3087,15.9591],[121.3255,15.9781],[121.3307,15.9766],[121.3414,15.9834],[121.3465,15.9784],[121.3668,15.9417],[121.3762,15.9427],[121.3855,15.9372],[121.3889,15.9378],[121.3984,15.9414],[121.4169,15.9528],[121.4441,15.9791],[121.4502,15.9818],[121.4585,15.9766],[121.4775,15.9849],[121.4824,15.9954],[121.4876,15.9984],[121.5149,16.0005],[121.5192,16.0031],[121.5243,16.013],[121.5308,16.0175],[121.536,16.0161],[121.5422,16.0178],[121.5543,16.0168],[121.5582,16.0119],[121.5694,16.0085],[121.5945,16.0193],[121.5972,16.0249],[121.6045,16.0299],[121.6184,16.0272],[121.6717,16.0544],[121.6833,16.0556],[121.6972,16.0659],[121.7052,16.0859],[121.7015,16.0957],[121.7016,16.1058],[121.6936,16.1156],[121.6938,16.1191],[121.7041,16.1159],[121.7204,16.1195],[121.7182,16.1292],[121.7205,16.1407],[121.7279,16.1512],[121.7339,16.1546],[121.7453,16.1433],[121.7546,16.1372],[121.777,16.134],[121.7826,16.1316],[121.787,16.1258],[121.7926,16.1266],[121.803,16.1365],[121.813,16.1401],[121.8336,16.1639],[121.8392,16.1669],[121.843,16.1792],[121.8424,16.1863],[121.839,16.1926],[121.8481,16.2008],[121.849,16.2057],[121.8532,16.2089],[121.8592,16.2093],[121.8667,16.2172],[121.869,16.2211],[121.8683,16.23],[121.8831,16.2413],[121.8858,16.245],[121.8867,16.2539],[121.8969,16.2557],[121.9012,16.2544],[121.9037,16.2507],[121.9132,16.2474],[121.9151,16.2442],[121.9317,16.2374],[121.9498,16.2472],[121.9519,16.2502],[121.9516,16.2601],[121.9631,16.2744],[121.9789,16.281],[121.9804,16.2857],[121.9872,16.2913],[121.988,16.2954],[121.9941,16.2989],[121.9948,16.3096],[122.0014,16.3207],[122.0021,16.331],[122.008,16.344],[122.0244,16.3435],[122.0286,16.345],[122.0306,16.3597],[122.0332,16.3627],[122.0466,16.372],[122.059,16.3753],[122.0604,16.3866],[122.0667,16.3907],[122.0673,16.3934],[122.0638,16.3993],[122.0661,16.4016],[122.0745,16.401],[122.0799,16.3966],[122.0831,16.397],[122.0855,16.4044],[122.0989,16.4181],[122.1003,16.4253],[122.1057,16.4277],[122.1074,16.4345],[122.1146,16.4423],[122.121,16.4619],[122.1219,16.4731],[122.127,16.479],[122.131,16.4792],[122.1329,16.4883],[122.1356,16.4914],[122.1426,16.4973],[122.1539,16.5013],[122.1604,16.5061],[122.1749,16.5056],[122.1779,16.5076],[122.1834,16.5181],[122.1876,16.5194],[122.1884,16.5228],[122.1853,16.5301],[122.1957,16.5409],[122.1987,16.561],[122.1874,16.5718],[122.187,16.5749],[122.1982,16.5875],[122.2001,16.5928],[122.2001,16.6],[122.198,16.6048],[122.2017,16.6172],[122.194,16.6387],[122.1959,16.642],[122.2043,16.6467],[122.2071,16.6531],[122.214,16.6557],[122.2323,16.6803],[122.241,16.6839],[122.2461,16.7099],[122.2451,16.7332]]]]}},{"type":"Feature","properties":{"slug":"abra","name":"Abra River Basin"},"geometry":{"type":"MultiPolygon","coordinates":[[[[120.8958,17.1965],[120.9037,17.2131],[120.9031,17.2359],[120.9061,17.2418],[120.9052,17.2552],[120.9089,17.2604],[120.9105,17.2676],[120.9186,17.2775],[120.9199,17.2916],[120.925,17.2992],[120.9315,17.3179],[120.9377,17.3265],[120.9455,17.3323],[120.9476,17.3402],[120.9621,17.3557],[120.9647,17.3669],[120.9692,17.3764],[120.9887,17.3857],[120.9961,17.397],[120.9954,17.4153],[120.9904,17.4225],[120.9896,17.4272],[120.9917,17.4316],[120.9993,17.4349],[121.0051,17.4482],[121.0036,17.4605],[121.0048,17.4751],[120.9941,17.4826],[120.9897,17.4932],[120.9923,17.4974],[121.0015,17.5032],[121.0124,17.5052],[121.0229,17.5105],[121.0302,17.5189],[121.0386,17.5211],[121.0461,17.5266],[121.0564,17.5291],[121.0673,17.5527],[121.0807,17.5512],[121.0975,17.553],[121.1048,17.5575],[121.1047,17.5663],[121.1084,17.5789],[121.1138,17.5865],[121.1134,17.5959],[121.1032,17.6042],[121.0868,17.6129],[121.0846,17.6188],[121.0853,17.6248],[121.0936,17.6372],[121.0875,17.6463],[121.0852,17.6614],[121.0865,17.6661],[121.0898,17.669],[121.1033,17.6746],[121.1068,17.6827],[121.1105,17.6859],[121.116,17.6865],[121.1222,17.7168],[121.1213,17.7254],[121.1127,17.7412],[121.1086,17.7694],[121.1039,17.7763],[121.0994,17.7896],[121.1059,17.7944],[121.1135,17.7937],[121.1145,17.7966],[121.1103,17.7993],[121.1071,17.8047],[121.1076,17.8118],[121.1059,17.8152],[121.0996,17.8219],[121.0911,17.8233],[121.0861,17.8274],[121.0758,17.8263],[121.066,17.8305],[121.0588,17.8348],[121.0566,17.8394],[121.0512,17.8386],[121.0453,17.8312],[121.036,17.826],[121.0355,17.8237],[121.0299,17.8222],[121.0231,17.8259],[121.0147,17.8342],[121.0058,17.837],[121.0138,17.8467],[121.0024,17.8543],[120.9939,17.8576],[120.9924,17.8668],[121.0004,17.881],[121.0017,17.893],[121.0005,17.8973],[121.0055,17.9023],[121.0038,17.9049],[121.007,17.9087],[121,17.9153],[120.9998,17.9281],[120.9972,17.9301],[120.9972,17.9336],[120.9862,17.9452],[120.9694,17.9476],[120.9561,17.9589],[120.9465,17.9594],[120.9365,17.9662],[120.9332,17.9649],[120.9176,17.9501],[120.9118,17.9492],[120.907,17.9533],[120.8866,17.9506],[120.8731,17.9537],[120.8615,17.9541],[120.8607,17.9509],[120.8543,17.9462],[120.8417,17.9441],[120.8317,17.9453],[120.8277,17.9416],[120.8229,17.9408],[120.8183,17.9311],[120.8135,17.9291],[120.8136,17.9215],[120.8066,17.9178],[120.8012,17.9191],[120.7939,17.9181],[120.7869,17.9109],[120.7798,17.9089],[120.777,17.9048],[120.767,17.9098],[120.761,17.9085],[120.7546,17.9105],[120.7498,17.9078],[120.7402,17.9075],[120.7335,17.8995],[120.7322,17.8917],[120.7272,17.8824],[120.7211,17.8751],[120.7117,17.8684],[120.711,17.8598],[120.7021,17.8499],[120.7021,17.8435],[120.6954,17.8384],[120.6891,17.8294],[120.6796,17.8304],[120.6783,17.8321],[120.6718,17.8317],[120.6695,17.8349],[120.6655,17.8331],[120.6628,17.8286],[120.6532,17.8235],[120.651,17.8268],[120.6456,17.8273],[120.6431,17.8391],[120.6403,17.8424],[120.6174,17.8272],[120.6093,17.816],[120.6022,17.8153],[120.5946,17.8099],[120.5899,17.81],[120.5872,17.8005],[120.5847,17.7986],[120.5844,17.7917],[120.5808,17.7901],[120.5707,17.7901],[120.5654,17.7836],[120.5571,17.7836],[120.552,17.7784],[120.549,17.7713],[120.5467,17.7704],[120.5474,17.7649],[120.5529,17.7618],[120.5559,17.7509],[120.5513,17.7461],[120.5489,17.7457],[120.5452,17.749],[120.5382,17.7445],[120.5392,17.7415],[120.5371,17.7377],[120.5347,17.7152],[120.5289,17.7086],[120.5229,17.6884],[120.5141,17.6757],[120.5124,17.6682],[120.5065,17.6673],[120.5016,17.6636],[120.5022,17.651],[120.4953,17.6405],[120.4988,17.6262],[120.4937,17.621],[120.4946,17.6154],[120.4921,17.6038],[120.4851,17.5953],[120.4795,17.5939],[120.4757,17.5953],[120.4732,17.6029],[120.47,17.6066],[120.4538,17.6149],[120.4509,17.6134],[120.4461,17.6049],[120.4366,17.6],[120.4349,17.6032],[120.4178,17.5991],[120.4112,17.6017],[120.4047,17.6013],[120.3991,17.5988],[120.3979,17.5929],[120.3943,17.5904],[120.3915,17.5815],[120.3817,17.5702],[120.3802,17.5612],[120.3476,17.5534],[120.3652,17.5359],[120.3886,17.5208],[120.3917,17.5122],[120.3895,17.5046],[120.3916,17.499],[120.4041,17.4933],[120.4196,17.4955],[120.4293,17.4887],[120.4361,17.4784],[120.4321,17.4721],[120.4345,17.467],[120.4327,17.4548],[120.4352,17.4472],[120.4373,17.4499],[120.4362,17.4556],[120.4396,17.4578],[120.4461,17.4703],[120.4516,17.495],[120.4574,17.5026],[120.4568,17.5073],[120.4594,17.5104],[120.4592,17.5149],[120.463,17.5244],[120.4662,17.5187],[120.4688,17.5058],[120.4676,17.5003],[120.4701,17.4994],[120.4722,17.5034],[120.4928,17.5051],[120.4999,17.5002],[120.5041,17.4932],[120.5149,17.5005],[120.52,17.507],[120.5283,17.5082],[120.5339,17.5069],[120.5389,17.5109],[120.5456,17.5066],[120.5588,17.5139],[120.5624,17.5122],[120.5661,17.5052],[120.5745,17.5116],[120.5787,17.5123],[120.5893,17.4991],[120.5893,17.4922],[120.5818,17.471],[120.5814,17.4596],[120.5793,17.4546],[120.581,17.4487],[120.5785,17.4218],[120.5751,17.4088],[120.5706,17.4003],[120.572,17.3985],[120.579,17.4005],[120.5787,17.4051],[120.5884,17.416],[120.5923,17.4177],[120.6033,17.4167],[120.6064,17.415],[120.6084,17.4109],[120.6163,17.4096],[120.622,17.4042],[120.6326,17.3895],[120.6348,17.3813],[120.6328,17.3715],[120.6349,17.3655],[120.6346,17.3558],[120.6308,17.3409],[120.6251,17.3375],[120.6243,17.3306],[120.6173,17.3221],[120.6053,17.3196],[120.6139,17.3111],[120.6176,17.3025],[120.6072,17.2862],[120.6127,17.2807],[120.6153,17.2734],[120.6143,17.2702],[120.6195,17.2603],[120.6129,17.253],[120.6209,17.2451],[120.6232,17.2367],[120.609,17.2262],[120.6062,17.2192],[120.5985,17.2145],[120.6041,17.2054],[120.6105,17.2046],[120.6197,17.2119],[120.6226,17.21],[120.6234,17.2062],[120.6287,17.2033],[120.6313,17.2025],[120.6378,17.2052],[120.6487,17.1944],[120.6523,17.1948],[120.6564,17.1924],[120.6489,17.18],[120.6478,17.1723],[120.6431,17.1664],[120.6409,17.1476],[120.6429,17.143],[120.637,17.139],[120.6365,17.123],[120.6327,17.113],[120.6348,17.1117],[120.6385,17.0998],[120.636,17.0848],[120.6325,17.0777],[120.6356,17.0675],[120.6336,17.0631],[120.6326,17.0501],[120.6381,17.0416],[120.6363,17.033],[120.642,17.0199],[120.6365,17.0093],[120.635,17.0018],[120.637,16.9971],[120.6443,16.99],[120.6573,16.9826],[120.6605,16.9652],[120.6554,16.953],[120.6659,16.9441],[120.6646,16.9329],[120.668,16.9305],[120.6696,16.926],[120.6763,16.9232],[120.6777,16.9154],[120.6847,16.9107],[120.6757,16.8975],[120.675,16.8925],[120.6833,16.8715],[120.6882,16.8708],[120.6929,16.8676],[120.6982,16.861],[120.7001,16.8473],[120.6985,16.8421],[120.7087,16.8316],[120.7189,16.8325],[120.7208,16.8255],[120.7258,16.819],[120.7245,16.8145],[120.7272,16.8116],[120.7261,16.8067],[120.7328,16.8063],[120.7394,16.8009],[120.7489,16.797],[120.7509,16.7905],[120.757,16.786],[120.7575,16.7777],[120.766,16.7632],[120.7664,16.7504],[120.7633,16.7461],[120.7646,16.741],[120.7629,16.7384],[120.7628,16.731],[120.7655,16.7221],[120.774,16.724],[120.7824,16.7224],[120.7886,16.7279],[120.7938,16.7283],[120.7996,16.7344],[120.7993,16.7526],[120.809,16.7579],[120.8101,16.7741],[120.817,16.7922],[120.8206,16.7933],[120.8226,16.8055],[120.8412,16.8284],[120.8429,16.8368],[120.8485,16.8414],[120.8601,16.8448],[120.8611,16.8493],[120.8585,16.8546],[120.8525,16.8548],[120.8511,16.8594],[120.8446,16.8629],[120.8516,16.8692],[120.8542,16.8796],[120.8674,16.8847],[120.8679,16.8954],[120.8725,16.9134],[120.8809,16.9203],[120.8842,16.9266],[120.8834,16.9324],[120.875,16.9333],[120.8623,16.942],[120.8589,16.9423],[120.8582,16.9452],[120.8621,16.9586],[120.8611,16.9635],[120.8535,16.9742],[120.854,16.9863],[120.8445,16.9865],[120.8415,16.9894],[120.8364,17.0122],[120.8442,17.0184],[120.8522,17.0306],[120.8636,17.0346],[120.8636,17.0402],[120.8577,17.0463],[120.8613,17.06],[120.8647,17.0643],[120.8755,17.068],[120.8795,17.0716],[120.881,17.086],[120.8788,17.1039],[120.876,17.1078],[120.8756,17.1123],[120.878,17.1166],[120.8795,17.1326],[120.8788,17.1368],[120.8726,17.143],[120.8715,17.1514],[120.8758,17.1596],[120.88,17.1737],[120.88,17.1799],[120.8826,17.1848],[120.8958,17.1965]]]]}},{"type":"Feature","properties":{"slug":"agno","name":"Agno River Basin"},"geometry":{"type":"MultiPolygon","coordinates":[[[[120.9009,16.2901],[120.9027,16.2965],[120.9001,16.307],[120.8951,16.3079],[120.8946,16.311],[120.8976,16.3381],[120.902,16.3511],[120.9017,16.3555],[120.8946,16.367],[120.8937,16.3782],[120.8756,16.4051],[120.8731,16.4223],[120.8861,16.4446],[120.8865,16.4508],[120.8834,16.4641],[120.8857,16.4783],[120.8822,16.4856],[120.8784,16.5091],[120.8838,16.5157],[120.8886,16.5165],[120.8937,16.5235],[120.8967,16.5469],[120.8996,16.5557],[120.8996,16.5655],[120.8967,16.5746],[120.8926,16.5769],[120.8928,16.5806],[120.9033,16.5911],[120.8977,16.6022],[120.9034,16.612],[120.9004,16.6213],[120.8987,16.6383],[120.8773,16.65],[120.8763,16.6541],[120.8805,16.6683],[120.8788,16.6997],[120.8755,16.7147],[120.864,16.7217],[120.8636,16.7258],[120.864,16.73],[120.8693,16.7356],[120.8771,16.739],[120.881,16.7431],[120.8883,16.7447],[120.8987,16.7509],[120.9031,16.7846],[120.8966,16.813],[120.9002,16.8192],[120.9018,16.8312],[120.8974,16.8312],[120.8869,16.8366],[120.8754,16.8319],[120.87,16.8322],[120.8654,16.8494],[120.862,16.8546],[120.8585,16.8546],[120.8611,16.8493],[120.8601,16.8448],[120.8485,16.8414],[120.8429,16.8368],[120.8412,16.8284],[120.8226,16.8055],[120.8206,16.7933],[120.817,16.7922],[120.8101,16.7741],[120.809,16.7579],[120.7993,16.7526],[120.7996,16.7344],[120.7938,16.7283],[120.7886,16.7279],[120.7824,16.7224],[120.774,16.724],[120.7655,16.7221],[120.7639,16.7246],[120.7562,16.7169],[120.7573,16.7087],[120.7667,16.7001],[120.7685,16.6896],[120.7654,16.6823],[120.7694,16.6598],[120.7669,16.6436],[120.7594,16.6344],[120.7565,16.6263],[120.757,16.6051],[120.7538,16.5977],[120.7527,16.5842],[120.7475,16.5772],[120.7332,16.5671],[120.7252,16.5524],[120.7058,16.5421],[120.6988,16.5361],[120.6989,16.5272],[120.6909,16.5216],[120.6869,16.5081],[120.678,16.4967],[120.6705,16.4937],[120.6621,16.5001],[120.6566,16.4996],[120.6136,16.4609],[120.6133,16.4549],[120.623,16.4351],[120.626,16.4211],[120.6233,16.4123],[120.6151,16.4062],[120.613,16.4021],[120.6183,16.3841],[120.6282,16.3669],[120.6318,16.347],[120.6442,16.3266],[120.648,16.3158],[120.6468,16.308],[120.6389,16.2934],[120.616,16.2694],[120.6252,16.2615],[120.6349,16.2437],[120.6487,16.2309],[120.6544,16.2216],[120.6517,16.1912],[120.6541,16.1822],[120.6624,16.1673],[120.664,16.1583],[120.662,16.1489],[120.6546,16.1362],[120.6515,16.1251],[120.6487,16.1006],[120.6517,16.0829],[120.6597,16.0638],[120.6603,16.0583],[120.6542,16.0433],[120.619,16.0174],[120.6118,16.0087],[120.6086,15.9981],[120.6098,15.99],[120.6069,15.9804],[120.5997,15.9692],[120.5998,15.9454],[120.5937,15.9362],[120.5827,15.9296],[120.5726,15.9262],[120.5483,15.9225],[120.5387,15.9164],[120.5178,15.9086],[120.5166,15.8977],[120.5092,15.8846],[120.5136,15.8707],[120.5128,15.8648],[120.4801,15.8587],[120.4756,15.8477],[120.4681,15.8414],[120.4485,15.8302],[120.4442,15.8253],[120.4414,15.8168],[120.435,15.8131],[120.4266,15.8031],[120.4196,15.7981],[120.4114,15.7963],[120.3879,15.7978],[120.3735,15.8047],[120.3679,15.8103],[120.349,15.8163],[120.3251,15.8309],[120.3172,15.8506],[120.3114,15.8565],[120.3044,15.869],[120.2829,15.887],[120.2799,15.8946],[120.2649,15.9154],[120.2594,15.9278],[120.2613,15.9572],[120.2583,15.9668],[120.2509,15.9782],[120.25,15.9852],[120.246,15.9905],[120.2355,15.9947],[120.2298,16.0021],[120.2235,16.0064],[120.1823,16.0185],[120.1429,16.041],[120.1362,16.0391],[120.1242,16.0234],[120.1187,16.0116],[120.1175,15.9981],[120.1203,15.9866],[120.1135,15.9659],[120.1169,15.9598],[120.1313,15.9454],[120.1318,15.9404],[120.1277,15.93],[120.1094,15.9092],[120.1045,15.8896],[120.1128,15.872],[120.1108,15.8587],[120.1239,15.8474],[120.1259,15.8435],[120.1254,15.8295],[120.1374,15.8091],[120.1352,15.7964],[120.1294,15.7813],[120.1307,15.7613],[120.1373,15.743],[120.156,15.7175],[120.1565,15.713],[120.1516,15.6959],[120.161,15.6826],[120.1586,15.6547],[120.1611,15.6404],[120.1684,15.6237],[120.1609,15.6161],[120.1643,15.6085],[120.1773,15.5918],[120.1805,15.5843],[120.1811,15.5804],[120.1766,15.5696],[120.1768,15.5642],[120.1813,15.5601],[120.1857,15.5496],[120.1906,15.5459],[120.1985,15.5267],[120.1893,15.5148],[120.1879,15.5103],[120.1896,15.5046],[120.1981,15.4933],[120.1978,15.4908],[120.1909,15.4825],[120.1818,15.478],[120.1789,15.4701],[120.1786,15.4595],[120.1609,15.4543],[120.1575,15.4514],[120.1769,15.4271],[120.1719,15.4115],[120.1735,15.3991],[120.1974,15.3889],[120.2124,15.3925],[120.2361,15.3859],[120.2633,15.3575],[120.2809,15.3562],[120.2875,15.3541],[120.2897,15.3513],[120.2914,15.3427],[120.2843,15.3157],[120.2849,15.3071],[120.3041,15.2796],[120.3152,15.271],[120.3274,15.2405],[120.3433,15.2303],[120.3466,15.2134],[120.346,15.2081],[120.3406,15.1998],[120.3438,15.1895],[120.3439,15.1743],[120.3474,15.1618],[120.3561,15.1432],[120.3576,15.1457],[120.359,15.1438],[120.362,15.1444],[120.359,15.1548],[120.3633,15.1566],[120.3636,15.1601],[120.3718,15.1589],[120.3766,15.1562],[120.3803,15.1594],[120.3867,15.1581],[120.3929,15.1647],[120.3975,15.166],[120.4039,15.1807],[120.4096,15.1846],[120.4164,15.1965],[120.4189,15.2056],[120.4175,15.2071],[120.4188,15.219],[120.4258,15.2232],[120.4277,15.2312],[120.4299,15.2332],[120.4354,15.2337],[120.4447,15.2448],[120.4488,15.2443],[120.4515,15.247],[120.4623,15.2771],[120.4638,15.28],[120.4673,15.2811],[120.4668,15.29],[120.4703,15.3024],[120.4779,15.3084],[120.4794,15.3131],[120.4835,15.3142],[120.4873,15.3218],[120.4931,15.3568],[120.4923,15.3668],[120.5113,15.3804],[120.522,15.3916],[120.5355,15.3956],[120.5428,15.3931],[120.5453,15.3944],[120.5644,15.4126],[120.5759,15.4437],[120.5784,15.4624],[120.5844,15.4738],[120.5976,15.4895],[120.6059,15.4937],[120.6078,15.5029],[120.6116,15.5105],[120.6182,15.516],[120.6193,15.5238],[120.6313,15.537],[120.647,15.5629],[120.6561,15.5832],[120.6581,15.6091],[120.6712,15.6193],[120.685,15.6252],[120.6907,15.6327],[120.6933,15.6434],[120.7085,15.6538],[120.7325,15.6605],[120.7465,15.6692],[120.7592,15.6739],[120.7863,15.6971],[120.7988,15.6997],[120.8028,15.7052],[120.8068,15.7186],[120.8266,15.7371],[120.8354,15.7572],[120.832,15.7795],[120.8355,15.79],[120.8324,15.7937],[120.8318,15.7981],[120.8345,15.803],[120.8308,15.804],[120.8297,15.8075],[120.8271,15.8082],[120.8198,15.8228],[120.8166,15.8236],[120.8081,15.8322],[120.8112,15.8371],[120.8101,15.844],[120.8138,15.852],[120.8164,15.8561],[120.8238,15.8593],[120.8245,15.8719],[120.8527,15.8762],[120.8884,15.8879],[120.9017,15.8904],[120.9185,15.9081],[120.9256,15.907],[120.9241,15.9218],[120.9361,15.9338],[120.9376,15.9375],[120.9341,15.9509],[120.9296,15.955],[120.932,15.9612],[120.9307,15.9652],[120.9214,15.9721],[120.9199,15.9754],[120.9219,15.9785],[120.9202,15.9922],[120.9262,15.9928],[120.9298,15.998],[120.9226,16.0033],[120.9249,16.009],[120.9235,16.0127],[120.9202,16.0135],[120.9195,16.0168],[120.9209,16.024],[120.918,16.0312],[120.922,16.0354],[120.9194,16.0432],[120.9164,16.0441],[120.913,16.0503],[120.9098,16.0513],[120.9062,16.0586],[120.9031,16.0583],[120.8992,16.0625],[120.8968,16.0737],[120.8946,16.075],[120.897,16.0837],[120.9003,16.0859],[120.8964,16.0952],[120.8919,16.1004],[120.8981,16.1141],[120.8984,16.1202],[120.893,16.1231],[120.8712,16.1433],[120.8667,16.159],[120.8614,16.1672],[120.8595,16.1782],[120.8604,16.1914],[120.8669,16.199],[120.8736,16.2008],[120.8748,16.2043],[120.8744,16.2265],[120.8705,16.2405],[120.8835,16.251],[120.8887,16.2767],[120.8942,16.2851],[120.9009,16.2901]]]]}},{"type":"Feature","properties":{"slug":"pampanga","name":"Pampanga River Basin"},"geometry":{"type":"MultiPolygon","coordinates":[[[[121.2939,15.8925],[121.2924,15.897],[121.2843,15.9013],[121.28,15.9084],[121.2685,15.91],[121.2655,15.9152],[121.2536,15.9217],[121.2529,15.9302],[121.2475,15.9349],[121.23,15.9417],[121.2285,15.9663],[121.2238,15.9747],[121.2091,15.9807],[121.1978,15.9951],[121.1861,15.9959],[121.1764,16.001],[121.1762,16.0053],[121.1817,16.0145],[121.1816,16.0199],[121.175,16.0265],[121.1754,16.0323],[121.1707,16.0395],[121.1744,16.0524],[121.1722,16.061],[121.1735,16.0673],[121.1663,16.0717],[121.1595,16.0808],[121.1448,16.0942],[121.1303,16.0952],[121.124,16.0933],[121.1164,16.0994],[121.1071,16.101],[121.1032,16.1077],[121.1011,16.1283],[121.0941,16.135],[121.0858,16.1347],[121.0689,16.1377],[121.0473,16.128],[121.0366,16.1354],[121.0286,16.1376],[121.0114,16.1295],[120.9862,16.1463],[120.9785,16.1399],[120.9761,16.1315],[120.9639,16.1186],[120.9553,16.1208],[120.9524,16.1247],[120.9441,16.1287],[120.9301,16.1394],[120.9195,16.1378],[120.9137,16.1389],[120.9118,16.1297],[120.9069,16.122],[120.8979,16.1198],[120.8981,16.1141],[120.8919,16.1004],[120.8964,16.0952],[120.9003,16.0859],[120.897,16.0837],[120.8966,16.0785],[120.8946,16.0763],[120.8968,16.0737],[120.8967,16.0687],[120.9018,16.0593],[120.9062,16.0586],[120.9098,16.0513],[120.913,16.0503],[120.9164,16.0441],[120.9201,16.0416],[120.9221,16.0349],[120.918,16.0312],[120.9209,16.024],[120.9195,16.0168],[120.9202,16.0135],[120.9235,16.0127],[120.9249,16.009],[120.9226,16.0033],[120.9297,15.9986],[120.9262,15.9928],[120.9202,15.9922],[120.9219,15.9785],[120.9199,15.9754],[120.9214,15.9721],[120.9307,15.9652],[120.932,15.9612],[120.9296,15.955],[120.9341,15.9509],[120.9376,15.9375],[120.9361,15.9338],[120.9241,15.9218],[120.9256,15.907],[120.9185,15.9081],[120.9017,15.8904],[120.8884,15.8879],[120.8527,15.8762],[120.8245,15.8719],[120.8238,15.8593],[120.8164,15.8561],[120.8138,15.852],[120.8101,15.844],[120.8112,15.8371],[120.8081,15.8322],[120.8166,15.8236],[120.8198,15.8228],[120.8271,15.8082],[120.8297,15.8075],[120.8308,15.804],[120.8345,15.803],[120.8318,15.7981],[120.8324,15.7937],[120.8355,15.79],[120.832,15.7795],[120.8354,15.7572],[120.8266,15.7371],[120.8068,15.7186],[120.8028,15.7052],[120.7988,15.6997],[120.7863,15.6971],[120.7592,15.6739],[120.7465,15.6692],[120.7325,15.6605],[120.7085,15.6538],[120.6934,15.6434],[120.6907,15.6327],[120.685,15.6252],[120.6712,15.6193],[120.6581,15.6091],[120.6561,15.5832],[120.647,15.5629],[120.6313,15.537],[120.6193,15.5238],[120.6182,15.516],[120.6116,15.5105],[120.6078,15.5029],[120.6059,15.4937],[120.5976,15.4895],[120.5844,15.4738],[120.5784,15.4624],[120.5759,15.4437],[120.5644,15.4126],[120.5453,15.3944],[120.5428,15.3931],[120.5355,15.3956],[120.522,15.3916],[120.5113,15.3804],[120.4923,15.3668],[120.4931,15.3568],[120.4873,15.3218],[120.4835,15.3142],[120.4794,15.3131],[120.4779,15.3084],[120.4703,15.3024],[120.4668,15.29],[120.4673,15.2811],[120.4638,15.28],[120.4623,15.2771],[120.4515,15.247],[120.4488,15.2443],[120.4447,15.2448],[120.4354,15.2337],[120.4299,15.2332],[120.4277,15.2312],[120.4258,15.2232],[120.4188,15.219],[120.4175,15.2071],[120.4189,15.2056],[120.4164,15.1965],[120.4096,15.1846],[120.4039,15.1807],[120.3975,15.166],[120.3929,15.1647],[120.3864,15.158],[120.3803,15.1594],[120.3764,15.1562],[120.3718,15.1589],[120.3636,15.1601],[120.3633,15.1566],[120.3593,15.1561],[120.3621,15.1448],[120.3594,15.1437],[120.3571,15.1452],[120.3559,15.1355],[120.358,15.1346],[120.3586,15.1315],[120.3679,15.1255],[120.3652,15.1226],[120.3654,15.1148],[120.3704,15.1063],[120.3695,15.1026],[120.3715,15.1012],[120.3711,15.0977],[120.3633,15.0856],[120.3569,15.0799],[120.3579,15.0747],[120.3556,15.0734],[120.3594,15.0703],[120.3546,15.0672],[120.3562,15.0613],[120.3545,15.0528],[120.3568,15.0468],[120.3542,15.0418],[120.3509,15.04],[120.3528,15.0378],[120.3517,15.0312],[120.3411,15.0273],[120.3436,15.0218],[120.3478,15.0191],[120.3452,15.0028],[120.3478,14.9984],[120.3516,14.9944],[120.3567,14.9941],[120.3722,14.9865],[120.3693,14.985],[120.3707,14.9784],[120.3669,14.9765],[120.3648,14.9646],[120.3578,14.958],[120.3574,14.9526],[120.3544,14.9499],[120.364,14.9411],[120.3711,14.9404],[120.3742,14.9366],[120.3709,14.9331],[120.37,14.9195],[120.3747,14.9219],[120.379,14.9202],[120.394,14.9239],[120.3974,14.9318],[120.4002,14.9331],[120.4058,14.9297],[120.4112,14.9312],[120.4109,14.9274],[120.4154,14.9256],[120.4171,14.9188],[120.4212,14.9134],[120.4319,14.9111],[120.4371,14.9065],[120.456,14.8977],[120.4734,14.8801],[120.4795,14.878],[120.5017,14.8767],[120.5126,14.8713],[120.5192,14.8631],[120.5229,14.841],[120.5275,14.8365],[120.54,14.831],[120.5489,14.8206],[120.5566,14.8211],[120.557,14.8185],[120.5607,14.8198],[120.5755,14.8336],[120.5747,14.8424],[120.582,14.8405],[120.6054,14.81],[120.6065,14.8065],[120.6041,14.7952],[120.6203,14.7982],[120.6329,14.798],[120.6422,14.7969],[120.6459,14.7939],[120.6524,14.7814],[120.6528,14.7686],[120.6588,14.7659],[120.6643,14.7488],[120.6706,14.7444],[120.6864,14.743],[120.6894,14.747],[120.7001,14.746],[120.7093,14.7492],[120.714,14.7487],[120.7222,14.744],[120.7625,14.7453],[120.7701,14.7433],[120.8076,14.7456],[120.8313,14.7409],[120.8392,14.75],[120.8438,14.7524],[120.848,14.7608],[120.8508,14.7616],[120.8555,14.7575],[120.853,14.7545],[120.8577,14.7494],[120.8596,14.7436],[120.8668,14.7361],[120.8643,14.7339],[120.8678,14.7281],[120.8721,14.7281],[120.8908,14.7133],[120.8911,14.716],[120.9007,14.7189],[120.9052,14.7175],[120.9166,14.7251],[120.9227,14.7249],[120.929,14.7195],[120.9342,14.7094],[120.9452,14.6984],[120.9572,14.6928],[120.9789,14.6888],[120.9899,14.6892],[120.9975,14.6953],[121.002,14.7041],[121.0058,14.7177],[121.0153,14.731],[121.0308,14.7323],[121.0446,14.7305],[121.0662,14.7342],[121.0746,14.7393],[121.0785,14.743],[121.0776,14.7458],[121.0803,14.746],[121.0844,14.7507],[121.0903,14.7478],[121.0938,14.7515],[121.0995,14.7521],[121.1004,14.7554],[121.0984,14.7596],[121.1032,14.7632],[121.1089,14.7635],[121.1134,14.7687],[121.1141,14.7725],[121.1203,14.7756],[121.1264,14.7745],[121.1292,14.7747],[121.1292,14.7771],[121.1344,14.7765],[121.1355,14.7813],[121.132,14.7867],[121.1352,14.7893],[121.1343,14.7915],[121.1509,14.794],[121.1539,14.7993],[121.1576,14.7996],[121.1625,14.8137],[121.1723,14.8197],[121.1776,14.8204],[121.1799,14.8244],[121.1883,14.8234],[121.1953,14.8204],[121.196,14.8185],[121.2051,14.8181],[121.2081,14.8159],[121.2116,14.8199],[121.2231,14.8201],[121.2317,14.8273],[121.2335,14.8251],[121.2382,14.8262],[121.244,14.8216],[121.2563,14.8244],[121.2663,14.8334],[121.2699,14.8332],[121.2751,14.8291],[121.2863,14.8308],[121.2901,14.8296],[121.2999,14.837],[121.3033,14.8285],[121.308,14.8275],[121.314,14.8306],[121.3183,14.8406],[121.3116,14.8501],[121.3159,14.8569],[121.3161,14.8666],[121.3077,14.8918],[121.313,14.8939],[121.3145,14.8978],[121.3072,14.9027],[121.2999,14.9145],[121.303,14.9287],[121.306,14.9329],[121.3052,14.9381],[121.3079,14.9401],[121.3123,14.9385],[121.3169,14.948],[121.3282,14.9538],[121.3254,14.9595],[121.328,14.9687],[121.3282,14.9771],[121.3261,14.9836],[121.3288,14.9986],[121.3065,15.0042],[121.3002,15.0204],[121.3018,15.0254],[121.3059,15.025],[121.309,15.0301],[121.3154,15.0292],[121.3207,15.0336],[121.3179,15.0406],[121.3225,15.0523],[121.3208,15.0594],[121.3242,15.0688],[121.3286,15.0704],[121.3293,15.083],[121.3266,15.0869],[121.33,15.0916],[121.331,15.1032],[121.3332,15.1053],[121.3311,15.112],[121.331,15.1328],[121.3358,15.1358],[121.3363,15.139],[121.3337,15.1441],[121.3352,15.1477],[121.3336,15.1543],[121.3312,15.1569],[121.3197,15.159],[121.3168,15.1648],[121.3163,15.1709],[121.3202,15.1763],[121.3192,15.1829],[121.3238,15.1883],[121.318,15.2016],[121.3119,15.2093],[121.3079,15.2081],[121.3092,15.2163],[121.3024,15.2269],[121.3141,15.2319],[121.3145,15.2357],[121.3221,15.2398],[121.3207,15.2497],[121.3234,15.2499],[121.3209,15.2596],[121.3233,15.2626],[121.3206,15.2655],[121.3206,15.269],[121.3242,15.2756],[121.3287,15.2778],[121.329,15.286],[121.3356,15.2878],[121.3354,15.2941],[121.3393,15.3003],[121.3467,15.3022],[121.3476,15.3098],[121.3534,15.3128],[121.3537,15.3263],[121.357,15.3367],[121.3588,15.3387],[121.3613,15.3378],[121.3654,15.343],[121.3615,15.3468],[121.3595,15.354],[121.3626,15.3603],[121.3599,15.3684],[121.3631,15.3824],[121.3591,15.3969],[121.3636,15.3995],[121.3621,15.409],[121.3575,15.4177],[121.3571,15.4304],[121.3613,15.4328],[121.3791,15.4366],[121.3822,15.4395],[121.3841,15.4453],[121.3931,15.4475],[121.3925,15.4515],[121.3946,15.4548],[121.3954,15.4631],[121.4018,15.4655],[121.4032,15.4792],[121.4096,15.4872],[121.4087,15.4945],[121.4113,15.5017],[121.4089,15.5084],[121.411,15.5126],[121.4203,15.5208],[121.4219,15.5271],[121.4248,15.5294],[121.4255,15.5409],[121.4341,15.552],[121.432,15.5593],[121.4353,15.5648],[121.4344,15.5707],[121.427,15.5739],[121.4254,15.5818],[121.4222,15.5858],[121.4046,15.5879],[121.402,15.5901],[121.399,15.5893],[121.4005,15.5968],[121.3969,15.5983],[121.3971,15.6014],[121.3943,15.6027],[121.3946,15.6063],[121.3909,15.6115],[121.3822,15.6176],[121.3713,15.615],[121.3669,15.6183],[121.3627,15.6175],[121.3605,15.6212],[121.3618,15.629],[121.3546,15.6317],[121.351,15.6363],[121.3449,15.6382],[121.3421,15.6427],[121.3362,15.6443],[121.3296,15.6391],[121.3185,15.641],[121.3108,15.6394],[121.3094,15.6614],[121.297,15.6759],[121.2897,15.6795],[121.2911,15.6865],[121.2875,15.6926],[121.2881,15.6969],[121.2842,15.6988],[121.2865,15.7025],[121.2796,15.7109],[121.2813,15.7147],[121.2799,15.718],[121.2848,15.7221],[121.286,15.7259],[121.2911,15.7292],[121.2931,15.7366],[121.293,15.7382],[121.2881,15.7396],[121.2846,15.7459],[121.2952,15.753],[121.3009,15.7539],[121.3051,15.7583],[121.3067,15.7762],[121.2997,15.788],[121.2977,15.7986],[121.3014,15.8204],[121.3055,15.8216],[121.3059,15.8304],[121.3107,15.8309],[121.307,15.8346],[121.3095,15.8392],[121.3086,15.8457],[121.3169,15.8531],[121.3172,15.864],[121.3133,15.8705],[121.3074,15.8728],[121.3061,15.8766],[121.2942,15.8854],[121.2939,15.8925]]]]}},{"type":"Feature","properties":{"slug":"pasig-marikina","name":"Marikina River Basin"},"geometry":{"type":"MultiPolygon","coordinates":[[[[121.2626,14.5838],[121.2654,14.5812],[121.2665,14.5854],[121.27,14.5874],[121.2752,14.5806],[121.2954,14.5695],[121.3059,14.5733],[121.3069,14.5803],[121.3107,14.5814],[121.3128,14.5794],[121.3209,14.5828],[121.3223,14.5868],[121.3176,14.5937],[121.3208,14.6108],[121.3169,14.6156],[121.3174,14.6188],[121.3106,14.631],[121.316,14.6441],[121.3137,14.6467],[121.3224,14.6551],[121.3244,14.6614],[121.3273,14.6636],[121.3274,14.6685],[121.3238,14.6772],[121.3254,14.6793],[121.3229,14.6884],[121.3233,14.696],[121.3187,14.7033],[121.3189,14.7101],[121.315,14.7138],[121.3116,14.7133],[121.3102,14.715],[121.3151,14.7239],[121.3134,14.7359],[121.3116,14.7373],[121.3124,14.7446],[121.3035,14.7483],[121.2992,14.753],[121.3021,14.7573],[121.2966,14.7642],[121.2985,14.7699],[121.2949,14.778],[121.3011,14.7815],[121.314,14.7836],[121.3176,14.7874],[121.3176,14.7899],[121.3209,14.7921],[121.3248,14.7895],[121.3276,14.7899],[121.3228,14.795],[121.3258,14.7999],[121.3241,14.8061],[121.3169,14.8117],[121.3138,14.8204],[121.3084,14.822],[121.31,14.8258],[121.3033,14.8285],[121.2999,14.837],[121.2901,14.8296],[121.2863,14.8307],[121.2751,14.8291],[121.2699,14.8332],[121.2663,14.8334],[121.2563,14.8244],[121.2532,14.8248],[121.2478,14.8218],[121.244,14.8216],[121.2382,14.8262],[121.2335,14.8251],[121.2317,14.8273],[121.2231,14.8201],[121.2116,14.8199],[121.2081,14.8159],[121.2052,14.818],[121.196,14.8185],[121.1883,14.8234],[121.1799,14.8244],[121.1776,14.8204],[121.1723,14.8197],[121.1625,14.8137],[121.1576,14.7996],[121.1539,14.7993],[121.1509,14.794],[121.1343,14.7915],[121.1352,14.7893],[121.132,14.7867],[121.1355,14.7813],[121.1344,14.7765],[121.1292,14.7771],[121.1292,14.7747],[121.1264,14.7745],[121.1203,14.7756],[121.1141,14.7725],[121.1134,14.7687],[121.1089,14.7635],[121.1032,14.7632],[121.0984,14.7596],[121.1004,14.7554],[121.0995,14.7521],[121.0938,14.7515],[121.0903,14.7478],[121.0844,14.7507],[121.0803,14.746],[121.0776,14.7458],[121.0785,14.743],[121.0715,14.7378],[121.0681,14.7323],[121.0721,14.7295],[121.0723,14.7269],[121.0694,14.7253],[121.0708,14.7203],[121.0727,14.7192],[121.0757,14.7216],[121.0786,14.7178],[121.0796,14.7107],[121.0764,14.7057],[121.081,14.7006],[121.0933,14.6978],[121.0961,14.69],[121.0915,14.6882],[121.0894,14.69],[121.086,14.687],[121.0817,14.6751],[121.075,14.6685],[121.0783,14.6627],[121.0772,14.6593],[121.0725,14.6579],[121.0728,14.6541],[121.068,14.6531],[121.0649,14.6478],[121.0559,14.6463],[121.0563,14.6418],[121.0601,14.6387],[121.0604,14.6323],[121.0679,14.6288],[121.0567,14.6261],[121.0556,14.6224],[121.0553,14.6196],[121.0598,14.6155],[121.0649,14.6144],[121.0661,14.6083],[121.0681,14.6072],[121.0622,14.605],[121.0641,14.6022],[121.063,14.5954],[121.065,14.5935],[121.0605,14.5899],[121.0618,14.5863],[121.0599,14.5853],[121.0596,14.5805],[121.0543,14.5808],[121.049,14.5772],[121.0503,14.5769],[121.0484,14.574],[121.0463,14.5748],[121.042,14.5723],[121.0391,14.5734],[121.0376,14.5702],[121.0322,14.5686],[121.0308,14.564],[121.0337,14.5624],[121.0338,14.5595],[121.0374,14.558],[121.0355,14.556],[121.0391,14.5521],[121.0385,14.5433],[121.0464,14.5448],[121.0499,14.5407],[121.0472,14.5387],[121.0458,14.5298],[121.0415,14.5246],[121.0444,14.5229],[121.0483,14.5122],[121.0463,14.5125],[121.041,14.5078],[121.0406,14.5053],[121.0482,14.5072],[121.0529,14.5044],[121.0526,14.5105],[121.0614,14.5149],[121.0632,14.5137],[121.0638,14.5058],[121.0663,14.502],[121.0714,14.5062],[121.0704,14.5086],[121.0736,14.5093],[121.075,14.5061],[121.0766,14.5063],[121.076,14.5074],[121.0882,14.5126],[121.0907,14.5283],[121.0959,14.5302],[121.0975,14.5333],[121.1037,14.5331],[121.1078,14.5372],[121.1057,14.5428],[121.1087,14.5448],[121.1052,14.5498],[121.1096,14.5521],[121.1081,14.5558],[121.1112,14.5553],[121.1131,14.5601],[121.1165,14.5558],[121.13,14.5506],[121.1365,14.5563],[121.1484,14.5594],[121.1591,14.5502],[121.1647,14.5527],[121.1638,14.5587],[121.1693,14.5619],[121.1696,14.5682],[121.1722,14.5681],[121.1732,14.5716],[121.1784,14.5686],[121.1768,14.5667],[121.1781,14.5608],[121.1821,14.5579],[121.186,14.5568],[121.1861,14.5628],[121.1888,14.5608],[121.1926,14.5622],[121.1951,14.5657],[121.193,14.5697],[121.1956,14.5726],[121.1935,14.5834],[121.1978,14.5897],[121.1934,14.5949],[121.1949,14.5974],[121.1976,14.5977],[121.1977,14.6019],[121.1949,14.606],[121.1957,14.6112],[121.1994,14.6146],[121.1987,14.6179],[121.2046,14.6178],[121.2031,14.6251],[121.2048,14.6289],[121.2098,14.6296],[121.2127,14.6331],[121.2186,14.6291],[121.223,14.6306],[121.2256,14.6286],[121.2291,14.6346],[121.2345,14.6295],[121.2341,14.6274],[121.2427,14.6221],[121.2461,14.6123],[121.2507,14.612],[121.2526,14.606],[121.2513,14.6034],[121.2591,14.5948],[121.2578,14.5926],[121.2606,14.5899],[121.2607,14.5836],[121.2626,14.5838]]]]}},{"type":"Feature","properties":{"slug":"pasig-marikina","name":"Pasig-Laguna de Bay River Basin"},"geometry":{"type":"MultiPolygon","coordinates":[[[[121.3248,14.8035],[121.3226,14.8079],[121.3169,14.8117],[121.3138,14.8204],[121.3084,14.822],[121.31,14.8258],[121.3033,14.8284],[121.2999,14.837],[121.2901,14.8296],[121.2863,14.8307],[121.2751,14.8291],[121.2699,14.8332],[121.2663,14.8334],[121.2563,14.8244],[121.2532,14.8247],[121.2478,14.8218],[121.244,14.8216],[121.2382,14.8262],[121.2335,14.8251],[121.2317,14.8273],[121.2231,14.8201],[121.2116,14.8199],[121.2081,14.8159],[121.2052,14.818],[121.196,14.8185],[121.1883,14.8234],[121.1799,14.8244],[121.1776,14.8204],[121.1723,14.8197],[121.1625,14.8137],[121.1576,14.7996],[121.1539,14.7993],[121.1509,14.794],[121.1343,14.7914],[121.1352,14.7893],[121.132,14.7867],[121.1355,14.7813],[121.1344,14.7765],[121.1292,14.7771],[121.1292,14.7747],[121.1264,14.7745],[121.1203,14.7756],[121.1141,14.7725],[121.1134,14.7687],[121.1089,14.7635],[121.1032,14.7632],[121.0984,14.7596],[121.1004,14.7554],[121.0995,14.7521],[121.0938,14.7515],[121.0903,14.7478],[121.0844,14.7507],[121.0803,14.746],[121.0776,14.7458],[121.0785,14.743],[121.0746,14.7393],[121.0662,14.7342],[121.0446,14.7305],[121.0308,14.7323],[121.0153,14.731],[121.0058,14.7177],[120.9995,14.6978],[120.9899,14.6892],[120.9724,14.6896],[120.9517,14.6947],[120.9412,14.7015],[120.9342,14.7094],[120.9305,14.7178],[120.9227,14.7249],[120.9166,14.7251],[120.8983,14.7131],[120.905,14.7017],[120.9239,14.685],[120.9319,14.6716],[120.9447,14.6565],[120.9481,14.6486],[120.9442,14.6453],[120.9511,14.6403],[120.9514,14.6356],[120.9539,14.6364],[120.9567,14.6336],[120.9597,14.6342],[120.9625,14.6381],[120.9614,14.6339],[120.9631,14.6308],[120.9587,14.6287],[120.9593,14.6267],[120.9565,14.627],[120.9586,14.6228],[120.9564,14.6144],[120.9589,14.6128],[120.9574,14.6118],[120.9593,14.6118],[120.9575,14.6106],[120.9592,14.61],[120.9575,14.6078],[120.9592,14.6068],[120.9575,14.6064],[120.9595,14.6055],[120.9582,14.604],[120.9597,14.6031],[120.958,14.6028],[120.9599,14.6011],[120.9575,14.6003],[120.9545,14.603],[120.9483,14.6136],[120.9492,14.6069],[120.9539,14.6019],[120.9422,14.5981],[120.9437,14.5947],[120.9567,14.5964],[120.9572,14.5922],[120.9614,14.5881],[120.9635,14.5928],[120.9642,14.5897],[120.9619,14.5869],[120.9651,14.5882],[120.9617,14.5836],[120.9628,14.5825],[120.9664,14.5867],[120.9649,14.5831],[120.9687,14.5842],[120.9664,14.5817],[120.9705,14.5829],[120.9681,14.5806],[120.9692,14.5795],[120.9725,14.5832],[120.9731,14.5792],[120.981,14.573],[120.9853,14.56],[120.9783,14.5561],[120.9808,14.5425],[120.991,14.5451],[120.9923,14.5365],[121.0145,14.5393],[121.039,14.5478],[121.0385,14.5433],[121.0464,14.5448],[121.0481,14.5424],[121.0458,14.5298],[121.0415,14.5246],[121.0444,14.5229],[121.0483,14.5122],[121.0463,14.5125],[121.04,14.5065],[121.0419,14.5046],[121.046,14.5068],[121.0443,14.4863],[121.0448,14.4538],[121.0406,14.452],[121.0231,14.4351],[121.0221,14.4224],[121.0125,14.4061],[121.0088,14.3923],[121.0125,14.3793],[121.0097,14.3684],[121.0063,14.3304],[121.0019,14.3247],[120.9905,14.2943],[120.9915,14.2858],[120.9887,14.2837],[120.9913,14.26],[120.9854,14.2507],[120.9783,14.2162],[120.9739,14.203],[120.9757,14.1811],[120.9746,14.1732],[120.9697,14.1657],[120.9672,14.1527],[120.9624,14.1407],[120.9623,14.1201],[120.9653,14.1182],[120.9719,14.1266],[120.9931,14.1236],[121.0138,14.1382],[121.022,14.1415],[121.0265,14.136],[121.0348,14.1342],[121.0419,14.138],[121.0452,14.1434],[121.0522,14.1434],[121.0633,14.1327],[121.0629,14.1281],[121.0859,14.1159],[121.098,14.1009],[121.1231,14.0888],[121.1452,14.0836],[121.1493,14.0841],[121.1535,14.0574],[121.1614,14.0317],[121.1616,14.022],[121.1675,13.9984],[121.1812,13.9955],[121.1934,13.984],[121.21,13.9764],[121.2297,13.9752],[121.2403,13.9771],[121.2417,13.9793],[121.2395,13.9852],[121.2375,13.9858],[121.2357,13.9943],[121.2314,13.9974],[121.2323,13.999],[121.2254,14.0074],[121.2157,14.012],[121.214,14.0244],[121.2151,14.039],[121.2196,14.0475],[121.2309,14.0578],[121.2601,14.0731],[121.2828,14.0883],[121.3034,14.0937],[121.315,14.0998],[121.3199,14.1045],[121.3309,14.1085],[121.3378,14.1051],[121.355,14.1051],[121.3786,14.0991],[121.393,14.0802],[121.4111,14.0634],[121.423,14.0622],[121.4266,14.0644],[121.4378,14.0619],[121.4507,14.0648],[121.4622,14.0612],[121.478,14.0595],[121.4794,14.0649],[121.4826,14.0677],[121.4874,14.0686],[121.4924,14.0673],[121.4988,14.0612],[121.5074,14.0658],[121.5133,14.0752],[121.5437,14.0714],[121.5468,14.0723],[121.5501,14.0783],[121.553,14.0796],[121.5647,14.0767],[121.5757,14.0714],[121.5813,14.0796],[121.5829,14.09],[121.5775,14.1034],[121.5774,14.1142],[121.5799,14.1188],[121.5703,14.1215],[121.5683,14.125],[121.5727,14.1395],[121.5713,14.1455],[121.5742,14.1493],[121.5699,14.1533],[121.5629,14.1559],[121.515,14.1674],[121.5083,14.1721],[121.5053,14.1891],[121.5128,14.1927],[121.5343,14.1924],[121.5434,14.202],[121.5693,14.1962],[121.5813,14.1995],[121.5938,14.198],[121.6235,14.2018],[121.6269,14.2043],[121.6265,14.2101],[121.6294,14.213],[121.629,14.2171],[121.6261,14.2188],[121.6042,14.2178],[121.6002,14.2195],[121.5963,14.2266],[121.5997,14.2281],[121.6013,14.2338],[121.6052,14.2379],[121.6091,14.2371],[121.6115,14.2387],[121.6131,14.2435],[121.6223,14.2546],[121.6251,14.2624],[121.6169,14.2652],[121.6049,14.265],[121.5973,14.2622],[121.5984,14.2563],[121.5929,14.2518],[121.5857,14.2565],[121.5728,14.2612],[121.5724,14.2641],[121.5778,14.2673],[121.5774,14.2689],[121.5624,14.2703],[121.5602,14.2715],[121.5585,14.279],[121.5609,14.2856],[121.5718,14.2937],[121.574,14.2979],[121.5845,14.2971],[121.5928,14.3063],[121.6132,14.3183],[121.6135,14.3257],[121.609,14.3284],[121.5982,14.3305],[121.5902,14.3361],[121.5816,14.3498],[121.5713,14.3564],[121.5647,14.3549],[121.5409,14.3633],[121.5338,14.3638],[121.5291,14.3689],[121.5198,14.3707],[121.5044,14.3812],[121.4993,14.3893],[121.4981,14.3971],[121.5014,14.4006],[121.5171,14.4072],[121.5203,14.4104],[121.5399,14.4143],[121.5551,14.4118],[121.5611,14.4132],[121.5612,14.4177],[121.5575,14.4223],[121.5446,14.4257],[121.5317,14.4261],[121.5169,14.4337],[121.5084,14.4335],[121.5071,14.4577],[121.5089,14.4625],[121.5061,14.4693],[121.5116,14.4867],[121.5144,14.4904],[121.522,14.4932],[121.5248,14.4966],[121.5232,14.5034],[121.5274,14.5127],[121.5237,14.5187],[121.5178,14.5247],[121.5081,14.5209],[121.5055,14.5256],[121.498,14.5246],[121.4937,14.5264],[121.4846,14.5434],[121.4795,14.5442],[121.4782,14.552],[121.4628,14.5633],[121.4412,14.5614],[121.4377,14.5648],[121.4256,14.5682],[121.4135,14.5748],[121.4114,14.5732],[121.411,14.5676],[121.4082,14.5649],[121.407,14.5595],[121.4013,14.5552],[121.3967,14.5528],[121.3904,14.5528],[121.3754,14.5409],[121.3652,14.5392],[121.3557,14.547],[121.3518,14.5637],[121.3551,14.5748],[121.3601,14.5811],[121.355,14.5899],[121.3502,14.5936],[121.3455,14.6038],[121.3386,14.6036],[121.3369,14.5986],[121.325,14.5862],[121.3202,14.5887],[121.3176,14.5937],[121.3208,14.6108],[121.3169,14.6156],[121.3174,14.6188],[121.3106,14.631],[121.316,14.6441],[121.3137,14.6467],[121.3223,14.6551],[121.3244,14.6614],[121.3273,14.6636],[121.3274,14.6685],[121.3238,14.6772],[121.3254,14.6793],[121.3229,14.6884],[121.3233,14.696],[121.3187,14.7033],[121.3189,14.7101],[121.315,14.7138],[121.3116,14.7133],[121.3102,14.715],[121.3151,14.7239],[121.3134,14.7359],[121.3116,14.7373],[121.3124,14.7446],[121.3035,14.7483],[121.2992,14.753],[121.3021,14.7573],[121.2966,14.7642],[121.2985,14.7699],[121.2949,14.778],[121.3011,14.7815],[121.314,14.7836],[121.3176,14.7874],[121.3176,14.7899],[121.3209,14.792],[121.327,14.7894],[121.3228,14.795],[121.3258,14.7999],[121.3248,14.8035]]]]}},{"type":"Feature","properties":{"slug":"bicol","name":"Bicol River Basin"},"geometry":{"type":"MultiPolygon","coordinates":[[[[122.9484,13.9891],[122.9306,13.9979],[122.9268,13.9959],[122.9197,13.9966],[122.9029,13.9879],[122.8776,13.9854],[122.8663,13.9863],[122.8362,13.9993],[122.8304,13.9996],[122.8277,14.0034],[122.8146,14.0028],[122.8073,14.0091],[122.7949,14.0129],[122.7916,14.0164],[122.7865,14.0155],[122.7833,13.9992],[122.7785,13.9923],[122.774,13.9898],[122.7722,13.9838],[122.7665,13.9838],[122.7656,13.9728],[122.7695,13.9686],[122.7718,13.9685],[122.7706,13.9652],[122.7764,13.9596],[122.7787,13.9533],[122.7853,13.9495],[122.7848,13.9453],[122.7883,13.946],[122.7932,13.9432],[122.8056,13.9476],[122.8142,13.948],[122.8183,13.9457],[122.8286,13.9452],[122.8419,13.9309],[122.8573,13.9228],[122.8682,13.9125],[122.8727,13.9039],[122.8793,13.8971],[122.8808,13.8866],[122.8937,13.8842],[122.9028,13.8812],[122.9033,13.8794],[122.9007,13.8646],[122.8859,13.8504],[122.8863,13.8471],[122.8665,13.8416],[122.8573,13.8267],[122.8478,13.8246],[122.8274,13.8003],[122.8271,13.7925],[122.822,13.7873],[122.8208,13.7809],[122.8115,13.7725],[122.8053,13.7707],[122.8026,13.7677],[122.7999,13.7609],[122.8025,13.7537],[122.8136,13.75],[122.8279,13.7533],[122.8304,13.7522],[122.832,13.7462],[122.8408,13.745],[122.8482,13.7414],[122.8481,13.7358],[122.8668,13.7228],[122.8629,13.714],[122.8664,13.7046],[122.8731,13.7037],[122.8778,13.6979],[122.8924,13.6999],[122.9014,13.7064],[122.9036,13.7103],[122.9066,13.7097],[122.914,13.6962],[122.9292,13.6838],[122.9337,13.6724],[122.9326,13.6628],[122.9381,13.661],[122.9423,13.6526],[122.949,13.6517],[122.9516,13.6459],[122.9549,13.6435],[122.9592,13.6315],[122.9615,13.6123],[122.9936,13.6051],[123.0086,13.593],[123.018,13.5899],[123.0358,13.5987],[123.0442,13.5949],[123.0589,13.5771],[123.0826,13.5584],[123.0834,13.5484],[123.0784,13.5335],[123.0808,13.5284],[123.0852,13.5309],[123.0865,13.5363],[123.09,13.5372],[123.0961,13.535],[123.0994,13.5308],[123.1031,13.5313],[123.1057,13.5279],[123.1156,13.5252],[123.1236,13.5196],[123.1307,13.5206],[123.1336,13.519],[123.1456,13.5089],[123.147,13.4993],[123.1437,13.4949],[123.1442,13.4925],[123.1499,13.4896],[123.1527,13.4836],[123.1647,13.477],[123.1653,13.4711],[123.1723,13.467],[123.1792,13.4578],[123.1996,13.452],[123.1999,13.448],[123.2029,13.4414],[123.2052,13.4402],[123.2056,13.4337],[123.2083,13.4293],[123.2178,13.4292],[123.2196,13.4255],[123.2246,13.4236],[123.2308,13.4248],[123.2353,13.416],[123.2232,13.4036],[123.2264,13.3973],[123.2252,13.3906],[123.2288,13.3907],[123.2328,13.3827],[123.2382,13.3788],[123.2378,13.3752],[123.24,13.3716],[123.2443,13.3684],[123.2483,13.3681],[123.2528,13.3613],[123.259,13.3587],[123.2606,13.3531],[123.2712,13.3358],[123.2745,13.3245],[123.2793,13.3216],[123.2845,13.325],[123.2878,13.3236],[123.2877,13.3186],[123.285,13.3172],[123.2839,13.3114],[123.286,13.3043],[123.2952,13.2947],[123.2928,13.2771],[123.2999,13.2678],[123.3115,13.2663],[123.3133,13.2613],[123.3214,13.2573],[123.3297,13.2473],[123.3334,13.2399],[123.3327,13.2346],[123.3366,13.2272],[123.3362,13.2211],[123.3387,13.2136],[123.3377,13.2093],[123.3417,13.2072],[123.3448,13.195],[123.3529,13.1857],[123.3589,13.1733],[123.3531,13.1623],[123.3534,13.1552],[123.3562,13.1545],[123.3643,13.157],[123.3671,13.16],[123.3685,13.1592],[123.372,13.1539],[123.3681,13.1504],[123.3674,13.1465],[123.3767,13.1379],[123.3746,13.1359],[123.3779,13.1297],[123.3825,13.1288],[123.3872,13.1243],[123.3921,13.1253],[123.3967,13.1349],[123.4051,13.1355],[123.4075,13.1426],[123.411,13.1459],[123.415,13.1414],[123.4307,13.1423],[123.4369,13.1371],[123.4436,13.1378],[123.4499,13.1356],[123.4585,13.1386],[123.4625,13.1375],[123.4726,13.1522],[123.4891,13.1587],[123.4929,13.1643],[123.4939,13.1745],[123.4926,13.1785],[123.4892,13.1802],[123.4906,13.1916],[123.4892,13.1944],[123.495,13.1976],[123.5052,13.1943],[123.5214,13.1934],[123.5283,13.1881],[123.5315,13.1806],[123.5423,13.1708],[123.5486,13.1703],[123.5593,13.1747],[123.5697,13.1638],[123.5702,13.1514],[123.5751,13.1483],[123.5773,13.1442],[123.5891,13.146],[123.5947,13.1438],[123.6049,13.1487],[123.6095,13.1398],[123.6197,13.1344],[123.6212,13.1391],[123.6353,13.1534],[123.6487,13.1517],[123.6566,13.1629],[123.6637,13.1657],[123.6626,13.1686],[123.6651,13.1774],[123.6626,13.1883],[123.6663,13.2128],[123.6845,13.2564],[123.6757,13.2685],[123.6572,13.2786],[123.6304,13.2812],[123.6244,13.2915],[123.6087,13.2973],[123.5926,13.3128],[123.593,13.3217],[123.5888,13.3258],[123.5889,13.3289],[123.5858,13.3325],[123.5774,13.3323],[123.5723,13.3363],[123.5741,13.3395],[123.5688,13.3607],[123.5736,13.3628],[123.5769,13.3746],[123.5989,13.3943],[123.6041,13.4057],[123.6047,13.4148],[123.599,13.4265],[123.587,13.432],[123.5877,13.4455],[123.5827,13.4576],[123.5838,13.4673],[123.5863,13.4696],[123.5819,13.4768],[123.5731,13.4825],[123.5666,13.4839],[123.5636,13.4904],[123.5603,13.4906],[123.5643,13.4991],[123.557,13.5048],[123.5564,13.5109],[123.5361,13.5088],[123.5335,13.5139],[123.5267,13.5111],[123.5178,13.5118],[123.51,13.5091],[123.4873,13.5122],[123.4827,13.5111],[123.482,13.5078],[123.4746,13.5072],[123.4701,13.5105],[123.4706,13.5128],[123.4687,13.5148],[123.4641,13.5144],[123.4562,13.5179],[123.4521,13.5326],[123.442,13.5399],[123.4451,13.5499],[123.4513,13.5533],[123.4442,13.5737],[123.4276,13.5938],[123.4064,13.6263],[123.391,13.6385],[123.3886,13.6436],[123.3787,13.646],[123.3727,13.6499],[123.3715,13.6598],[123.3781,13.6674],[123.3769,13.673],[123.3723,13.6781],[123.3718,13.6908],[123.3626,13.7012],[123.358,13.7028],[123.3501,13.7179],[123.3494,13.7255],[123.3421,13.7345],[123.3443,13.7418],[123.3395,13.7429],[123.3387,13.7459],[123.3316,13.7449],[123.3211,13.7504],[123.3172,13.7498],[123.3173,13.7523],[123.3141,13.7526],[123.3117,13.7596],[123.313,13.7639],[123.3118,13.7685],[123.3022,13.7717],[123.2986,13.7773],[123.2944,13.7748],[123.2929,13.7779],[123.2903,13.7772],[123.2907,13.7733],[123.2839,13.7718],[123.2877,13.7699],[123.2876,13.7672],[123.2834,13.7657],[123.2785,13.7551],[123.2708,13.748],[123.249,13.7404],[123.2419,13.7405],[123.2401,13.7431],[123.2393,13.74],[123.2419,13.7372],[123.2407,13.7354],[123.2132,13.7282],[123.1564,13.7336],[123.1218,13.7283],[123.1158,13.7315],[123.1167,13.7353],[123.1123,13.7382],[123.0939,13.7443],[123.056,13.7643],[123.0492,13.7693],[123.0494,13.7714],[123.045,13.7759],[123.0405,13.7723],[123.0252,13.767],[123.0196,13.769],[123.0104,13.7664],[123.0006,13.7699],[122.9978,13.7846],[122.9997,13.815],[122.9974,13.8347],[123,13.8423],[123.0094,13.8527],[123.0121,13.878],[123.0177,13.8909],[123.0198,13.9025],[123.0146,13.9174],[123.018,13.9203],[123.0182,13.927],[123.0229,13.934],[123.0189,13.9396],[123.0036,13.9449],[122.9878,13.9417],[122.9802,13.9449],[122.9816,13.9514],[122.9798,13.9577],[122.9698,13.9668],[122.9574,13.9832],[122.9512,13.9856],[122.9484,13.9891]]]]}},{"type":"Feature","properties":{"slug":"panay","name":"Panay River Basin"},"geometry":{"type":"MultiPolygon","coordinates":[[[[122.705,11.6087],[122.7093,11.6034],[122.7164,11.6023],[122.7211,11.605],[122.7228,11.6003],[122.7264,11.6019],[122.725,11.5958],[122.7133,11.5979],[122.7194,11.5914],[122.7128,11.5904],[122.713,11.5846],[122.7181,11.5864],[122.7222,11.5803],[122.7183,11.5844],[122.715,11.5836],[122.7138,11.5772],[122.7097,11.5717],[122.7117,11.5769],[122.7067,11.5778],[122.7089,11.5761],[122.7069,11.5722],[122.7036,11.5756],[122.6839,11.5678],[122.6803,11.5703],[122.6806,11.5658],[122.6783,11.5653],[122.6841,11.55],[122.683,11.5472],[122.6892,11.5447],[122.6939,11.5522],[122.7022,11.5492],[122.7178,11.5516],[122.7292,11.548],[122.732,11.546],[122.7317,11.5384],[122.7343,11.529],[122.7413,11.5234],[122.7407,11.5209],[122.7304,11.5144],[122.721,11.5012],[122.7104,11.497],[122.7033,11.4884],[122.6828,11.4835],[122.6822,11.4783],[122.6768,11.4765],[122.6761,11.4715],[122.6734,11.4713],[122.6718,11.4747],[122.6627,11.4779],[122.6578,11.4757],[122.6542,11.469],[122.6519,11.4693],[122.6482,11.4744],[122.6456,11.4745],[122.6354,11.4663],[122.6227,11.4751],[122.6172,11.4748],[122.6126,11.4771],[122.6038,11.4761],[122.6016,11.4776],[122.5935,11.4717],[122.5852,11.4576],[122.5788,11.4528],[122.5659,11.4559],[122.5599,11.4633],[122.5592,11.4722],[122.5517,11.4753],[122.5523,11.4807],[122.5485,11.4852],[122.5373,11.4901],[122.5366,11.4934],[122.5294,11.4992],[122.5259,11.4998],[122.5216,11.4992],[122.5208,11.489],[122.5191,11.487],[122.5138,11.4864],[122.5103,11.4886],[122.5063,11.4868],[122.5003,11.4822],[122.4923,11.4704],[122.4866,11.4744],[122.4837,11.4742],[122.4767,11.4812],[122.4707,11.4786],[122.4701,11.4748],[122.468,11.4741],[122.4588,11.4771],[122.4418,11.4774],[122.4382,11.4832],[122.4294,11.4839],[122.4199,11.4887],[122.4128,11.4816],[122.4088,11.4815],[122.4028,11.4733],[122.3996,11.4734],[122.398,11.468],[122.4009,11.4584],[122.3999,11.455],[122.3917,11.4531],[122.3922,11.4442],[122.3891,11.4433],[122.3864,11.4388],[122.3815,11.4381],[122.3803,11.4358],[122.377,11.4356],[122.3766,11.4328],[122.3737,11.432],[122.3771,11.4255],[122.3707,11.4154],[122.3764,11.4155],[122.381,11.4096],[122.3837,11.4013],[122.3733,11.3862],[122.3703,11.3846],[122.3736,11.3758],[122.3703,11.373],[122.3668,11.3734],[122.3615,11.3777],[122.3509,11.3747],[122.3441,11.375],[122.3407,11.3608],[122.344,11.3523],[122.3421,11.3479],[122.3451,11.3417],[122.3399,11.3378],[122.3394,11.3343],[122.3228,11.3339],[122.3201,11.3353],[122.316,11.3322],[122.3205,11.3189],[122.3196,11.307],[122.3166,11.3027],[122.3224,11.3001],[122.3257,11.2953],[122.3277,11.2887],[122.3269,11.2833],[122.3296,11.2781],[122.326,11.2639],[122.3258,11.2554],[122.3234,11.2506],[122.3203,11.2488],[122.319,11.2343],[122.3215,11.2273],[122.3259,11.2257],[122.3279,11.2199],[122.3332,11.2204],[122.3402,11.2182],[122.3435,11.2217],[122.347,11.2221],[122.3515,11.2182],[122.3551,11.2102],[122.3643,11.2104],[122.3735,11.2068],[122.3862,11.2087],[122.3907,11.2029],[122.3928,11.1946],[122.4035,11.1892],[122.4071,11.1898],[122.411,11.1935],[122.4136,11.1932],[122.4182,11.1972],[122.4408,11.196],[122.4501,11.2024],[122.4552,11.2021],[122.4588,11.1978],[122.458,11.1941],[122.4596,11.1913],[122.4635,11.1913],[122.4656,11.195],[122.4688,11.1942],[122.4675,11.1915],[122.4702,11.1861],[122.4804,11.172],[122.4875,11.1682],[122.4927,11.1679],[122.4975,11.1628],[122.5014,11.1621],[122.5036,11.1694],[122.516,11.1745],[122.5328,11.1932],[122.5561,11.199],[122.5682,11.2068],[122.5742,11.2065],[122.5757,11.2113],[122.5793,11.2145],[122.5857,11.2189],[122.5901,11.2187],[122.5924,11.2262],[122.5883,11.2353],[122.5902,11.2386],[122.5967,11.2377],[122.6068,11.2401],[122.6115,11.2436],[122.6187,11.2419],[122.6219,11.2429],[122.6274,11.2402],[122.6309,11.2419],[122.6349,11.2404],[122.642,11.2436],[122.6458,11.2407],[122.6527,11.242],[122.6557,11.2363],[122.6659,11.2307],[122.671,11.2231],[122.6757,11.2236],[122.6808,11.227],[122.6927,11.2279],[122.6966,11.2213],[122.6942,11.2133],[122.7002,11.2098],[122.7193,11.2173],[122.7209,11.2214],[122.7268,11.2247],[122.728,11.2316],[122.732,11.2317],[122.74,11.2273],[122.7475,11.231],[122.7513,11.2219],[122.7609,11.2244],[122.7665,11.2236],[122.7737,11.2282],[122.7829,11.2273],[122.7803,11.2166],[122.7842,11.2087],[122.8038,11.1912],[122.8113,11.1884],[122.823,11.188],[122.8391,11.1926],[122.8431,11.1909],[122.8576,11.1924],[122.8878,11.1822],[122.8866,11.174],[122.8881,11.168],[122.9111,11.1556],[122.9265,11.1567],[122.9388,11.1508],[122.9446,11.152],[122.9469,11.1577],[122.943,11.167],[122.9463,11.1697],[122.9336,11.182],[122.9382,11.1876],[122.941,11.2031],[122.9388,11.2201],[122.9431,11.226],[122.9441,11.2322],[122.9565,11.2343],[122.956,11.2376],[122.9505,11.243],[122.9561,11.2445],[122.9555,11.2502],[122.969,11.2554],[122.9711,11.2585],[122.9671,11.2606],[122.963,11.2665],[122.9544,11.2706],[122.9546,11.2795],[122.9592,11.2819],[122.9597,11.2865],[122.9638,11.2857],[122.9688,11.2928],[122.9723,11.2923],[122.9739,11.2966],[122.9788,11.2967],[122.9796,11.2998],[122.9863,11.2989],[122.9965,11.3092],[123.0061,11.2981],[123.0246,11.2938],[123.0279,11.3024],[123.0319,11.3069],[123.0336,11.317],[123.0391,11.3192],[123.042,11.3179],[123.0499,11.3215],[123.0579,11.319],[123.0614,11.3243],[123.0584,11.3273],[123.0532,11.34],[123.048,11.3418],[123.0442,11.3457],[123.0471,11.3557],[123.0526,11.3633],[123.0529,11.3664],[123.0485,11.371],[123.0465,11.3776],[123.0387,11.3815],[123.0338,11.3892],[123.0254,11.3865],[123.0209,11.3874],[123.0027,11.3839],[122.9874,11.3753],[122.9773,11.3745],[122.9728,11.3714],[122.9646,11.3748],[122.9543,11.3714],[122.9466,11.3788],[122.9393,11.3772],[122.936,11.3784],[122.9253,11.3903],[122.9123,11.3855],[122.9029,11.388],[122.893,11.3841],[122.8815,11.3833],[122.8746,11.3843],[122.8661,11.3916],[122.8472,11.3914],[122.8378,11.3957],[122.8339,11.4067],[122.8253,11.4157],[122.8243,11.4239],[122.8176,11.4303],[122.8199,11.4386],[122.8098,11.441],[122.8061,11.4455],[122.8013,11.4612],[122.802,11.4659],[122.8241,11.4821],[122.8321,11.4799],[122.8394,11.4812],[122.8459,11.4798],[122.8528,11.4747],[122.8587,11.4729],[122.8808,11.4737],[122.8903,11.4777],[122.8917,11.4867],[122.8886,11.4894],[122.8833,11.4872],[122.8875,11.4847],[122.8836,11.4842],[122.8808,11.4864],[122.8828,11.4886],[122.8919,11.4917],[122.8958,11.4892],[122.9,11.4942],[122.9094,11.4989],[122.9083,11.5011],[122.9113,11.5063],[122.9053,11.5125],[122.9028,11.5106],[122.8983,11.5139],[122.8978,11.5186],[122.9039,11.5167],[122.9072,11.5178],[122.9103,11.5158],[122.9139,11.51],[122.9133,11.505],[122.9158,11.5031],[122.9239,11.5078],[122.9308,11.5161],[122.9028,11.5275],[122.8778,11.5447],[122.8711,11.5442],[122.8669,11.5394],[122.8686,11.5331],[122.8769,11.5292],[122.8705,11.5294],[122.8653,11.5353],[122.8593,11.5328],[122.856,11.5344],[122.8644,11.5364],[122.863,11.5425],[122.8647,11.5414],[122.8653,11.5558],[122.8614,11.5594],[122.8569,11.5594],[122.8625,11.55],[122.8625,11.545],[122.8602,11.5422],[122.8614,11.5478],[122.8597,11.5536],[122.8519,11.5619],[122.8561,11.5606],[122.8578,11.5622],[122.8575,11.5675],[122.8482,11.5757],[122.8332,11.5946],[122.8304,11.5959],[122.8278,11.5944],[122.8272,11.5867],[122.8306,11.5817],[122.8288,11.5774],[122.8288,11.5825],[122.8255,11.5875],[122.8264,11.5981],[122.8328,11.6025],[122.8275,11.6103],[122.7997,11.6069],[122.7964,11.6047],[122.7967,11.6003],[122.7942,11.595],[122.7956,11.6044],[122.7927,11.608],[122.7603,11.6061],[122.7302,11.6075],[122.7186,11.6086],[122.715,11.6135],[122.7149,11.6098],[122.7119,11.6078],[122.705,11.6087]]]]}},{"type":"Feature","properties":{"slug":"jalaur","name":"Jalaur River Basin"},"geometry":{"type":"MultiPolygon","coordinates":[[[[122.5524,10.8457],[122.5583,10.8358],[122.5513,10.8227],[122.5528,10.8188],[122.5506,10.8152],[122.5518,10.8112],[122.5435,10.8077],[122.5421,10.7941],[122.5536,10.7709],[122.5529,10.7488],[122.5635,10.7403],[122.5685,10.7481],[122.5802,10.7397],[122.5886,10.7392],[122.5889,10.7456],[122.5972,10.7622],[122.6044,10.7664],[122.6128,10.7753],[122.6217,10.7789],[122.6295,10.7794],[122.6322,10.7814],[122.6367,10.7722],[122.6403,10.7706],[122.6442,10.7761],[122.6453,10.7733],[122.6481,10.775],[122.653,10.7842],[122.6564,10.7836],[122.6628,10.7775],[122.6647,10.7783],[122.6694,10.7858],[122.6689,10.7927],[122.6725,10.7922],[122.6703,10.7944],[122.6714,10.7956],[122.6817,10.795],[122.6918,10.7897],[122.6977,10.799],[122.6999,10.8184],[122.6867,10.8353],[122.6831,10.844],[122.6761,10.8471],[122.6822,10.8676],[122.6814,10.8723],[122.6855,10.8837],[122.6904,10.8908],[122.6868,10.894],[122.6856,10.9022],[122.689,10.9076],[122.6857,10.9086],[122.6895,10.92],[122.6866,10.9236],[122.6801,10.921],[122.6702,10.9247],[122.6693,10.929],[122.6742,10.9373],[122.6688,10.9439],[122.6724,10.9488],[122.6657,10.9492],[122.6678,10.9599],[122.6597,10.9683],[122.6628,10.9706],[122.68,10.9718],[122.687,10.985],[122.6906,10.985],[122.7025,10.9916],[122.7098,10.9993],[122.7072,11.0209],[122.71,11.0239],[122.7189,11.0272],[122.7207,11.0335],[122.7277,11.0368],[122.73,11.0466],[122.7364,11.0523],[122.7371,11.0579],[122.7417,11.0589],[122.7442,11.0616],[122.7383,11.0699],[122.735,11.0716],[122.7334,11.0808],[122.7364,11.0842],[122.7629,11.0986],[122.7666,11.108],[122.7736,11.1118],[122.7776,11.1189],[122.7832,11.1176],[122.7876,11.1191],[122.801,11.1156],[122.817,11.1203],[122.8199,11.1226],[122.8186,11.1304],[122.8292,11.1334],[122.8326,11.1367],[122.8564,11.1316],[122.8646,11.1355],[122.8702,11.1316],[122.8735,11.136],[122.8781,11.1374],[122.8783,11.1411],[122.8837,11.1492],[122.8825,11.156],[122.8882,11.1633],[122.8929,11.1651],[122.8873,11.1697],[122.8878,11.1822],[122.8545,11.1928],[122.8445,11.1909],[122.8391,11.1926],[122.823,11.188],[122.8113,11.1884],[122.8038,11.1912],[122.7842,11.2087],[122.7803,11.2166],[122.7829,11.2273],[122.7737,11.2282],[122.7665,11.2236],[122.7609,11.2244],[122.7513,11.2219],[122.7475,11.231],[122.74,11.2273],[122.732,11.2317],[122.728,11.2316],[122.7268,11.2247],[122.7209,11.2214],[122.7193,11.2173],[122.7002,11.2098],[122.6942,11.2133],[122.6962,11.2238],[122.6917,11.2284],[122.6808,11.227],[122.6757,11.2236],[122.671,11.2231],[122.6659,11.2307],[122.6575,11.2346],[122.6523,11.2422],[122.6458,11.2407],[122.642,11.2436],[122.6349,11.2404],[122.6309,11.2419],[122.6274,11.2402],[122.6219,11.2429],[122.6187,11.2419],[122.6115,11.2436],[122.6065,11.24],[122.5967,11.2377],[122.5898,11.2383],[122.5883,11.2353],[122.5924,11.2262],[122.5901,11.2187],[122.5857,11.2189],[122.5793,11.2145],[122.5757,11.2113],[122.5742,11.2065],[122.5682,11.2068],[122.5561,11.199],[122.5328,11.1932],[122.516,11.1745],[122.5036,11.1694],[122.5016,11.1622],[122.5001,11.1621],[122.4927,11.1679],[122.4875,11.1682],[122.4804,11.172],[122.4702,11.1861],[122.4675,11.1915],[122.4688,11.1942],[122.4656,11.195],[122.4635,11.1913],[122.4596,11.1913],[122.458,11.1941],[122.4588,11.1978],[122.4552,11.2021],[122.4501,11.2024],[122.4408,11.196],[122.4182,11.1972],[122.4136,11.1932],[122.411,11.1935],[122.4071,11.1898],[122.4035,11.1892],[122.3928,11.1946],[122.3907,11.2029],[122.3862,11.2087],[122.3735,11.2068],[122.3643,11.2104],[122.3551,11.2102],[122.3539,11.2145],[122.348,11.2218],[122.3445,11.2222],[122.3402,11.2182],[122.3332,11.2204],[122.3285,11.2195],[122.3259,11.2257],[122.321,11.2284],[122.3153,11.2228],[122.3109,11.211],[122.307,11.2082],[122.3073,11.2043],[122.305,11.2035],[122.3035,11.1969],[122.3067,11.1906],[122.3056,11.1857],[122.2994,11.1765],[122.296,11.1744],[122.2975,11.1627],[122.2911,11.1559],[122.2855,11.1531],[122.2727,11.1538],[122.2618,11.1508],[122.2548,11.1514],[122.2528,11.1469],[122.2616,11.1383],[122.2673,11.1406],[122.2744,11.1403],[122.2811,11.1352],[122.2955,11.1295],[122.3018,11.1277],[122.3089,11.1291],[122.3218,11.1243],[122.3205,11.1187],[122.3223,11.1168],[122.3189,11.102],[122.317,11.0999],[122.311,11.0991],[122.3099,11.0954],[122.3116,11.0912],[122.3066,11.0887],[122.3059,11.0796],[122.3088,11.0696],[122.3045,11.0619],[122.3034,11.0552],[122.3081,11.0412],[122.3146,11.0391],[122.3184,11.0216],[122.3121,10.9982],[122.3139,10.9931],[122.3119,10.9795],[122.3144,10.9772],[122.3204,10.9778],[122.3248,10.9739],[122.3341,10.9869],[122.3532,10.9741],[122.3612,10.9833],[122.3705,10.9706],[122.3805,10.9668],[122.3855,10.9619],[122.3979,10.9683],[122.4046,10.9767],[122.4103,10.9725],[122.4094,10.9648],[122.4133,10.9622],[122.4223,10.9608],[122.4229,10.956],[122.4283,10.9478],[122.4573,10.9459],[122.4664,10.9475],[122.4708,10.9416],[122.4749,10.9411],[122.4797,10.9438],[122.4849,10.9438],[122.4883,10.9339],[122.4997,10.922],[122.4998,10.9186],[122.5037,10.9162],[122.5048,10.9029],[122.512,10.8969],[122.5126,10.8861],[122.5246,10.8853],[122.5306,10.8762],[122.5391,10.869],[122.55,10.8651],[122.547,10.8552],[122.5524,10.8457]]]]}},{"type":"Feature","properties":{"slug":"ilog-hilabangan","name":"Ilog-Hilabangan River Basin"},"geometry":{"type":"MultiPolygon","coordinates":[[[[123.0816,9.914],[123.083,9.9147],[123.0823,9.9206],[123.0867,9.9273],[123.0912,9.9295],[123.089,9.9347],[123.0926,9.9362],[123.0949,9.9421],[123.0926,9.9473],[123.1001,9.9525],[123.1015,9.9576],[123.1126,9.968],[123.1148,9.9732],[123.1111,9.9776],[123.1104,9.9887],[123.1045,9.9939],[123.1045,9.9976],[123.1001,10.0042],[123.086,10.0057],[123.086,10.0161],[123.0801,10.0168],[123.0771,10.0198],[123.0705,10.019],[123.066,10.022],[123.0483,10.0257],[123.0409,10.0213],[123.0416,10.0168],[123.032,10.0035],[123.0209,10.0042],[123.0164,10.0013],[123.0127,10.0013],[122.9876,10.0065],[122.9632,10.0072],[122.9573,10.0035],[122.9513,9.9954],[122.938,9.9946],[122.9254,9.9894],[122.9173,9.9902],[122.9092,9.9828],[122.9092,9.9806],[122.8958,9.9769],[122.884,9.9791],[122.8759,9.985],[122.8633,9.985],[122.8566,9.9843],[122.8515,9.9761],[122.8426,9.9761],[122.8315,9.9813],[122.8233,9.9806],[122.8167,9.9865],[122.8167,10.0057],[122.8159,10.0087],[122.8108,10.0124],[122.8106,10.0628],[122.8058,10.0611],[122.8044,10.0622],[122.8056,10.0647],[122.7903,10.0672],[122.7858,10.0708],[122.7819,10.0678],[122.7822,10.0622],[122.7787,10.0673],[122.7708,10.057],[122.7689,10.0581],[122.7642,10.0564],[122.7547,10.0461],[122.7489,10.0453],[122.7445,10.0411],[122.7431,10.0358],[122.7333,10.0294],[122.7264,10.0222],[122.7275,10.0194],[122.7235,10.0152],[122.7201,10.0149],[122.7168,10.0117],[122.7249,10.005],[122.7272,9.9946],[122.7323,9.988],[122.7323,9.9691],[122.729,9.9661],[122.7197,9.9425],[122.7231,9.9251],[122.719,9.9225],[122.7101,9.8988],[122.7072,9.8958],[122.7087,9.8888],[122.7064,9.887],[122.7064,9.8814],[122.6798,9.8711],[122.6546,9.8707],[122.6517,9.8737],[122.6487,9.8844],[122.6458,9.8892],[122.6424,9.8907],[122.6232,9.8881],[122.6073,9.8944],[122.598,9.8944],[122.5855,9.8914],[122.5718,9.8962],[122.564,9.8951],[122.5503,9.8733],[122.5374,9.8729],[122.5292,9.8637],[122.5255,9.8537],[122.5241,9.8285],[122.5296,9.8208],[122.5352,9.8182],[122.5381,9.8141],[122.5388,9.8023],[122.5507,9.7923],[122.5614,9.7797],[122.5729,9.7793],[122.5858,9.7753],[122.6032,9.7734],[122.6058,9.7712],[122.6291,9.7712],[122.6435,9.7656],[122.6465,9.7608],[122.6432,9.7531],[122.6469,9.7468],[122.6461,9.732],[122.6495,9.7198],[122.6595,9.7127],[122.6694,9.6994],[122.6824,9.6965],[122.6876,9.6817],[122.6968,9.675],[122.7072,9.6598],[122.7142,9.6576],[122.7157,9.6532],[122.7197,9.6517],[122.7227,9.6473],[122.7305,9.6436],[122.736,9.638],[122.7397,9.6299],[122.7464,9.6239],[122.7501,9.611],[122.7556,9.6051],[122.7571,9.598],[122.763,9.5947],[122.7723,9.5932],[122.7789,9.5877],[122.7838,9.5825],[122.7863,9.5725],[122.7945,9.5677],[122.7993,9.5611],[122.8048,9.5599],[122.8074,9.557],[122.8307,9.5559],[122.8385,9.5514],[122.8507,9.5403],[122.857,9.5407],[122.8637,9.5366],[122.8659,9.5389],[122.8729,9.5366],[122.877,9.5274],[122.8807,9.5241],[122.9018,9.5141],[122.9162,9.5008],[122.924,9.5],[122.9306,9.5082],[122.938,9.5082],[122.9417,9.513],[122.948,9.513],[122.9502,9.517],[122.9499,9.5226],[122.9547,9.5274],[122.9683,9.5278],[122.9724,9.5296],[122.9743,9.5337],[122.9854,9.5374],[122.9883,9.5426],[123.0146,9.5415],[123.0153,9.5477],[123.0105,9.5673],[123.0146,9.5714],[123.0105,9.5818],[123.012,9.584],[123.0153,9.584],[123.0157,9.5929],[123.0257,9.5958],[123.0261,9.601],[123.0316,9.6014],[123.0316,9.6117],[123.0331,9.6143],[123.0368,9.6143],[123.0361,9.6291],[123.0394,9.6295],[123.0409,9.6387],[123.0386,9.658],[123.0416,9.6602],[123.0394,9.6798],[123.0416,9.6813],[123.0412,9.6913],[123.0375,9.7002],[123.0016,9.7227],[123.0009,9.7331],[122.9968,9.7401],[122.9983,9.7457],[123.0016,9.746],[123.0013,9.7553],[122.9991,9.7564],[123.0002,9.7727],[123.0024,9.7734],[123.0024,9.7771],[123.0083,9.7741],[123.0157,9.7808],[123.0201,9.7793],[123.0194,9.783],[123.0238,9.7875],[123.0238,9.7897],[123.0431,9.7912],[123.0431,9.7941],[123.0571,9.8008],[123.0579,9.8097],[123.0623,9.8104],[123.0623,9.8245],[123.0542,9.8348],[123.0505,9.8518],[123.0564,9.8533],[123.0564,9.8563],[123.0534,9.857],[123.0549,9.8629],[123.0638,9.8651],[123.0653,9.8725],[123.069,9.8718],[123.0727,9.8748],[123.0727,9.877],[123.0764,9.8777],[123.0786,9.8925],[123.0749,9.8992],[123.0771,9.9007],[123.0779,9.914],[123.0816,9.914]]]]}},{"type":"Feature","properties":{"slug":"agusan","name":"Agusan River Basin"},"geometry":{"type":"MultiPolygon","coordinates":[[[[126.0326,7.4512],[126.0348,7.4509],[126.0373,7.4575],[126.0411,7.453],[126.0456,7.455],[126.0498,7.45],[126.054,7.4492],[126.0648,7.4517],[126.0665,7.4496],[126.0758,7.4474],[126.0767,7.45],[126.0817,7.4433],[126.0864,7.4408],[126.0881,7.4367],[126.0914,7.4359],[126.0915,7.429],[126.0898,7.4267],[126.0939,7.3909],[126.0973,7.3909],[126.0973,7.3892],[126.1023,7.3867],[126.0981,7.3742],[126.0998,7.3717],[126.0939,7.3651],[126.0929,7.3582],[126.0898,7.3634],[126.0852,7.3621],[126.0815,7.3574],[126.0756,7.3559],[126.0756,7.3476],[126.0731,7.3459],[126.0686,7.3362],[126.0694,7.3326],[126.0764,7.3259],[126.0741,7.3178],[126.0791,7.3064],[126.0831,7.3059],[126.0881,7.2976],[126.0914,7.2984],[126.0934,7.292],[126.1006,7.2868],[126.1048,7.2801],[126.1048,7.2768],[126.1114,7.2676],[126.1195,7.2623],[126.1325,7.2454],[126.137,7.2448],[126.1386,7.2388],[126.1347,7.2343],[126.1389,7.231],[126.1381,7.226],[126.1443,7.2257],[126.1453,7.2222],[126.1539,7.2201],[126.1579,7.2213],[126.1571,7.223],[126.1631,7.2285],[126.1647,7.2376],[126.1711,7.2452],[126.1831,7.2531],[126.1859,7.2599],[126.1962,7.2629],[126.2011,7.2679],[126.2118,7.2719],[126.2062,7.2805],[126.2013,7.2841],[126.1961,7.2848],[126.1956,7.2904],[126.2005,7.3041],[126.2046,7.3092],[126.2017,7.3237],[126.2035,7.3306],[126.2076,7.3342],[126.2051,7.3441],[126.208,7.3481],[126.2044,7.3609],[126.2039,7.376],[126.1994,7.3808],[126.2059,7.3912],[126.2004,7.4028],[126.2027,7.408],[126.1985,7.4139],[126.2002,7.4254],[126.198,7.4325],[126.2044,7.4353],[126.2045,7.4397],[126.2094,7.4434],[126.2121,7.4519],[126.2238,7.4515],[126.2314,7.4486],[126.2333,7.4507],[126.2321,7.458],[126.2284,7.4611],[126.2213,7.4757],[126.2179,7.4781],[126.2136,7.476],[126.2091,7.4814],[126.2087,7.4849],[126.2168,7.5018],[126.2279,7.5082],[126.2264,7.5149],[126.2392,7.5314],[126.2384,7.5349],[126.2474,7.5396],[126.2369,7.5417],[126.2324,7.5477],[126.2263,7.5515],[126.2278,7.557],[126.2114,7.5576],[126.2048,7.5627],[126.2032,7.5646],[126.204,7.5691],[126.2001,7.5748],[126.1955,7.5889],[126.1916,7.5946],[126.1895,7.595],[126.1875,7.6009],[126.1847,7.6024],[126.1861,7.6074],[126.1772,7.6084],[126.174,7.6149],[126.1752,7.6202],[126.1685,7.6259],[126.1768,7.637],[126.18,7.6374],[126.1844,7.6438],[126.1856,7.6475],[126.1838,7.6532],[126.1907,7.6569],[126.1923,7.6625],[126.2062,7.6697],[126.2101,7.6676],[126.2155,7.668],[126.2205,7.6709],[126.2216,7.6751],[126.2209,7.6788],[126.2235,7.6877],[126.2219,7.6956],[126.2249,7.7067],[126.2195,7.712],[126.2186,7.7209],[126.2146,7.7253],[126.2124,7.7483],[126.2091,7.7516],[126.2074,7.7611],[126.2033,7.7634],[126.2018,7.7842],[126.1999,7.7871],[126.2089,7.7971],[126.2067,7.8032],[126.208,7.8107],[126.2139,7.8232],[126.2225,7.8244],[126.227,7.8314],[126.2322,7.8332],[126.2347,7.8382],[126.2378,7.8359],[126.2405,7.8365],[126.2469,7.8394],[126.2509,7.8446],[126.2585,7.8461],[126.2655,7.8515],[126.2674,7.8604],[126.2705,7.8607],[126.2714,7.8632],[126.2685,7.8705],[126.2747,7.8707],[126.2747,7.874],[126.2764,7.874],[126.278,7.869],[126.2794,7.8716],[126.283,7.8724],[126.2847,7.869],[126.2913,7.8687],[126.2909,7.8736],[126.2959,7.8765],[126.2947,7.8799],[126.2964,7.8815],[126.2969,7.8974],[126.305,7.9127],[126.3113,7.9182],[126.3099,7.9238],[126.3038,7.9248],[126.3025,7.9269],[126.308,7.9348],[126.3041,7.9375],[126.3022,7.944],[126.3041,7.948],[126.303,7.9523],[126.3105,7.9573],[126.3109,7.9606],[126.3147,7.9632],[126.314,7.9711],[126.3163,7.9765],[126.308,7.9798],[126.3085,7.9847],[126.302,7.9913],[126.2964,7.9915],[126.2947,7.994],[126.2905,7.9948],[126.2889,8.0015],[126.2755,8.0148],[126.2755,8.0215],[126.2672,8.0215],[126.2647,8.0256],[126.2347,8.0323],[126.2339,8.0348],[126.238,8.0415],[126.2355,8.0481],[126.2364,8.0581],[126.243,8.0615],[126.2414,8.0723],[126.2439,8.0756],[126.2414,8.0806],[126.2425,8.0878],[126.2453,8.0892],[126.2462,8.0947],[126.2443,8.101],[126.2447,8.1131],[126.2372,8.1156],[126.238,8.1173],[126.2359,8.1208],[126.2297,8.1198],[126.228,8.1239],[126.2306,8.127],[126.2277,8.1478],[126.2257,8.1491],[126.2214,8.1481],[126.2197,8.1539],[126.2126,8.1526],[126.2116,8.1562],[126.2072,8.1597],[126.2081,8.1614],[126.1994,8.1635],[126.1997,8.1681],[126.1956,8.1673],[126.1872,8.1611],[126.1814,8.1631],[126.1814,8.1648],[126.1759,8.1654],[126.1732,8.1732],[126.1689,8.1739],[126.1681,8.1814],[126.1627,8.1844],[126.1592,8.1825],[126.1559,8.185],[126.1539,8.1872],[126.1547,8.1906],[126.1506,8.1921],[126.1491,8.1981],[126.1398,8.1947],[126.1365,8.2015],[126.1378,8.2062],[126.1298,8.2056],[126.1294,8.2169],[126.1256,8.2197],[126.1264,8.2256],[126.1284,8.2286],[126.1456,8.2331],[126.1414,8.2381],[126.1359,8.2383],[126.1308,8.2419],[126.1312,8.2457],[126.1268,8.2476],[126.1293,8.2541],[126.1273,8.2572],[126.1281,8.2655],[126.1173,8.2789],[126.1167,8.2844],[126.1189,8.2914],[126.1123,8.2914],[126.1089,8.2955],[126.1089,8.303],[126.1001,8.3042],[126.0951,8.31],[126.0939,8.3147],[126.0846,8.3164],[126.0814,8.3147],[126.0742,8.3168],[126.0672,8.3238],[126.0693,8.3258],[126.0655,8.3264],[126.0648,8.3305],[126.0673,8.3305],[126.0673,8.333],[126.0731,8.333],[126.0793,8.336],[126.0801,8.3402],[126.0837,8.3426],[126.0852,8.3463],[126.0898,8.3455],[126.0962,8.36],[126.1065,8.3565],[126.1148,8.356],[126.1189,8.3597],[126.1198,8.3747],[126.1223,8.3747],[126.1234,8.378],[126.1223,8.3813],[126.1337,8.3922],[126.1368,8.3915],[126.1436,8.3958],[126.1456,8.388],[126.1485,8.3908],[126.1489,8.3888],[126.1581,8.3888],[126.1604,8.3925],[126.1589,8.3963],[126.1672,8.4096],[126.1602,8.4089],[126.1535,8.4127],[126.1506,8.4213],[126.1475,8.4189],[126.1472,8.4163],[126.1281,8.433],[126.126,8.432],[126.1186,8.4364],[126.1177,8.4355],[126.11,8.4453],[126.107,8.4446],[126.1037,8.4466],[126.0764,8.438],[126.0756,8.4421],[126.0681,8.4463],[126.0678,8.4506],[126.0619,8.4543],[126.0531,8.4546],[126.0536,8.4676],[126.0523,8.4705],[126.0496,8.4711],[126.0505,8.4749],[126.0481,8.4805],[126.0423,8.4805],[126.0365,8.4888],[126.0398,8.4929],[126.0369,8.4965],[126.0381,8.5013],[126.0462,8.5062],[126.0473,8.5096],[126.0442,8.516],[126.0428,8.5277],[126.0378,8.5362],[126.0402,8.5417],[126.0448,8.5446],[126.0448,8.5471],[126.0386,8.5533],[126.0406,8.5588],[126.0373,8.5604],[126.037,8.5573],[126.0347,8.5562],[126.0327,8.5577],[126.026,8.5568],[126.0229,8.5543],[126.0181,8.5554],[126.0056,8.5538],[126.0006,8.5663],[126.0011,8.5698],[126.0043,8.571],[126.0092,8.5805],[126.0165,8.5804],[126.0131,8.5846],[126.0142,8.5876],[126.0168,8.5894],[126.0223,8.5879],[126.024,8.5912],[126.0326,8.5976],[126.0373,8.5979],[126.0423,8.5954],[126.0512,8.6065],[126.0531,8.6129],[126.0514,8.6171],[126.0448,8.62],[126.0427,8.6231],[126.0415,8.6279],[126.0446,8.6306],[126.0431,8.6387],[126.0456,8.6404],[126.0398,8.6512],[126.0456,8.6571],[126.0573,8.6621],[126.0598,8.667],[126.0614,8.667],[126.0593,8.6716],[126.061,8.6757],[126.0598,8.6817],[126.0565,8.682],[126.0523,8.6887],[126.0514,8.6945],[126.0556,8.7037],[126.0492,8.7142],[126.0514,8.7295],[126.0473,8.732],[126.0406,8.7304],[126.0298,8.7412],[126.0215,8.7437],[126.0198,8.7462],[126.0167,8.7441],[126.0048,8.7429],[126.0011,8.7574],[125.9994,8.7574],[125.995,8.7674],[125.9898,8.7637],[125.9865,8.7662],[125.9653,8.7625],[125.9632,8.7687],[125.9651,8.7756],[125.964,8.7778],[125.9695,8.7827],[125.9698,8.7862],[125.9723,8.7862],[125.9723,8.7928],[125.974,8.7928],[125.9732,8.7962],[125.9746,8.7978],[125.9732,8.8047],[125.969,8.8095],[125.9687,8.8157],[125.959,8.8187],[125.9588,8.8229],[125.9558,8.825],[125.9528,8.8333],[125.9497,8.8357],[125.944,8.8345],[125.9311,8.8414],[125.9269,8.849],[125.929,8.8578],[125.9223,8.862],[125.9184,8.8672],[125.9165,8.8745],[125.9023,8.872],[125.8998,8.8778],[125.8972,8.8782],[125.8948,8.882],[125.8951,8.8889],[125.8897,8.8926],[125.8865,8.8978],[125.8819,8.9001],[125.8815,8.9161],[125.889,8.9245],[125.8865,8.9283],[125.8865,8.9365],[125.8882,8.9386],[125.8868,8.9407],[125.8799,8.9419],[125.88,8.9468],[125.8699,8.9619],[125.8637,8.9592],[125.8557,8.9611],[125.8507,8.9557],[125.8457,8.9544],[125.8366,8.9558],[125.8315,8.9528],[125.8274,8.9553],[125.8232,8.9644],[125.8256,8.9701],[125.8244,8.974],[125.8265,8.9778],[125.8262,8.9829],[125.8303,8.9906],[125.8324,9.0019],[125.8287,9.0082],[125.8265,9.0086],[125.829,9.0119],[125.8274,9.0152],[125.8135,9.0105],[125.809,9.0127],[125.806,9.019],[125.8068,9.0217],[125.8124,9.0244],[125.8124,9.0277],[125.8162,9.0297],[125.8215,9.0369],[125.8226,9.0423],[125.826,9.0443],[125.8258,9.0529],[125.829,9.0702],[125.8274,9.0719],[125.8207,9.0702],[125.8182,9.0719],[125.8185,9.077],[125.8115,9.0811],[125.81,9.0847],[125.8032,9.0877],[125.8032,9.0902],[125.7959,9.0915],[125.7899,9.0952],[125.7782,9.096],[125.7782,9.0977],[125.763,9.1055],[125.7607,9.1135],[125.7574,9.1127],[125.7458,9.117],[125.7316,9.1144],[125.7269,9.1157],[125.7191,9.1077],[125.7124,9.111],[125.7099,9.1077],[125.7037,9.1055],[125.6849,9.1068],[125.6733,9.1027],[125.6557,9.1019],[125.6516,9.1052],[125.6349,9.1094],[125.6312,9.1155],[125.6233,9.1185],[125.6066,9.1212],[125.6004,9.1185],[125.5966,9.1194],[125.5935,9.1257],[125.5833,9.126],[125.5833,9.1243],[125.58,9.1244],[125.5738,9.1266],[125.5663,9.1237],[125.5633,9.1252],[125.5509,9.1226],[125.545,9.1236],[125.5408,9.1185],[125.538,9.1207],[125.535,9.1202],[125.5394,9.1071],[125.5419,9.0868],[125.5388,9.0745],[125.5305,9.0587],[125.5187,9.0456],[125.5185,9.0421],[125.5263,9.0265],[125.5194,9.025],[125.5142,9.0275],[125.4821,9.0094],[125.4841,8.9919],[125.4805,8.9872],[125.4785,8.9879],[125.478,8.9833],[125.4841,8.9821],[125.4867,8.9836],[125.4898,8.982],[125.4933,8.9746],[125.491,8.9674],[125.4941,8.9619],[125.4863,8.9556],[125.4851,8.9507],[125.4779,8.9499],[125.4763,8.9436],[125.4722,8.9389],[125.4675,8.9386],[125.4667,8.9344],[125.4641,8.9344],[125.4592,8.9303],[125.4567,8.9236],[125.4593,8.9178],[125.4659,8.912],[125.4725,8.9119],[125.4742,8.9146],[125.4858,8.9195],[125.4898,8.9166],[125.4908,8.9133],[125.4886,8.9103],[125.4883,8.9037],[125.4904,8.8988],[125.4863,8.8957],[125.4708,8.8903],[125.4677,8.8815],[125.4567,8.8761],[125.4577,8.874],[125.4512,8.8666],[125.4509,8.8628],[125.4384,8.8636],[125.4325,8.8553],[125.4229,8.8516],[125.4185,8.8402],[125.4159,8.8395],[125.4133,8.8437],[125.4079,8.8457],[125.4075,8.8503],[125.4016,8.8517],[125.3987,8.8568],[125.3886,8.8627],[125.3864,8.8674],[125.3784,8.8678],[125.3771,8.8607],[125.3784,8.8519],[125.3676,8.8345],[125.358,8.8323],[125.338,8.8345],[125.3342,8.832],[125.3292,8.832],[125.3259,8.8345],[125.3076,8.8253],[125.3059,8.8162],[125.3037,8.8147],[125.298,8.8156],[125.2959,8.8128],[125.2979,8.8036],[125.2876,8.7937],[125.275,8.7853],[125.2723,8.779],[125.2693,8.777],[125.2705,8.7761],[125.2676,8.7662],[125.2551,8.7628],[125.2501,8.7562],[125.2443,8.7529],[125.2384,8.7429],[125.2351,8.7429],[125.2272,8.738],[125.2235,8.7404],[125.2126,8.7387],[125.2121,8.7314],[125.2068,8.7295],[125.201,8.7229],[125.1985,8.7229],[125.1935,8.7129],[125.1893,8.7104],[125.1934,8.7035],[125.1902,8.6996],[125.1915,8.6941],[125.1898,8.6865],[125.1829,8.675],[125.1867,8.6693],[125.1765,8.6576],[125.1768,8.6462],[125.1793,8.6396],[125.1837,8.6388],[125.1839,8.6253],[125.1822,8.6222],[125.1793,8.6229],[125.172,8.6139],[125.1668,8.6146],[125.159,8.6058],[125.153,8.6046],[125.143,8.5942],[125.131,8.5904],[125.1285,8.5862],[125.1309,8.5799],[125.1377,8.5787],[125.141,8.5746],[125.1433,8.5643],[125.1537,8.5588],[125.1544,8.5563],[125.167,8.548],[125.1772,8.5483],[125.1828,8.5463],[125.1832,8.5484],[125.1892,8.5519],[125.1972,8.5507],[125.2045,8.553],[125.2037,8.5488],[125.207,8.543],[125.2245,8.543],[125.2245,8.5505],[125.2301,8.5526],[125.2395,8.5496],[125.2411,8.5321],[125.247,8.523],[125.2537,8.5199],[125.2578,8.5155],[125.267,8.5188],[125.2703,8.5063],[125.264,8.5009],[125.2639,8.4924],[125.2661,8.4888],[125.272,8.488],[125.2728,8.4855],[125.2703,8.4805],[125.2645,8.4822],[125.2625,8.4794],[125.2586,8.4784],[125.257,8.4713],[125.2578,8.466],[125.2553,8.4622],[125.2553,8.458],[125.2578,8.4572],[125.2578,8.4547],[125.2536,8.4438],[125.2537,8.4397],[125.2573,8.4372],[125.2565,8.4254],[125.2607,8.3995],[125.2695,8.3939],[125.2736,8.3855],[125.2726,8.3782],[125.2758,8.376],[125.2795,8.3647],[125.2914,8.3642],[125.2961,8.3614],[125.2995,8.3622],[125.3016,8.3593],[125.3028,8.3455],[125.3086,8.3447],[125.3106,8.3358],[125.3128,8.3314],[125.3144,8.3314],[125.3144,8.3289],[125.3319,8.328],[125.3344,8.3264],[125.3361,8.323],[125.3353,8.3147],[125.3378,8.3131],[125.3378,8.3031],[125.3419,8.2947],[125.3419,8.2864],[125.3403,8.2847],[125.3461,8.2722],[125.3439,8.2699],[125.3436,8.2639],[125.3451,8.2612],[125.3536,8.2597],[125.3558,8.2503],[125.3636,8.2414],[125.3594,8.2356],[125.3591,8.2229],[125.3566,8.2217],[125.3561,8.2148],[125.3531,8.2117],[125.3528,8.1964],[125.3558,8.1875],[125.3694,8.1689],[125.3726,8.1599],[125.3744,8.1498],[125.3703,8.1406],[125.3702,8.1336],[125.3728,8.129],[125.3728,8.1181],[125.3761,8.1156],[125.3703,8.104],[125.3728,8.0956],[125.3762,8.0939],[125.3819,8.0773],[125.3911,8.0765],[125.3909,8.0625],[125.3819,8.0582],[125.3728,8.0507],[125.372,8.0428],[125.3831,8.0212],[125.3889,8.0214],[125.3917,8.024],[125.3975,8.0223],[125.4017,8.0256],[125.4034,8.0348],[125.4114,8.036],[125.4142,8.0373],[125.415,8.0415],[125.4217,8.0431],[125.4234,8.0515],[125.4309,8.049],[125.4344,8.0445],[125.4432,8.0411],[125.45,8.0431],[125.4542,8.0406],[125.4559,8.0356],[125.4609,8.0315],[125.4679,8.0353],[125.4692,8.0398],[125.4742,8.0431],[125.48,8.0381],[125.4833,8.039],[125.4925,8.0348],[125.4983,8.0378],[125.5017,8.0431],[125.5042,8.0431],[125.5075,8.0398],[125.5189,8.0395],[125.5217,8.0406],[125.5258,8.0473],[125.5301,8.0476],[125.5367,8.0415],[125.5409,8.0434],[125.5467,8.0398],[125.5493,8.0339],[125.5466,8.0308],[125.5475,8.029],[125.5575,8.0248],[125.5633,8.0273],[125.5658,8.0331],[125.5726,8.0313],[125.575,8.0281],[125.5818,8.0308],[125.5907,8.028],[125.5945,8.0309],[125.6077,8.0283],[125.611,8.0308],[125.613,8.0294],[125.6125,8.0265],[125.6146,8.0268],[125.618,8.0285],[125.6175,8.0331],[125.6246,8.0342],[125.6308,8.0398],[125.6349,8.0402],[125.6383,8.0481],[125.6416,8.049],[125.6454,8.0428],[125.6458,8.0331],[125.6483,8.0281],[125.6537,8.0239],[125.657,8.0247],[125.6619,8.013],[125.6663,8.0078],[125.668,8.0004],[125.6704,7.9991],[125.6708,7.9965],[125.6683,7.9958],[125.6666,7.9898],[125.6677,7.9859],[125.6649,7.9732],[125.6708,7.964],[125.6722,7.9552],[125.6699,7.9528],[125.6691,7.9473],[125.6713,7.9467],[125.6733,7.9282],[125.6768,7.9267],[125.678,7.9167],[125.6766,7.9107],[125.6846,7.9062],[125.6841,7.8974],[125.6808,7.8924],[125.6849,7.8915],[125.692,7.8936],[125.6996,7.8906],[125.7183,7.8915],[125.7208,7.8877],[125.718,7.8858],[125.7191,7.8832],[125.7214,7.8821],[125.7243,7.8843],[125.7345,7.8845],[125.7457,7.8799],[125.7491,7.8757],[125.7541,7.8815],[125.7577,7.8735],[125.7616,7.8715],[125.7624,7.8582],[125.7643,7.8518],[125.7666,7.8507],[125.7666,7.8474],[125.7649,7.8474],[125.7641,7.8307],[125.7711,7.8372],[125.7932,7.8415],[125.8011,7.8294],[125.8054,7.8265],[125.8079,7.8162],[125.814,7.8152],[125.8196,7.8177],[125.8265,7.8241],[125.8271,7.8283],[125.8315,7.834],[125.8344,7.8336],[125.8349,7.8299],[125.8378,7.8285],[125.8528,7.8265],[125.8557,7.8295],[125.8607,7.8307],[125.867,7.8377],[125.8683,7.8414],[125.8668,7.8436],[125.8627,7.8444],[125.8624,7.8507],[125.869,7.8474],[125.8724,7.849],[125.8734,7.8454],[125.8765,7.8449],[125.8751,7.8412],[125.8765,7.8374],[125.8868,7.838],[125.8874,7.8349],[125.8915,7.8365],[125.8946,7.8338],[125.8938,7.8281],[125.9006,7.8271],[125.9032,7.8249],[125.9007,7.8124],[125.8949,7.8117],[125.8899,7.8141],[125.8885,7.812],[125.8842,7.7997],[125.8848,7.7959],[125.8794,7.7878],[125.8799,7.7849],[125.8837,7.7838],[125.8896,7.7749],[125.8948,7.7716],[125.8973,7.7757],[125.9004,7.7715],[125.9082,7.7741],[125.9123,7.7857],[125.9123,7.7916],[125.9154,7.7918],[125.9182,7.7957],[125.9199,7.8049],[125.9182,7.8107],[125.9215,7.8132],[125.9215,7.8174],[125.9232,7.8174],[125.9221,7.8214],[125.924,7.8274],[125.922,7.8326],[125.9307,7.8507],[125.9298,7.8574],[125.9356,7.856],[125.9425,7.8597],[125.9432,7.8649],[125.9407,7.8757],[125.9461,7.8788],[125.9465,7.8832],[125.9515,7.8849],[125.954,7.8982],[125.959,7.8999],[125.9613,7.9112],[125.9665,7.9124],[125.9723,7.9099],[125.9831,7.9109],[125.9906,7.9157],[125.9928,7.912],[125.9923,7.9007],[125.994,7.8957],[125.997,7.8942],[125.9973,7.8899],[126.0065,7.8865],[126.004,7.8707],[126.0099,7.8675],[126.0086,7.8581],[126.0055,7.8534],[126.0071,7.8491],[126.0048,7.8465],[126.0078,7.841],[126.0115,7.8415],[126.014,7.8332],[126.0106,7.8216],[126.0056,7.8216],[126.0061,7.8145],[126.004,7.8099],[125.9998,7.8091],[126.0003,7.807],[125.9946,7.798],[125.9898,7.7682],[125.9859,7.7656],[125.9856,7.7591],[125.9806,7.7582],[125.9801,7.7534],[125.974,7.7441],[125.979,7.7374],[125.9798,7.7324],[125.9748,7.7258],[125.9705,7.7112],[125.9732,7.7041],[125.9748,7.7041],[125.9748,7.6991],[125.9723,7.6991],[125.9706,7.6917],[125.9681,7.6899],[125.9681,7.6749],[125.959,7.6683],[125.9567,7.6624],[125.9577,7.6563],[125.9507,7.6466],[125.9495,7.6413],[125.9532,7.6366],[125.9607,7.6383],[125.9573,7.6219],[125.9565,7.62],[125.9465,7.6208],[125.9472,7.6177],[125.9448,7.6125],[125.9473,7.602],[125.9515,7.6016],[125.9507,7.595],[125.9569,7.5909],[125.9605,7.5827],[125.9607,7.575],[125.9648,7.575],[125.9698,7.5816],[125.9803,7.5663],[125.9823,7.56],[126.004,7.5475],[126.0048,7.5442],[126.0106,7.5392],[126.0115,7.5325],[126.0065,7.5292],[126.0071,7.5245],[126.0106,7.5183],[126.0126,7.5078],[126.0206,7.5034],[126.021,7.5012],[126.0178,7.4953],[126.0131,7.4942],[126.014,7.485],[126.0176,7.4828],[126.019,7.4775],[126.026,7.4708],[126.024,7.4674],[126.0293,7.4613],[126.0296,7.4588],[126.0273,7.4584],[126.0326,7.4512]]]]}},{"type":"Feature","properties":{"slug":"mindanao","name":"Mindanao River Basin"},"geometry":{"type":"MultiPolygon","coordinates":[[[[124.5085,7.6917],[124.5065,7.6908],[124.5053,7.685],[124.4971,7.6792],[124.4875,7.6684],[124.4776,7.6709],[124.4749,7.6685],[124.4755,7.6653],[124.4703,7.6657],[124.463,7.6587],[124.4513,7.6564],[124.4486,7.6543],[124.4293,7.6547],[124.4229,7.6474],[124.4226,7.6416],[124.4194,7.6388],[124.4123,7.6413],[124.4002,7.6389],[124.3929,7.6427],[124.3847,7.6365],[124.3812,7.6308],[124.3807,7.6181],[124.3762,7.5945],[124.3682,7.5627],[124.3687,7.5183],[124.377,7.4775],[124.3771,7.4553],[124.3836,7.4374],[124.3836,7.4315],[124.3803,7.4227],[124.3804,7.4139],[124.3765,7.4004],[124.354,7.3763],[124.3453,7.3704],[124.3132,7.3716],[124.2994,7.3664],[124.269,7.3396],[124.2723,7.3338],[124.2685,7.327],[124.2416,7.3248],[124.2348,7.3257],[124.2286,7.3302],[124.2195,7.3272],[124.2232,7.3048],[124.223,7.2935],[124.2186,7.2886],[124.2082,7.2661],[124.2097,7.2614],[124.2132,7.2593],[124.2213,7.2629],[124.2169,7.2517],[124.2072,7.2542],[124.2053,7.2523],[124.2023,7.2528],[124.1994,7.2503],[124.2025,7.2464],[124.1965,7.2404],[124.1948,7.2453],[124.1904,7.245],[124.1857,7.2409],[124.1804,7.2401],[124.1798,7.2363],[124.1868,7.228],[124.178,7.2325],[124.1724,7.2255],[124.1733,7.2161],[124.1698,7.2177],[124.1644,7.2132],[124.1578,7.2058],[124.1582,7.2021],[124.1399,7.1987],[124.1302,7.1914],[124.1425,7.1764],[124.1662,7.1666],[124.1629,7.1551],[124.1437,7.1414],[124.1242,7.131],[124.1142,7.1226],[124.1121,7.1045],[124.1058,7.0964],[124.1043,7.0913],[124.1089,7.0857],[124.1321,7.0924],[124.1395,7.0857],[124.1449,7.0653],[124.1516,7.0544],[124.1548,7.0524],[124.1698,7.0507],[124.1827,7.0303],[124.1831,7.0131],[124.1953,6.9909],[124.203,6.9818],[124.216,6.9601],[124.2131,6.9526],[124.1987,6.9502],[124.1968,6.9428],[124.1991,6.9356],[124.1972,6.9336],[124.1784,6.9262],[124.1559,6.9226],[124.1462,6.9244],[124.1461,6.9061],[124.139,6.8915],[124.1488,6.8889],[124.1511,6.8855],[124.1694,6.8774],[124.1967,6.8715],[124.2072,6.8742],[124.2188,6.8705],[124.2256,6.8662],[124.2331,6.8553],[124.2415,6.8474],[124.247,6.8362],[124.2471,6.8293],[124.2379,6.8048],[124.2384,6.793],[124.2445,6.788],[124.2565,6.7858],[124.2631,6.7784],[124.275,6.774],[124.281,6.7613],[124.3121,6.7234],[124.3136,6.7144],[124.3091,6.697],[124.3101,6.6889],[124.3177,6.6809],[124.3323,6.6769],[124.3381,6.6641],[124.334,6.6458],[124.3354,6.6227],[124.3333,6.6115],[124.3283,6.6046],[124.3115,6.5937],[124.3092,6.563],[124.3044,6.5509],[124.2955,6.5434],[124.2815,6.5384],[124.2682,6.5206],[124.2642,6.5099],[124.2576,6.5008],[124.258,6.4828],[124.2479,6.4749],[124.2409,6.4646],[124.2344,6.4607],[124.2297,6.4511],[124.2237,6.4502],[124.2085,6.4523],[124.1834,6.4457],[124.1859,6.4408],[124.1963,6.4331],[124.1988,6.4256],[124.198,6.4189],[124.1889,6.4032],[124.1876,6.396],[124.1902,6.3876],[124.1939,6.3825],[124.2046,6.3755],[124.2088,6.3705],[124.2206,6.3446],[124.2349,6.3366],[124.2466,6.3415],[124.2591,6.3359],[124.2623,6.3331],[124.2652,6.3229],[124.2708,6.3184],[124.2744,6.3186],[124.2771,6.3244],[124.2935,6.3367],[124.3074,6.3407],[124.3298,6.3366],[124.3628,6.3203],[124.3789,6.3075],[124.4013,6.3161],[124.4055,6.3154],[124.4135,6.3079],[124.4291,6.3127],[124.435,6.3118],[124.4418,6.3057],[124.4431,6.2988],[124.4409,6.291],[124.4471,6.2802],[124.4463,6.275],[124.4416,6.2675],[124.4438,6.2626],[124.4662,6.2647],[124.4728,6.2612],[124.4744,6.2575],[124.4942,6.2561],[124.4995,6.2519],[124.511,6.2349],[124.5185,6.2278],[124.5234,6.227],[124.5299,6.2302],[124.5371,6.2293],[124.5614,6.2598],[124.5805,6.2728],[124.5863,6.2739],[124.5913,6.2726],[124.5984,6.2582],[124.622,6.2353],[124.6319,6.2068],[124.6412,6.188],[124.6488,6.1784],[124.6588,6.1726],[124.6594,6.1631],[124.6638,6.1585],[124.6649,6.1476],[124.6711,6.1361],[124.6882,6.1146],[124.7041,6.0991],[124.7118,6.0828],[124.7179,6.0773],[124.7301,6.0749],[124.76,6.0559],[124.7773,6.0611],[124.7903,6.0756],[124.7965,6.077],[124.8114,6.0743],[124.8271,6.0813],[124.8385,6.0914],[124.8784,6.0964],[124.8876,6.0889],[124.895,6.0881],[124.9084,6.0945],[124.9041,6.1025],[124.9009,6.1297],[124.9047,6.141],[124.92,6.161],[124.9208,6.1686],[124.9193,6.1761],[124.9112,6.1924],[124.9092,6.2047],[124.9191,6.2344],[124.9254,6.2431],[124.9355,6.2523],[124.9389,6.2585],[124.9405,6.2693],[124.9372,6.2837],[124.9425,6.2816],[124.9639,6.282],[124.9804,6.287],[124.9871,6.2922],[125.0426,6.3541],[125.0611,6.3639],[125.0737,6.3656],[125.0751,6.3873],[125.0905,6.4277],[125.0903,6.436],[125.0867,6.4432],[125.0754,6.4554],[125.0712,6.4706],[125.0595,6.4788],[125.055,6.4856],[125.0625,6.5036],[125.0564,6.527],[125.0581,6.5333],[125.0659,6.5405],[125.0787,6.5452],[125.0835,6.5496],[125.0888,6.566],[125.0817,6.6281],[125.0866,6.6545],[125.0822,6.6699],[125.0831,6.6949],[125.0745,6.7151],[125.0724,6.7413],[125.0499,6.7823],[125.0515,6.7904],[125.0584,6.8062],[125.0575,6.8274],[125.0619,6.8318],[125.0762,6.8339],[125.0843,6.8394],[125.0976,6.8399],[125.1032,6.8438],[125.1053,6.8492],[125.1061,6.8647],[125.1087,6.8703],[125.1167,6.8795],[125.1341,6.8896],[125.1405,6.898],[125.1476,6.914],[125.153,6.92],[125.1527,6.9416],[125.1603,6.9656],[125.1687,6.9717],[125.181,6.9769],[125.1957,6.9774],[125.2056,6.981],[125.2128,6.9785],[125.221,6.9712],[125.2392,6.9763],[125.2493,6.9846],[125.2556,6.9837],[125.2726,6.9877],[125.2887,6.9981],[125.304,6.9987],[125.3373,7.036],[125.3237,7.0411],[125.3004,7.0652],[125.2908,7.0922],[125.2925,7.0968],[125.2997,7.1027],[125.2937,7.1116],[125.2951,7.1161],[125.2872,7.1252],[125.2717,7.1365],[125.2699,7.1426],[125.2713,7.1449],[125.2604,7.1514],[125.2525,7.1526],[125.2496,7.1554],[125.2495,7.1588],[125.2378,7.1655],[125.2288,7.1639],[125.2255,7.1677],[125.2255,7.1714],[125.2129,7.179],[125.2166,7.1883],[125.2213,7.1916],[125.2272,7.2033],[125.2271,7.228],[125.2475,7.2429],[125.2511,7.2483],[125.2494,7.2616],[125.2438,7.2712],[125.2429,7.2778],[125.2465,7.2887],[125.2517,7.2918],[125.2539,7.302],[125.2526,7.3059],[125.2451,7.3088],[125.2453,7.3141],[125.2402,7.317],[125.2415,7.3344],[125.2295,7.3473],[125.2297,7.3562],[125.2333,7.3641],[125.2297,7.3683],[125.2332,7.3831],[125.2383,7.3883],[125.241,7.3944],[125.2422,7.4105],[125.2392,7.4177],[125.2428,7.4207],[125.2365,7.4421],[125.2397,7.4465],[125.2394,7.4541],[125.2461,7.4541],[125.2498,7.4579],[125.2506,7.4709],[125.2479,7.4778],[125.2555,7.4817],[125.2568,7.4899],[125.2527,7.4896],[125.246,7.493],[125.239,7.4904],[125.235,7.4918],[125.2329,7.4965],[125.2261,7.4969],[125.2275,7.504],[125.2263,7.506],[125.2095,7.5064],[125.2074,7.513],[125.2105,7.5244],[125.2065,7.5399],[125.1978,7.5491],[125.1913,7.5478],[125.1869,7.5524],[125.1874,7.5625],[125.1911,7.5671],[125.1984,7.5681],[125.2085,7.562],[125.2144,7.5636],[125.214,7.5695],[125.2177,7.5846],[125.2211,7.5893],[125.2242,7.5898],[125.2282,7.6027],[125.2331,7.61],[125.2322,7.6134],[125.2425,7.6237],[125.2412,7.6356],[125.2389,7.6382],[125.2399,7.641],[125.2355,7.6479],[125.2406,7.663],[125.2364,7.6625],[125.2343,7.6659],[125.2321,7.6637],[125.2193,7.6678],[125.2116,7.6676],[125.2071,7.6719],[125.202,7.673],[125.2042,7.6802],[125.2076,7.6803],[125.208,7.6856],[125.2173,7.6986],[125.2166,7.7073],[125.2255,7.7165],[125.2232,7.7288],[125.229,7.7343],[125.2313,7.7412],[125.2284,7.7453],[125.2292,7.7528],[125.2255,7.7553],[125.232,7.7645],[125.232,7.7705],[125.2381,7.7773],[125.24,7.7844],[125.2451,7.7864],[125.2459,7.7899],[125.2503,7.7931],[125.2487,7.8017],[125.2542,7.8042],[125.2578,7.8104],[125.2601,7.8064],[125.266,7.8042],[125.271,7.7982],[125.281,7.7811],[125.2839,7.781],[125.2877,7.7746],[125.2932,7.7744],[125.3006,7.7852],[125.3114,7.7867],[125.3142,7.7915],[125.3326,7.8006],[125.3384,7.8122],[125.3483,7.8172],[125.3596,7.8171],[125.3654,7.8153],[125.3719,7.8097],[125.3779,7.8003],[125.3838,7.7962],[125.3918,7.7852],[125.3971,7.7737],[125.4009,7.7721],[125.4032,7.7734],[125.4054,7.7803],[125.41,7.7825],[125.4162,7.7815],[125.4236,7.7903],[125.4282,7.7914],[125.4316,7.7898],[125.4357,7.7943],[125.4414,7.7946],[125.4419,7.7987],[125.4375,7.7997],[125.4495,7.8066],[125.4496,7.8192],[125.4399,7.8482],[125.4272,7.8694],[125.4186,7.8746],[125.426,7.8797],[125.4283,7.8852],[125.4263,7.9144],[125.4284,7.9258],[125.4185,7.9361],[125.4168,7.9406],[125.4099,7.9425],[125.4062,7.9463],[125.4107,7.9565],[125.4077,7.9666],[125.4094,7.9742],[125.4074,7.9817],[125.4001,7.9918],[125.3917,7.9937],[125.3865,8.0016],[125.3841,8.0109],[125.3804,8.0158],[125.3831,8.0235],[125.372,8.0428],[125.3728,8.0507],[125.3819,8.0582],[125.3909,8.0625],[125.3911,8.0765],[125.3819,8.0773],[125.3762,8.0939],[125.3728,8.0956],[125.3703,8.104],[125.3761,8.1156],[125.3728,8.1181],[125.3728,8.129],[125.3702,8.1336],[125.3703,8.1406],[125.3744,8.1498],[125.3726,8.1599],[125.3694,8.1689],[125.3558,8.1875],[125.3528,8.1964],[125.3531,8.2117],[125.3561,8.2148],[125.3566,8.2217],[125.3591,8.2229],[125.3594,8.2356],[125.3636,8.2414],[125.3558,8.2503],[125.3536,8.2597],[125.3451,8.2612],[125.3436,8.2639],[125.3439,8.2699],[125.3461,8.2722],[125.3403,8.2847],[125.3419,8.2864],[125.3419,8.2947],[125.3378,8.3031],[125.3378,8.3131],[125.3353,8.3147],[125.3361,8.323],[125.3344,8.3264],[125.3319,8.328],[125.3144,8.3289],[125.3144,8.3314],[125.3128,8.3314],[125.3106,8.3358],[125.3086,8.3447],[125.3028,8.3455],[125.3016,8.3593],[125.2995,8.3622],[125.2961,8.3614],[125.2914,8.3642],[125.2795,8.3647],[125.2758,8.376],[125.2726,8.3782],[125.2736,8.3855],[125.2695,8.3939],[125.2607,8.3995],[125.2565,8.4254],[125.2573,8.4372],[125.2537,8.4397],[125.2536,8.4438],[125.2578,8.4547],[125.2578,8.4572],[125.2553,8.458],[125.2553,8.4622],[125.2578,8.466],[125.257,8.4713],[125.2586,8.4784],[125.2625,8.4794],[125.2645,8.4822],[125.2703,8.4805],[125.2728,8.4855],[125.272,8.488],[125.2661,8.4888],[125.2639,8.4924],[125.264,8.5009],[125.2703,8.5063],[125.267,8.5188],[125.2578,8.5155],[125.2537,8.5199],[125.247,8.523],[125.2411,8.5321],[125.2395,8.5496],[125.2301,8.5526],[125.2245,8.5505],[125.2245,8.543],[125.2127,8.5424],[125.2047,8.5445],[125.2045,8.553],[125.1972,8.5507],[125.1892,8.5519],[125.1832,8.5484],[125.1828,8.5463],[125.1772,8.5483],[125.1745,8.5471],[125.167,8.548],[125.1544,8.5563],[125.1537,8.5588],[125.1433,8.5643],[125.128,8.5591],[125.1152,8.5625],[125.1127,8.5532],[125.1059,8.5533],[125.0982,8.5333],[125.1019,8.5282],[125.1009,8.5178],[125.0991,8.5155],[125.1,8.5088],[125.1033,8.5044],[125.1021,8.4975],[125.1049,8.4874],[125.1027,8.4864],[125.0952,8.4727],[125.0952,8.4675],[125.0881,8.4565],[125.0932,8.449],[125.0981,8.4458],[125.0975,8.4419],[125.0924,8.4365],[125.0991,8.4283],[125.0962,8.4203],[125.0886,8.4109],[125.0904,8.4056],[125.0891,8.4016],[125.0907,8.4008],[125.0794,8.3936],[125.0822,8.3859],[125.0879,8.3858],[125.0972,8.3793],[125.1062,8.3762],[125.1105,8.37],[125.1255,8.3666],[125.1306,8.3638],[125.1341,8.3552],[125.1441,8.3501],[125.1444,8.3452],[125.1479,8.3456],[125.1496,8.3421],[125.1636,8.3374],[125.1698,8.3264],[125.1764,8.3191],[125.176,8.3174],[125.1802,8.3145],[125.1833,8.3092],[125.1867,8.3089],[125.1808,8.3019],[125.185,8.2924],[125.1818,8.2862],[125.1823,8.2827],[125.1865,8.2742],[125.1926,8.2689],[125.1924,8.2648],[125.1957,8.2561],[125.2006,8.2545],[125.2062,8.2487],[125.2057,8.24],[125.2099,8.2305],[125.2139,8.2264],[125.2075,8.2189],[125.2078,8.2071],[125.2112,8.2055],[125.2198,8.2059],[125.2233,8.1962],[125.235,8.1863],[125.237,8.1717],[125.2428,8.1651],[125.2413,8.1602],[125.242,8.1539],[125.2439,8.1519],[125.2417,8.147],[125.2364,8.1431],[125.2329,8.1303],[125.2249,8.1252],[125.2251,8.1209],[125.2217,8.1177],[125.218,8.1285],[125.2142,8.1337],[125.2102,8.1351],[125.2055,8.1339],[125.2019,8.1361],[125.2,8.1521],[125.1911,8.1567],[125.1901,8.1609],[125.1856,8.1625],[125.1851,8.1687],[125.1755,8.1663],[125.1729,8.1637],[125.164,8.1635],[125.1651,8.1503],[125.1617,8.1474],[125.1549,8.1478],[125.1507,8.1449],[125.1463,8.1464],[125.144,8.1504],[125.1446,8.1577],[125.14,8.1645],[125.1426,8.1769],[125.14,8.1802],[125.1346,8.181],[125.1342,8.1832],[125.1358,8.1839],[125.134,8.1877],[125.1362,8.1931],[125.1284,8.1946],[125.1167,8.1907],[125.1153,8.1943],[125.111,8.1969],[125.1119,8.2062],[125.1038,8.2117],[125.097,8.213],[125.0976,8.2173],[125.093,8.225],[125.0859,8.2278],[125.0844,8.2315],[125.0766,8.2255],[125.0745,8.2212],[125.0676,8.219],[125.0662,8.2154],[125.0632,8.2148],[125.0619,8.2105],[125.0585,8.2079],[125.0587,8.2051],[125.0511,8.2026],[125.0493,8.204],[125.0385,8.1978],[125.0329,8.1974],[125.0271,8.1913],[125.0059,8.1824],[125.0027,8.179],[124.9974,8.1783],[124.9944,8.1753],[124.9888,8.1534],[124.98,8.1435],[124.973,8.138],[124.9691,8.1387],[124.9633,8.1361],[124.9521,8.1262],[124.9367,8.1232],[124.9303,8.1168],[124.9175,8.1152],[124.9006,8.1185],[124.894,8.1123],[124.8868,8.1211],[124.8772,8.1221],[124.8753,8.1277],[124.8642,8.128],[124.8542,8.1396],[124.8503,8.1345],[124.8492,8.1277],[124.8399,8.1198],[124.8383,8.1128],[124.8304,8.1114],[124.8291,8.1146],[124.8209,8.111],[124.82,8.1145],[124.8142,8.1173],[124.8106,8.1167],[124.8099,8.1136],[124.8153,8.0965],[124.8147,8.0774],[124.8113,8.0698],[124.8125,8.0531],[124.8182,8.0465],[124.8175,8.039],[124.8208,8.0238],[124.8234,8.0163],[124.827,8.013],[124.8286,8.0047],[124.8269,7.9992],[124.8202,7.9972],[124.812,7.9875],[124.804,7.971],[124.8017,7.9564],[124.7989,7.9498],[124.7942,7.9538],[124.7875,7.9509],[124.7857,7.96],[124.7733,7.9581],[124.7675,7.9591],[124.762,7.9565],[124.7513,7.9565],[124.7459,7.9547],[124.7329,7.955],[124.7253,7.9505],[124.7193,7.9505],[124.7102,7.9467],[124.7028,7.9481],[124.6948,7.9452],[124.6888,7.9456],[124.6845,7.9481],[124.674,7.9428],[124.6705,7.9438],[124.6503,7.9401],[124.6355,7.9466],[124.6222,7.9491],[124.5947,7.947],[124.5826,7.9492],[124.5764,7.9468],[124.5684,7.9331],[124.5591,7.9274],[124.5557,7.9289],[124.551,7.9246],[124.5438,7.9242],[124.5436,7.9205],[124.5402,7.9189],[124.5376,7.9139],[124.5395,7.9109],[124.5314,7.9061],[124.5341,7.9029],[124.5296,7.901],[124.5269,7.8948],[124.5381,7.8919],[124.539,7.89],[124.535,7.8787],[124.5348,7.8746],[124.5371,7.874],[124.5353,7.8694],[124.552,7.8559],[124.5512,7.8513],[124.5489,7.8508],[124.5494,7.8459],[124.5537,7.8442],[124.5586,7.8451],[124.5631,7.8399],[124.5686,7.8383],[124.5704,7.8272],[124.5778,7.8245],[124.5815,7.8196],[124.5973,7.813],[124.5971,7.8096],[124.5939,7.8071],[124.6004,7.7998],[124.595,7.7907],[124.5956,7.7882],[124.5974,7.7882],[124.5973,7.7818],[124.6004,7.7796],[124.6032,7.7726],[124.5993,7.7709],[124.5989,7.7688],[124.601,7.7645],[124.6042,7.7641],[124.6053,7.7602],[124.6077,7.7593],[124.6081,7.7514],[124.6133,7.7475],[124.6112,7.7448],[124.6124,7.7431],[124.6047,7.7371],[124.6059,7.7351],[124.5971,7.7255],[124.5952,7.7151],[124.5915,7.712],[124.5894,7.7111],[124.5886,7.7135],[124.5833,7.7143],[124.5829,7.7097],[124.579,7.7062],[124.5712,7.7067],[124.5669,7.7046],[124.5646,7.6979],[124.536,7.7028],[124.5324,7.7012],[124.5235,7.7018],[124.5146,7.6927],[124.5085,7.6917]]]]}},{"type":"Feature","properties":{"slug":"ranao-agus","name":"Ranao (Agus) River Basin"},"geometry":{"type":"MultiPolygon","coordinates":[[[[124.5085,7.6917],[124.5146,7.6926],[124.5235,7.7018],[124.5324,7.7012],[124.536,7.7028],[124.5646,7.6979],[124.5669,7.7046],[124.5712,7.7066],[124.579,7.7061],[124.5829,7.7097],[124.5833,7.7143],[124.5882,7.7137],[124.5894,7.7111],[124.5915,7.712],[124.5952,7.7151],[124.5971,7.7254],[124.6059,7.735],[124.6047,7.7371],[124.6124,7.743],[124.6112,7.7447],[124.6133,7.7475],[124.6081,7.7513],[124.6077,7.7592],[124.6053,7.7601],[124.6042,7.764],[124.601,7.7644],[124.5989,7.7687],[124.5993,7.7709],[124.6032,7.7725],[124.6004,7.7796],[124.5973,7.7817],[124.5974,7.7881],[124.5956,7.7881],[124.595,7.7906],[124.6004,7.7997],[124.5939,7.807],[124.5971,7.8096],[124.5973,7.813],[124.5815,7.8195],[124.5778,7.8244],[124.5704,7.8271],[124.5686,7.8382],[124.5631,7.8399],[124.5589,7.8449],[124.5537,7.8442],[124.5494,7.8458],[124.5489,7.8507],[124.5512,7.8513],[124.552,7.8558],[124.5353,7.8694],[124.5371,7.874],[124.5348,7.8745],[124.535,7.8787],[124.5375,7.8832],[124.5363,7.8845],[124.5387,7.8884],[124.5381,7.8919],[124.5269,7.8948],[124.5296,7.901],[124.5341,7.9029],[124.5314,7.906],[124.5395,7.9109],[124.5376,7.9138],[124.5402,7.9189],[124.5436,7.9205],[124.5438,7.9242],[124.551,7.9245],[124.5564,7.929],[124.5591,7.9273],[124.5689,7.9334],[124.5616,7.9454],[124.5546,7.9479],[124.5564,7.9513],[124.5502,7.9602],[124.5498,7.9677],[124.5454,7.9672],[124.5418,7.9718],[124.5381,7.983],[124.5259,7.9787],[124.5186,7.9783],[124.5142,7.994],[124.4983,7.9976],[124.4928,7.9963],[124.4889,8.0018],[124.4805,8.0014],[124.4675,8.0049],[124.4527,8.0135],[124.4409,8.0107],[124.4402,8.0139],[124.4301,8.0177],[124.4269,8.0237],[124.4189,8.0221],[124.4087,8.0346],[124.4068,8.0399],[124.4025,8.0364],[124.4028,8.0336],[124.4004,8.031],[124.394,8.0305],[124.3896,8.0266],[124.388,8.0222],[124.3768,8.014],[124.3757,8.0098],[124.3721,8.0062],[124.3638,8.0122],[124.3547,8.0116],[124.3396,8.0209],[124.3334,8.0269],[124.3373,8.0419],[124.3356,8.0458],[124.329,8.0471],[124.3274,8.0512],[124.3275,8.0617],[124.3294,8.0625],[124.3279,8.0642],[124.3225,8.0642],[124.3192,8.0676],[124.3233,8.0727],[124.3292,8.0758],[124.3304,8.0831],[124.3215,8.0906],[124.3142,8.0939],[124.2946,8.0957],[124.2932,8.0902],[124.2857,8.0855],[124.2838,8.0859],[124.2808,8.0728],[124.2768,8.0687],[124.27,8.0686],[124.269,8.0703],[124.2652,8.0688],[124.2624,8.0706],[124.2657,8.0774],[124.2626,8.0793],[124.2604,8.0866],[124.2565,8.0883],[124.2577,8.0939],[124.2496,8.101],[124.25,8.1046],[124.2473,8.1092],[124.2507,8.112],[124.2479,8.1148],[124.2476,8.1179],[124.2393,8.1197],[124.2358,8.1184],[124.2325,8.1268],[124.2212,8.1308],[124.2205,8.1334],[124.2146,8.1255],[124.2133,8.1263],[124.213,8.1402],[124.2177,8.1486],[124.2102,8.1608],[124.2094,8.168],[124.2055,8.1696],[124.2056,8.1759],[124.2038,8.1785],[124.2061,8.1862],[124.2037,8.1958],[124.2053,8.201],[124.2016,8.2073],[124.2027,8.211],[124.1989,8.2072],[124.1992,8.2039],[124.1897,8.1972],[124.1842,8.1989],[124.1825,8.1936],[124.1664,8.1869],[124.156,8.1748],[124.1598,8.171],[124.1581,8.1605],[124.1634,8.1518],[124.1617,8.1401],[124.1645,8.1354],[124.1672,8.1363],[124.1688,8.1348],[124.1695,8.1285],[124.1777,8.1207],[124.179,8.1154],[124.1794,8.1045],[124.175,8.1011],[124.1701,8.089],[124.1663,8.0884],[124.1644,8.0902],[124.1592,8.0852],[124.1605,8.0802],[124.1643,8.0793],[124.1643,8.0754],[124.1615,8.0737],[124.162,8.0701],[124.1641,8.0657],[124.1663,8.0655],[124.168,8.0593],[124.1666,8.0563],[124.1693,8.0554],[124.1692,8.0508],[124.1645,8.0479],[124.1593,8.05],[124.1299,8.0438],[124.1226,8.044],[124.1194,8.0394],[124.1181,8.0311],[124.1227,8.0307],[124.125,8.0255],[124.1219,8.0201],[124.1097,8.0166],[124.1121,8.0091],[124.1175,8.0104],[124.127,8.0087],[124.1312,7.9993],[124.134,7.9992],[124.1343,7.9955],[124.1305,7.9944],[124.1312,7.9892],[124.1282,7.9882],[124.1314,7.9843],[124.1298,7.9751],[124.1265,7.9691],[124.132,7.9578],[124.1321,7.9515],[124.124,7.941],[124.1283,7.9267],[124.132,7.9233],[124.1335,7.9241],[124.136,7.9202],[124.1332,7.9095],[124.1367,7.9073],[124.1287,7.897],[124.1209,7.8946],[124.1126,7.8962],[124.1104,7.9011],[124.1113,7.9097],[124.1091,7.9111],[124.1042,7.911],[124.0987,7.9077],[124.094,7.9008],[124.0871,7.9011],[124.0819,7.8977],[124.0611,7.9027],[124.0592,7.9058],[124.0571,7.9043],[124.056,7.9027],[124.0598,7.8942],[124.0596,7.8892],[124.0647,7.8828],[124.0632,7.8799],[124.0673,7.8703],[124.0676,7.8639],[124.0638,7.8592],[124.0571,7.8574],[124.0495,7.8523],[124.0504,7.8475],[124.0578,7.85],[124.0519,7.8298],[124.0534,7.8251],[124.0523,7.8088],[124.0554,7.8078],[124.0558,7.8022],[124.0618,7.7973],[124.0691,7.7966],[124.071,7.7901],[124.0848,7.7785],[124.0904,7.7785],[124.0959,7.782],[124.0959,7.7858],[124.1003,7.794],[124.1044,7.7958],[124.1098,7.7949],[124.1144,7.8],[124.1223,7.8021],[124.1249,7.8057],[124.1297,7.8053],[124.1447,7.7981],[124.1512,7.8006],[124.155,7.7972],[124.1637,7.7974],[124.1668,7.7936],[124.1717,7.7934],[124.1739,7.7892],[124.1776,7.7912],[124.1812,7.7897],[124.1837,7.7911],[124.1852,7.7867],[124.1915,7.7855],[124.1975,7.78],[124.2024,7.7819],[124.2123,7.7787],[124.2128,7.7753],[124.2172,7.7751],[124.2151,7.7698],[124.2215,7.762],[124.2312,7.7622],[124.2344,7.7652],[124.2372,7.7646],[124.2401,7.7668],[124.2519,7.7648],[124.2618,7.7603],[124.267,7.7529],[124.2707,7.7524],[124.2727,7.7473],[124.2772,7.7455],[124.2797,7.7406],[124.2748,7.7355],[124.2745,7.732],[124.2808,7.7272],[124.2812,7.7244],[124.2879,7.7204],[124.2903,7.7169],[124.2894,7.7144],[124.2923,7.7134],[124.2946,7.7098],[124.2924,7.7073],[124.2936,7.6977],[124.2875,7.6928],[124.2879,7.6859],[124.2812,7.6862],[124.2781,7.6821],[124.2779,7.676],[124.2823,7.669],[124.2783,7.6665],[124.274,7.6568],[124.2778,7.6539],[124.2843,7.655],[124.2922,7.6501],[124.2952,7.6453],[124.2978,7.6464],[124.3029,7.6545],[124.317,7.6441],[124.3208,7.6468],[124.3297,7.6457],[124.3309,7.6436],[124.3358,7.6426],[124.3406,7.6464],[124.3456,7.6451],[124.35,7.6466],[124.3532,7.6452],[124.355,7.6359],[124.359,7.6318],[124.3717,7.6347],[124.3795,7.641],[124.3851,7.6424],[124.3937,7.6426],[124.4014,7.6387],[124.406,7.6412],[124.4144,7.6413],[124.4194,7.6387],[124.4226,7.6415],[124.4229,7.6474],[124.4293,7.6547],[124.4486,7.6543],[124.4513,7.6564],[124.4636,7.6589],[124.4703,7.6656],[124.4755,7.6653],[124.4749,7.6684],[124.4776,7.6708],[124.4855,7.6681],[124.4895,7.6695],[124.4923,7.6747],[124.5053,7.6849],[124.5065,7.6907],[124.5085,7.6917]]]]}},{"type":"Feature","properties":{"slug":"cagayan-de-oro","name":"Cagayan de Oro River Basin"},"geometry":{"type":"MultiPolygon","coordinates":[[[[124.5312,8.1834],[124.5254,8.1731],[124.5218,8.1716],[124.529,8.1681],[124.5316,8.1575],[124.5259,8.1515],[124.5266,8.147],[124.5247,8.1437],[124.5297,8.1369],[124.5253,8.1283],[124.5254,8.1145],[124.5279,8.1064],[124.5338,8.0969],[124.5477,8.0863],[124.5519,8.0801],[124.5573,8.0787],[124.5616,8.0643],[124.5688,8.0579],[124.5707,8.0509],[124.5917,8.0219],[124.5923,7.9982],[124.5953,7.9879],[124.6044,7.9762],[124.6059,7.9694],[124.6112,7.9612],[124.6166,7.9587],[124.6255,7.9585],[124.6303,7.9522],[124.6405,7.9492],[124.6446,7.9432],[124.6494,7.9401],[124.6705,7.9438],[124.674,7.9428],[124.6845,7.9481],[124.6888,7.9456],[124.6948,7.9452],[124.7028,7.9481],[124.7109,7.9468],[124.7193,7.9505],[124.7253,7.9505],[124.7329,7.955],[124.762,7.9565],[124.7683,7.9592],[124.7733,7.9581],[124.7857,7.96],[124.7875,7.9509],[124.7942,7.9538],[124.7989,7.9498],[124.8017,7.9564],[124.804,7.971],[124.812,7.9875],[124.8202,7.9972],[124.8269,7.9992],[124.8286,8.0047],[124.827,8.013],[124.8234,8.0163],[124.8208,8.0238],[124.8175,8.039],[124.8182,8.0465],[124.8125,8.0531],[124.8113,8.0698],[124.8147,8.0774],[124.8153,8.0965],[124.8097,8.1152],[124.8142,8.1173],[124.82,8.1145],[124.8209,8.111],[124.8288,8.1146],[124.8304,8.1114],[124.8383,8.1128],[124.8399,8.1198],[124.8492,8.1277],[124.8503,8.1345],[124.8543,8.1396],[124.8509,8.1494],[124.8334,8.1593],[124.8308,8.1897],[124.827,8.199],[124.8293,8.2067],[124.8286,8.2156],[124.8212,8.2286],[124.8138,8.2363],[124.8103,8.2441],[124.8043,8.2509],[124.7989,8.263],[124.7955,8.2647],[124.7774,8.2921],[124.7517,8.3255],[124.7437,8.3471],[124.7397,8.3493],[124.7338,8.3491],[124.7254,8.346],[124.7155,8.3349],[124.7135,8.3273],[124.7109,8.3253],[124.7022,8.3326],[124.7015,8.3413],[124.6886,8.3636],[124.6787,8.3759],[124.6768,8.382],[124.6692,8.3879],[124.6694,8.3957],[124.6665,8.4021],[124.6693,8.4076],[124.6723,8.4314],[124.6786,8.4489],[124.6762,8.4599],[124.6788,8.4783],[124.6645,8.4856],[124.6626,8.4907],[124.6644,8.5027],[124.6626,8.5074],[124.6557,8.507],[124.6518,8.5107],[124.6464,8.5107],[124.6402,8.5148],[124.6337,8.5161],[124.6279,8.4956],[124.6286,8.4898],[124.6235,8.4826],[124.6311,8.4732],[124.6248,8.4659],[124.6228,8.4482],[124.6174,8.4353],[124.6098,8.4263],[124.6092,8.4171],[124.6045,8.4102],[124.6048,8.403],[124.6017,8.3937],[124.6024,8.3822],[124.5872,8.3811],[124.5811,8.3651],[124.5754,8.3621],[124.5727,8.3643],[124.5705,8.3614],[124.5729,8.3595],[124.5718,8.3578],[124.5737,8.3545],[124.5722,8.3494],[124.5648,8.3435],[124.563,8.3358],[124.5635,8.3317],[124.5664,8.33],[124.5642,8.3239],[124.5494,8.3211],[124.5468,8.3169],[124.5425,8.3161],[124.5375,8.3063],[124.5391,8.2988],[124.5388,8.2937],[124.5365,8.2916],[124.5373,8.2868],[124.5196,8.2797],[124.5228,8.2736],[124.519,8.2674],[124.5189,8.2638],[124.5205,8.2572],[124.524,8.2547],[124.5252,8.2376],[124.5306,8.2334],[124.5363,8.2322],[124.5434,8.2343],[124.5448,8.2298],[124.535,8.2117],[124.5324,8.1996],[124.5302,8.1974],[124.5322,8.1954],[124.5299,8.1876],[124.5312,8.1834]]]]}},{"type":"Feature","properties":{"slug":"buayan-malungon","name":"Buayan-Malungon River Basin"},"geometry":{"type":"MultiPolygon","coordinates":[[[[125.2151,6.2181],[125.218,6.211],[125.2143,6.1905],[125.2154,6.1066],[125.2208,6.1008],[125.245,6.1017],[125.2556,6.0991],[125.2581,6.0964],[125.268,6.1068],[125.2778,6.1134],[125.2911,6.1403],[125.303,6.1439],[125.3341,6.1651],[125.3503,6.1712],[125.3581,6.1774],[125.3618,6.1785],[125.3693,6.1743],[125.3816,6.1765],[125.3827,6.1698],[125.3883,6.1578],[125.3872,6.1531],[125.3953,6.1415],[125.3999,6.1423],[125.405,6.1388],[125.4127,6.1375],[125.4441,6.1462],[125.4549,6.147],[125.4655,6.1433],[125.4737,6.1441],[125.4782,6.1503],[125.4836,6.1538],[125.4948,6.1504],[125.5085,6.1629],[125.5098,6.1697],[125.5145,6.1726],[125.5302,6.1766],[125.5389,6.1833],[125.5487,6.1825],[125.5549,6.1868],[125.5649,6.1871],[125.5634,6.192],[125.5664,6.198],[125.5633,6.204],[125.5626,6.2116],[125.5641,6.2154],[125.5616,6.2261],[125.5598,6.2276],[125.5496,6.2245],[125.5399,6.2246],[125.533,6.2267],[125.5227,6.2411],[125.5169,6.245],[125.5157,6.2674],[125.5095,6.2726],[125.5086,6.2855],[125.5046,6.2835],[125.4964,6.284],[125.4898,6.2915],[125.4875,6.2987],[125.4777,6.3063],[125.4785,6.3101],[125.4738,6.3167],[125.4748,6.3272],[125.4796,6.3374],[125.4835,6.3417],[125.4835,6.3445],[125.4953,6.3519],[125.4979,6.3601],[125.5047,6.3675],[125.5018,6.3789],[125.5113,6.3846],[125.5153,6.3913],[125.5066,6.4026],[125.5013,6.4059],[125.5043,6.4106],[125.5086,6.4115],[125.5074,6.4204],[125.5043,6.427],[125.4913,6.4414],[125.4827,6.4416],[125.4733,6.4322],[125.4626,6.4432],[125.4563,6.4452],[125.4369,6.4821],[125.4333,6.4843],[125.4294,6.4809],[125.4248,6.48],[125.4157,6.4853],[125.4117,6.4852],[125.4102,6.4925],[125.3984,6.4978],[125.3929,6.5097],[125.3809,6.5211],[125.3675,6.5279],[125.3673,6.5432],[125.3647,6.5477],[125.3542,6.549],[125.347,6.5467],[125.3424,6.5267],[125.3452,6.518],[125.3431,6.5159],[125.3397,6.5004],[125.3347,6.4956],[125.324,6.4926],[125.3181,6.4931],[125.3175,6.4821],[125.3114,6.4696],[125.2954,6.4546],[125.2827,6.4519],[125.2676,6.4448],[125.2489,6.4419],[125.2424,6.4462],[125.234,6.4482],[125.2165,6.4421],[125.2155,6.4486],[125.2171,6.4524],[125.2129,6.4587],[125.2113,6.4748],[125.2058,6.4817],[125.2038,6.4827],[125.1957,6.4791],[125.1705,6.4857],[125.1666,6.4834],[125.1625,6.4766],[125.1495,6.4723],[125.147,6.4642],[125.1366,6.4538],[125.1362,6.4485],[125.1314,6.4426],[125.1134,6.4437],[125.1111,6.4557],[125.1038,6.4544],[125.1016,6.4519],[125.0848,6.4533],[125.0857,6.4449],[125.0903,6.436],[125.0905,6.4277],[125.0751,6.3873],[125.0745,6.3679],[125.0761,6.3666],[125.0886,6.3702],[125.1092,6.3677],[125.1384,6.3578],[125.1362,6.3509],[125.141,6.3446],[125.1458,6.3434],[125.1517,6.3486],[125.157,6.3477],[125.16,6.3415],[125.1669,6.3348],[125.1645,6.3248],[125.1656,6.3171],[125.1668,6.3147],[125.1726,6.3147],[125.1766,6.3125],[125.1784,6.3062],[125.1774,6.2864],[125.1802,6.2686],[125.1778,6.2639],[125.1847,6.2582],[125.1962,6.2434],[125.2028,6.239],[125.2151,6.2181]]]]}},{"type":"Feature","properties":{"slug":"davao","name":"Davao River Basin"},"geometry":{"type":"MultiPolygon","coordinates":[[[[125.2093,7.53],[125.2105,7.5244],[125.2074,7.513],[125.2095,7.5064],[125.2258,7.5063],[125.2275,7.504],[125.2267,7.4964],[125.2329,7.4965],[125.235,7.4918],[125.239,7.4904],[125.246,7.493],[125.2527,7.4896],[125.2565,7.4903],[125.2571,7.4874],[125.2546,7.4807],[125.2479,7.4778],[125.2506,7.4709],[125.2493,7.4568],[125.2453,7.4538],[125.2391,7.4539],[125.2397,7.4465],[125.2364,7.4411],[125.24,7.4341],[125.2399,7.4264],[125.2428,7.4203],[125.2392,7.4186],[125.2422,7.4105],[125.241,7.3944],[125.2383,7.3883],[125.2332,7.3831],[125.2297,7.37],[125.2333,7.3636],[125.2297,7.3562],[125.2295,7.3473],[125.2415,7.3344],[125.2402,7.317],[125.2453,7.3141],[125.2451,7.3088],[125.2526,7.3059],[125.2538,7.3035],[125.2517,7.2918],[125.2467,7.2891],[125.2429,7.2778],[125.2438,7.2712],[125.2494,7.2616],[125.2511,7.2483],[125.2475,7.2429],[125.2274,7.2285],[125.2272,7.2033],[125.2213,7.1916],[125.2166,7.1883],[125.2133,7.1825],[125.2137,7.1774],[125.2255,7.1714],[125.2255,7.1677],[125.2288,7.1639],[125.2378,7.1655],[125.2495,7.1588],[125.2496,7.1554],[125.2525,7.1526],[125.2604,7.1514],[125.2713,7.1449],[125.2699,7.1426],[125.2717,7.1365],[125.2872,7.1252],[125.2951,7.1161],[125.2937,7.1116],[125.2997,7.1027],[125.2925,7.0968],[125.2908,7.0922],[125.2953,7.0883],[125.3154,7.1006],[125.3223,7.0969],[125.3233,7.099],[125.3374,7.1041],[125.3485,7.1168],[125.3515,7.1171],[125.36,7.1248],[125.3731,7.1483],[125.3838,7.1552],[125.388,7.1612],[125.4074,7.1727],[125.4316,7.1818],[125.4409,7.1889],[125.4524,7.191],[125.4591,7.2],[125.4643,7.1958],[125.4692,7.2004],[125.4753,7.1992],[125.486,7.1908],[125.501,7.174],[125.5191,7.1705],[125.5382,7.1722],[125.5407,7.1774],[125.5504,7.1778],[125.5519,7.1603],[125.56,7.1484],[125.5604,7.144],[125.5575,7.1415],[125.5574,7.1387],[125.5654,7.1062],[125.5644,7.1007],[125.5743,7.0869],[125.5783,7.0763],[125.5809,7.0561],[125.5848,7.0434],[125.6067,7.0472],[125.6072,7.0504],[125.6121,7.0508],[125.6128,7.0574],[125.6172,7.0638],[125.6266,7.0713],[125.6291,7.0768],[125.6285,7.0835],[125.6259,7.0835],[125.6413,7.0904],[125.643,7.0947],[125.6471,7.0965],[125.635,7.1035],[125.6217,7.1058],[125.6073,7.112],[125.5961,7.1336],[125.6005,7.1435],[125.5987,7.1542],[125.5954,7.16],[125.5964,7.1663],[125.5942,7.1697],[125.5873,7.1733],[125.5836,7.1857],[125.5778,7.1862],[125.5755,7.198],[125.5765,7.2012],[125.5721,7.1999],[125.5742,7.2168],[125.5564,7.2322],[125.5285,7.2432],[125.5251,7.2507],[125.5165,7.2497],[125.5091,7.258],[125.5025,7.2577],[125.5019,7.2607],[125.4996,7.259],[125.4907,7.2604],[125.4893,7.2667],[125.491,7.2677],[125.4862,7.2715],[125.4897,7.2843],[125.4833,7.2952],[125.4848,7.3003],[125.4802,7.3011],[125.4765,7.3077],[125.4772,7.3173],[125.4759,7.32],[125.4713,7.3196],[125.446,7.3352],[125.4397,7.3429],[125.4395,7.3476],[125.4309,7.3489],[125.4229,7.3527],[125.4276,7.3611],[125.4269,7.3644],[125.4238,7.3653],[125.4157,7.3622],[125.4126,7.3629],[125.4109,7.3678],[125.4141,7.3715],[125.4206,7.3743],[125.4245,7.3814],[125.4192,7.3883],[125.4242,7.3964],[125.4222,7.4027],[125.4143,7.4096],[125.404,7.4142],[125.3951,7.4245],[125.3883,7.422],[125.3871,7.4238],[125.3858,7.4306],[125.3905,7.4371],[125.3886,7.4413],[125.3907,7.4623],[125.3887,7.4687],[125.3944,7.4746],[125.3953,7.486],[125.3952,7.4923],[125.389,7.5035],[125.3917,7.5092],[125.3916,7.5157],[125.388,7.5214],[125.3891,7.5317],[125.3962,7.5488],[125.3915,7.5589],[125.3972,7.5828],[125.3956,7.5872],[125.3924,7.5883],[125.3908,7.5952],[125.3936,7.599],[125.3978,7.6007],[125.4006,7.5955],[125.4065,7.5986],[125.4104,7.5978],[125.4124,7.6022],[125.4122,7.6231],[125.4168,7.6213],[125.4191,7.6288],[125.4205,7.6242],[125.4283,7.6216],[125.4308,7.6281],[125.4339,7.6307],[125.4325,7.6345],[125.4351,7.6379],[125.4331,7.6405],[125.4386,7.6466],[125.438,7.6638],[125.4345,7.6685],[125.4293,7.6856],[125.4295,7.6903],[125.4366,7.7015],[125.435,7.7057],[125.4354,7.718],[125.4316,7.7275],[125.4322,7.7318],[125.4421,7.7455],[125.4507,7.763],[125.4466,7.7722],[125.4465,7.7781],[125.4496,7.7808],[125.4506,7.7848],[125.4481,7.7917],[125.4366,7.7948],[125.4316,7.7898],[125.4282,7.7914],[125.4241,7.7905],[125.4177,7.7823],[125.41,7.7825],[125.4054,7.7803],[125.4026,7.7725],[125.3998,7.7724],[125.3958,7.7754],[125.3918,7.7852],[125.3844,7.7956],[125.3783,7.7999],[125.3704,7.8112],[125.3654,7.8153],[125.3596,7.8171],[125.3495,7.8174],[125.3371,7.8113],[125.3361,7.8049],[125.3326,7.8006],[125.3142,7.7915],[125.3114,7.7867],[125.3006,7.7852],[125.2935,7.7744],[125.2877,7.7746],[125.2839,7.781],[125.2806,7.7814],[125.2767,7.7868],[125.271,7.7982],[125.2655,7.8047],[125.2601,7.8064],[125.2587,7.8102],[125.2567,7.8099],[125.2542,7.8042],[125.2487,7.8017],[125.2503,7.7931],[125.2459,7.7899],[125.2451,7.7864],[125.24,7.7844],[125.2381,7.7773],[125.232,7.7705],[125.232,7.7645],[125.2255,7.7553],[125.2292,7.7528],[125.2285,7.7446],[125.2313,7.7412],[125.229,7.7343],[125.2232,7.7288],[125.2253,7.7212],[125.2248,7.7142],[125.2166,7.7073],[125.2173,7.6986],[125.208,7.6856],[125.2076,7.6803],[125.2042,7.6802],[125.202,7.6745],[125.2024,7.6726],[125.2071,7.6719],[125.2116,7.6676],[125.2189,7.6679],[125.2299,7.6656],[125.2317,7.6636],[125.234,7.6659],[125.2364,7.6625],[125.2408,7.6627],[125.2355,7.6485],[125.2399,7.641],[125.2389,7.6382],[125.2412,7.6356],[125.2425,7.6237],[125.2322,7.6134],[125.2331,7.61],[125.2282,7.6027],[125.2242,7.5898],[125.2211,7.5893],[125.2177,7.5846],[125.214,7.5695],[125.2146,7.5638],[125.2085,7.562],[125.2041,7.5655],[125.195,7.5681],[125.1911,7.5671],[125.1874,7.5625],[125.1871,7.5519],[125.1913,7.5478],[125.1978,7.5491],[125.2019,7.5462],[125.2069,7.539],[125.2093,7.53]]]]}},{"type":"Feature","properties":{"slug":"tagoloan","name":"Tagoloan River Basin"},"geometry":{"type":"MultiPolygon","coordinates":[[[[125.2148,8.1329],[125.2215,8.1179],[125.2251,8.121],[125.2249,8.1253],[125.2329,8.1304],[125.2364,8.1432],[125.2417,8.147],[125.2436,8.1511],[125.2412,8.1611],[125.2428,8.1651],[125.237,8.1718],[125.235,8.1863],[125.2233,8.1963],[125.2198,8.2059],[125.2112,8.2055],[125.2078,8.2072],[125.2075,8.219],[125.2139,8.2264],[125.2099,8.2306],[125.2057,8.24],[125.2062,8.2487],[125.2006,8.2546],[125.1957,8.2561],[125.1924,8.2648],[125.1926,8.269],[125.1865,8.2742],[125.1823,8.2828],[125.1821,8.2875],[125.185,8.2924],[125.1808,8.302],[125.1867,8.3089],[125.1833,8.3092],[125.1802,8.3146],[125.176,8.3175],[125.1764,8.3192],[125.1698,8.3264],[125.1636,8.3374],[125.1497,8.342],[125.1479,8.3457],[125.1444,8.3452],[125.1441,8.3502],[125.1341,8.3553],[125.1304,8.364],[125.1105,8.3701],[125.1062,8.3763],[125.0972,8.3793],[125.0879,8.3859],[125.0822,8.386],[125.0794,8.3936],[125.0907,8.4008],[125.0891,8.4017],[125.0904,8.4056],[125.0886,8.411],[125.0962,8.4203],[125.0991,8.4284],[125.0923,8.4366],[125.0975,8.4419],[125.0981,8.4458],[125.0932,8.449],[125.0881,8.4565],[125.0952,8.4675],[125.0952,8.4727],[125.1027,8.4865],[125.1049,8.4874],[125.1021,8.4975],[125.1033,8.5045],[125.1,8.5088],[125.0991,8.5155],[125.1009,8.5179],[125.1019,8.5282],[125.0982,8.5333],[125.1059,8.5533],[125.1139,8.5545],[125.1148,8.5639],[125.118,8.5705],[125.1093,8.5805],[125.1092,8.5827],[125.1121,8.5853],[125.1093,8.5858],[125.107,8.5906],[125.098,8.5975],[125.1002,8.5995],[125.0976,8.6096],[125.0993,8.6127],[125.0852,8.618],[125.0819,8.6162],[125.0806,8.6177],[125.0675,8.616],[125.0597,8.6276],[125.046,8.6271],[125.041,8.6303],[125.0414,8.6322],[125.028,8.6285],[125.0264,8.6161],[125.0218,8.62],[125.0123,8.6216],[124.9928,8.6341],[124.9793,8.6351],[124.9736,8.634],[124.9735,8.6325],[124.971,8.6338],[124.9671,8.6328],[124.9616,8.6293],[124.9588,8.6306],[124.951,8.6296],[124.9469,8.6186],[124.9416,8.6328],[124.9351,8.6328],[124.93,8.6388],[124.9259,8.6382],[124.9238,8.6408],[124.9259,8.6432],[124.9248,8.6456],[124.9163,8.6477],[124.9083,8.6388],[124.9066,8.6326],[124.9073,8.623],[124.9043,8.6169],[124.9022,8.6169],[124.9011,8.6137],[124.894,8.6138],[124.8925,8.6048],[124.8853,8.6009],[124.8833,8.5973],[124.8767,8.5932],[124.8709,8.5942],[124.869,8.5966],[124.8615,8.594],[124.8583,8.5978],[124.8439,8.6001],[124.8444,8.5973],[124.8402,8.5959],[124.8363,8.5912],[124.8293,8.5895],[124.8305,8.5856],[124.8266,8.5828],[124.8306,8.5797],[124.8308,8.5749],[124.8247,8.5628],[124.8013,8.5575],[124.7886,8.566],[124.7807,8.5658],[124.7794,8.5682],[124.7765,8.567],[124.7745,8.5691],[124.7709,8.5691],[124.7682,8.571],[124.7697,8.5759],[124.7679,8.5799],[124.7635,8.5822],[124.7645,8.5797],[124.758,8.5784],[124.7595,8.5769],[124.7571,8.5742],[124.7521,8.5745],[124.7569,8.5738],[124.7469,8.5667],[124.742,8.5565],[124.7402,8.5471],[124.7416,8.5317],[124.7402,8.5299],[124.743,8.5307],[124.7433,8.5263],[124.7513,8.5201],[124.753,8.5163],[124.7518,8.5197],[124.7555,8.5219],[124.756,8.5242],[124.7622,8.5223],[124.7673,8.5252],[124.7713,8.5241],[124.7765,8.5271],[124.7832,8.5266],[124.784,8.5231],[124.7907,8.5193],[124.7946,8.5112],[124.8005,8.5096],[124.8048,8.5056],[124.8175,8.5031],[124.8182,8.5005],[124.8208,8.5014],[124.8241,8.4985],[124.8257,8.4874],[124.8292,8.4808],[124.8292,8.475],[124.8258,8.4719],[124.8259,8.4678],[124.8221,8.4608],[124.8236,8.4543],[124.8199,8.4491],[124.8228,8.4333],[124.8163,8.4166],[124.8193,8.4049],[124.8136,8.3923],[124.8135,8.3819],[124.8169,8.3794],[124.8172,8.373],[124.8163,8.3706],[124.8123,8.3696],[124.8107,8.3648],[124.8126,8.3634],[124.8122,8.357],[124.8081,8.3554],[124.8089,8.349],[124.8132,8.346],[124.8117,8.3426],[124.815,8.3387],[124.8135,8.3369],[124.8142,8.3284],[124.8117,8.3258],[124.8112,8.3209],[124.8124,8.3158],[124.8188,8.3104],[124.819,8.3037],[124.8263,8.2843],[124.8287,8.283],[124.8268,8.2803],[124.8272,8.276],[124.8298,8.2692],[124.8298,8.2625],[124.8319,8.2618],[124.8314,8.2583],[124.8444,8.2337],[124.847,8.2317],[124.8529,8.2162],[124.8579,8.2148],[124.86,8.2097],[124.8592,8.1945],[124.8636,8.1845],[124.8641,8.1697],[124.8659,8.1683],[124.866,8.1641],[124.8635,8.1576],[124.8643,8.1525],[124.8619,8.1411],[124.8547,8.1396],[124.8627,8.129],[124.8753,8.1277],[124.8772,8.1222],[124.8868,8.1212],[124.894,8.1123],[124.9006,8.1186],[124.9175,8.1152],[124.9287,8.1164],[124.9392,8.1244],[124.9521,8.1262],[124.9633,8.1362],[124.975,8.139],[124.9838,8.1476],[124.9888,8.1535],[124.9944,8.1753],[124.9974,8.1783],[125.0027,8.1791],[125.0059,8.1825],[125.0271,8.1914],[125.0329,8.1975],[125.0385,8.1979],[125.0493,8.2041],[125.0511,8.2026],[125.0587,8.2052],[125.0585,8.2079],[125.0619,8.2105],[125.0632,8.2149],[125.0667,8.2159],[125.0676,8.2191],[125.0745,8.2212],[125.0766,8.2256],[125.0843,8.2316],[125.0859,8.2278],[125.093,8.2251],[125.0976,8.2173],[125.097,8.213],[125.1038,8.2118],[125.1119,8.2063],[125.111,8.197],[125.1153,8.1943],[125.1167,8.1908],[125.1284,8.1946],[125.1362,8.1931],[125.134,8.1877],[125.1358,8.184],[125.1342,8.1833],[125.1346,8.1811],[125.14,8.1803],[125.1426,8.177],[125.1401,8.1639],[125.1446,8.1577],[125.144,8.1504],[125.1463,8.1464],[125.1507,8.1449],[125.1549,8.1478],[125.162,8.1476],[125.1651,8.1504],[125.1632,8.1643],[125.1682,8.1627],[125.1851,8.1687],[125.1856,8.1626],[125.1901,8.161],[125.1911,8.1567],[125.2,8.1521],[125.2019,8.1361],[125.2055,8.1339],[125.2102,8.1352],[125.2148,8.1329]]]]}},{"type":"Feature","properties":{"slug":"tagum-libuganon","name":"Tagum-Libuganon River Basin"},"geometry":{"type":"MultiPolygon","coordinates":[[[[125.9934,7.8985],[125.9928,7.912],[125.9906,7.9157],[125.9831,7.9109],[125.9723,7.9099],[125.9665,7.9124],[125.9613,7.9112],[125.959,7.8999],[125.954,7.8982],[125.9515,7.8849],[125.9465,7.8832],[125.9461,7.8788],[125.9407,7.8757],[125.9432,7.8649],[125.9425,7.8597],[125.9356,7.856],[125.9298,7.8574],[125.9307,7.8507],[125.922,7.8326],[125.924,7.8274],[125.9221,7.8214],[125.9232,7.8174],[125.9215,7.8174],[125.9215,7.8132],[125.9182,7.8107],[125.9199,7.8049],[125.9182,7.7957],[125.9154,7.7918],[125.9123,7.7916],[125.9123,7.7857],[125.9082,7.7741],[125.9004,7.7715],[125.8973,7.7757],[125.8948,7.7716],[125.8896,7.7749],[125.8837,7.7838],[125.8799,7.7849],[125.8794,7.7878],[125.8848,7.7959],[125.8842,7.7997],[125.8885,7.812],[125.8899,7.8141],[125.8949,7.8117],[125.9007,7.8124],[125.9032,7.8249],[125.9006,7.8271],[125.8938,7.8281],[125.8946,7.8338],[125.8915,7.8365],[125.8874,7.8349],[125.8868,7.838],[125.8765,7.8374],[125.8751,7.8412],[125.8765,7.8449],[125.8733,7.8454],[125.8724,7.849],[125.869,7.8474],[125.8624,7.8507],[125.8627,7.8444],[125.8668,7.8436],[125.8683,7.8414],[125.867,7.8377],[125.8607,7.8307],[125.8557,7.8295],[125.8528,7.8265],[125.8378,7.8285],[125.8349,7.8299],[125.8344,7.8336],[125.8315,7.834],[125.8271,7.8283],[125.8265,7.8241],[125.8196,7.8177],[125.814,7.8152],[125.8079,7.8162],[125.8054,7.8265],[125.8011,7.8294],[125.7932,7.8415],[125.7711,7.8372],[125.7641,7.8307],[125.7649,7.8474],[125.7666,7.8474],[125.7666,7.8507],[125.7643,7.8518],[125.7624,7.8582],[125.7616,7.8715],[125.7577,7.8735],[125.7541,7.8815],[125.7491,7.8757],[125.7457,7.8799],[125.7345,7.8845],[125.7243,7.8843],[125.7214,7.8821],[125.7191,7.8832],[125.718,7.8858],[125.7208,7.8877],[125.7183,7.8915],[125.6996,7.8906],[125.692,7.8936],[125.6849,7.8915],[125.6808,7.8924],[125.6841,7.8974],[125.6846,7.9062],[125.6766,7.9107],[125.678,7.9167],[125.6768,7.9267],[125.6733,7.9282],[125.6713,7.9467],[125.6691,7.9473],[125.6699,7.9528],[125.6722,7.9552],[125.6708,7.964],[125.6649,7.9732],[125.6677,7.9859],[125.6666,7.9898],[125.6683,7.9958],[125.6708,7.9965],[125.6704,7.9991],[125.668,8.0004],[125.6663,8.0078],[125.6619,8.013],[125.657,8.0247],[125.6537,8.0239],[125.6483,8.0281],[125.6458,8.0331],[125.6454,8.0428],[125.6416,8.049],[125.6383,8.0481],[125.6348,8.0402],[125.6308,8.0398],[125.6246,8.0342],[125.6175,8.0331],[125.618,8.0285],[125.6146,8.0268],[125.6125,8.0265],[125.613,8.0294],[125.611,8.0308],[125.6077,8.0283],[125.5945,8.0309],[125.5907,8.028],[125.5818,8.0308],[125.575,8.0281],[125.5726,8.0313],[125.5658,8.0331],[125.5633,8.0273],[125.5575,8.0248],[125.5475,8.029],[125.5466,8.0308],[125.5493,8.0339],[125.5467,8.0398],[125.5409,8.0434],[125.5367,8.0415],[125.5301,8.0476],[125.5258,8.0473],[125.5217,8.0406],[125.5189,8.0395],[125.5075,8.0398],[125.5042,8.0431],[125.5017,8.0431],[125.4983,8.0378],[125.4925,8.0348],[125.4833,8.039],[125.48,8.0381],[125.4742,8.0431],[125.4692,8.0398],[125.4679,8.0353],[125.4609,8.0315],[125.4559,8.0356],[125.4542,8.0406],[125.45,8.0431],[125.4432,8.0411],[125.4344,8.0445],[125.4309,8.049],[125.4234,8.0515],[125.4217,8.0431],[125.415,8.0415],[125.4142,8.0373],[125.4114,8.036],[125.4034,8.0348],[125.4017,8.0256],[125.3975,8.0223],[125.3917,8.024],[125.3889,8.0214],[125.3831,8.0212],[125.3812,8.0191],[125.3804,8.0158],[125.3917,7.9937],[125.3982,7.9932],[125.4074,7.9817],[125.4094,7.9742],[125.4077,7.9666],[125.4107,7.9565],[125.4062,7.9463],[125.4099,7.9425],[125.4168,7.9406],[125.4185,7.9361],[125.4284,7.9258],[125.4263,7.9144],[125.4283,7.8852],[125.426,7.8797],[125.4186,7.8746],[125.4272,7.8694],[125.4399,7.8482],[125.4496,7.8192],[125.4495,7.8066],[125.4375,7.7997],[125.4419,7.7987],[125.4414,7.7946],[125.449,7.7907],[125.4506,7.7848],[125.4464,7.775],[125.4507,7.763],[125.4413,7.7444],[125.445,7.7441],[125.4479,7.7415],[125.454,7.7416],[125.4586,7.7386],[125.4636,7.7399],[125.469,7.7347],[125.4745,7.7326],[125.4743,7.7252],[125.4694,7.7144],[125.4666,7.6983],[125.4674,7.691],[125.4651,7.685],[125.4764,7.6521],[125.4717,7.6422],[125.4658,7.6357],[125.4689,7.627],[125.4663,7.6175],[125.4708,7.591],[125.4745,7.5884],[125.4692,7.5714],[125.4711,7.5617],[125.4697,7.5524],[125.4657,7.5465],[125.4713,7.5379],[125.4809,7.5312],[125.4854,7.5163],[125.4918,7.5101],[125.4924,7.5068],[125.4959,7.5063],[125.5043,7.4984],[125.5047,7.4944],[125.5007,7.4912],[125.4988,7.4848],[125.5015,7.4624],[125.4944,7.4517],[125.4989,7.4457],[125.4996,7.4338],[125.5086,7.4038],[125.5134,7.3977],[125.5186,7.3819],[125.5251,7.3751],[125.5254,7.3717],[125.5344,7.3628],[125.5352,7.359],[125.5477,7.3626],[125.5673,7.3612],[125.5718,7.3631],[125.5936,7.3647],[125.5996,7.3618],[125.6115,7.3614],[125.627,7.3527],[125.6339,7.3458],[125.6405,7.3445],[125.6648,7.3498],[125.6944,7.3495],[125.7071,7.3457],[125.7183,7.3391],[125.7315,7.3182],[125.7413,7.3211],[125.7456,7.3268],[125.745,7.3301],[125.7533,7.3367],[125.7519,7.3527],[125.7525,7.3574],[125.7587,7.3697],[125.7582,7.3847],[125.764,7.3986],[125.7712,7.4097],[125.7967,7.4322],[125.812,7.4486],[125.8184,7.4593],[125.8267,7.4631],[125.8355,7.4789],[125.8396,7.4829],[125.8394,7.4876],[125.8355,7.4943],[125.8382,7.4976],[125.8477,7.4999],[125.8531,7.5064],[125.8631,7.5091],[125.873,7.5167],[125.8986,7.5239],[125.9023,7.5273],[125.9041,7.5342],[125.9002,7.5454],[125.8955,7.5534],[125.886,7.5574],[125.8871,7.5641],[125.8953,7.5675],[125.8892,7.5816],[125.8969,7.5834],[125.9046,7.6031],[125.9099,7.6066],[125.9146,7.6157],[125.9175,7.6154],[125.9216,7.6194],[125.927,7.6211],[125.9293,7.6284],[125.9532,7.6336],[125.9505,7.6333],[125.949,7.6354],[125.9507,7.6466],[125.9577,7.6563],[125.9567,7.6624],[125.959,7.6683],[125.9681,7.6749],[125.9681,7.6899],[125.9706,7.6917],[125.9723,7.6991],[125.9748,7.6991],[125.9748,7.7041],[125.9732,7.7041],[125.9705,7.7112],[125.9748,7.7257],[125.9798,7.7324],[125.979,7.7374],[125.974,7.7441],[125.9801,7.7534],[125.9806,7.7582],[125.9856,7.7591],[125.9859,7.7656],[125.9898,7.7682],[125.9946,7.798],[126.0003,7.807],[125.9998,7.8091],[126.004,7.8099],[126.0061,7.8145],[126.0056,7.8216],[126.0106,7.8216],[126.014,7.8332],[126.0115,7.8415],[126.0078,7.841],[126.0048,7.8465],[126.0071,7.8491],[126.0055,7.8534],[126.0086,7.8581],[126.0099,7.8675],[126.004,7.8707],[126.0065,7.8865],[125.9973,7.8899],[125.997,7.8942],[125.994,7.8957],[125.9934,7.8985]]]]}}]}