{"type":"FeatureCollection","features":[{"type":"Feature","properties":{"name":"Talisay River Watershed","region":"Region-5","hectares":2689,"basin":null},"geometry":{"type":"MultiPolygon","coordinates":[[[[122.835,14.0701],[122.8447,14.0685],[122.8591,14.0777],[122.8817,14.0779],[122.8836,14.0828],[122.8937,14.0868],[122.8934,14.0923],[122.9069,14.0993],[122.9083,14.1141],[122.9132,14.1177],[122.9131,14.1217],[122.8954,14.1282],[122.8748,14.1276],[122.853,14.0907],[122.8461,14.0816],[122.8377,14.0778],[122.835,14.0701]]]]}},{"type":"Feature","properties":{"name":"Daet River Watershed","region":"Region-5","hectares":6394,"basin":null},"geometry":{"type":"MultiPolygon","coordinates":[[[[122.9079,14.1033],[122.9058,14.0983],[122.8932,14.092],[122.894,14.0873],[122.8907,14.0842],[122.8836,14.0828],[122.8817,14.0779],[122.8584,14.0775],[122.8447,14.0685],[122.8271,14.0699],[122.8207,14.0615],[122.8132,14.0615],[122.8016,14.0494],[122.8045,14.045],[122.7998,14.0415],[122.7911,14.018],[122.8149,14.0031],[122.8331,14.0045],[122.8402,14.0179],[122.8489,14.0176],[122.8583,14.0313],[122.8838,14.0455],[122.8959,14.0611],[122.9148,14.0729],[122.9199,14.0871],[122.9125,14.1012],[122.9079,14.1033]]]]}},{"type":"Feature","properties":{"name":"Bublusan Watershed","region":"Region-5","hectares":1623,"basin":"bicol"},"geometry":{"type":"MultiPolygon","coordinates":[[[[123.5856,13.2416],[123.5824,13.237],[123.5831,13.2308],[123.5923,13.2173],[123.6016,13.2183],[123.6097,13.2133],[123.615,13.2139],[123.6266,13.2223],[123.6392,13.2373],[123.6514,13.2447],[123.6265,13.2475],[123.5856,13.2416]]]]}},{"type":"Feature","properties":{"name":"Basay Watershed","region":"Region-5","hectares":707,"basin":"bicol"},"geometry":{"type":"MultiPolygon","coordinates":[[[[123.5781,13.2713],[123.5888,13.2641],[123.5949,13.2653],[123.5951,13.2756],[123.5897,13.2773],[123.5894,13.2886],[123.5968,13.3111],[123.5881,13.3087],[123.5786,13.2942],[123.5724,13.2941],[123.5781,13.2713]]]]}},{"type":"Feature","properties":{"name":"Ponso Watershed","region":"Region-5","hectares":260,"basin":"bicol"},"geometry":{"type":"MultiPolygon","coordinates":[[[[123.5509,13.2972],[123.5533,13.2961],[123.5615,13.3023],[123.5668,13.3164],[123.5748,13.318],[123.5799,13.3227],[123.5696,13.3226],[123.5567,13.3155],[123.5584,13.3049],[123.5536,13.3036],[123.5509,13.2972]]]]}},{"type":"Feature","properties":{"name":"Nasisi River Watershed","region":"Region-5","hectares":3800,"basin":"bicol"},"geometry":{"type":"MultiPolygon","coordinates":[[[[123.597,13.311],[123.5894,13.2886],[123.5897,13.2773],[123.5952,13.2752],[123.5949,13.2653],[123.5913,13.2602],[123.5939,13.2552],[123.6496,13.2469],[123.6859,13.2558],[123.6758,13.271],[123.6592,13.272],[123.6541,13.2774],[123.6347,13.2823],[123.597,13.311]]]]}},{"type":"Feature","properties":{"name":"Buhi - Iriga River Watershed","region":"Region-5","hectares":11941,"basin":"bicol"},"geometry":{"type":"MultiPolygon","coordinates":[[[[123.5111,13.4333],[123.4961,13.4389],[123.4923,13.4493],[123.4865,13.4473],[123.4763,13.4495],[123.4692,13.4593],[123.4604,13.4617],[123.4571,13.4555],[123.4315,13.4481],[123.4177,13.4475],[123.408,13.4393],[123.3965,13.4219],[123.3674,13.4053],[123.3652,13.4007],[123.3759,13.3865],[123.407,13.3667],[123.4553,13.3783],[123.4747,13.3794],[123.5117,13.3754],[123.523,13.3822],[123.5311,13.3783],[123.5481,13.3862],[123.5468,13.3955],[123.5501,13.3995],[123.5461,13.4027],[123.5423,13.3964],[123.5227,13.3953],[123.5165,13.4017],[123.5204,13.4088],[123.52,13.4197],[123.5111,13.4333]]]]}},{"type":"Feature","properties":{"name":"Sipocot-Pulantuna Watershed","region":"Region-5","hectares":53376,"basin":"bicol"},"geometry":{"type":"MultiPolygon","coordinates":[[[[123.014,13.8863],[123.0135,13.8897],[123.0196,13.8948],[123.0211,13.9038],[123.0159,13.9188],[123.0243,13.9349],[123.0198,13.9405],[123.0055,13.9453],[122.9915,13.9427],[122.9816,13.9454],[122.981,13.958],[122.9756,13.9631],[122.9645,13.9642],[122.9645,13.9735],[122.961,13.9804],[122.9461,13.9786],[122.9309,13.9821],[122.8943,13.9836],[122.8782,13.9882],[122.8653,13.9877],[122.8486,13.9976],[122.8321,13.9997],[122.8288,14.0038],[122.8149,14.0031],[122.7914,14.0173],[122.7874,14.0156],[122.7835,13.9963],[122.7756,13.9905],[122.7725,13.9828],[122.767,13.9845],[122.7666,13.9739],[122.7731,13.9686],[122.7724,13.9648],[122.7809,13.9525],[122.7876,13.9488],[122.7874,13.9452],[122.7936,13.9436],[122.8076,13.9484],[122.8267,13.9369],[122.8557,13.9259],[122.8823,13.8957],[122.8798,13.8769],[122.8837,13.8644],[122.8822,13.8572],[122.8745,13.8525],[122.8582,13.8274],[122.8481,13.825],[122.8307,13.8049],[122.8204,13.7799],[122.8036,13.7667],[122.801,13.7614],[122.8028,13.7552],[122.8085,13.7518],[122.8327,13.7529],[122.836,13.7463],[122.8427,13.7449],[122.8497,13.7362],[122.8665,13.7249],[122.865,13.7092],[122.8684,13.7044],[122.8758,13.7038],[122.8794,13.6986],[122.8945,13.7005],[122.9044,13.7068],[122.9129,13.7038],[122.9141,13.7003],[122.9193,13.7003],[122.9368,13.7289],[122.95,13.7237],[122.955,13.7261],[122.9671,13.7219],[122.9804,13.7254],[122.9894,13.7332],[122.9957,13.7322],[122.9983,13.7431],[122.9934,13.7492],[122.9917,13.7719],[122.998,13.7766],[122.9994,13.8324],[123.0135,13.8603],[123.014,13.8863]]]]}},{"type":"Feature","properties":{"name":"Nabua Watershed","region":"Region-5","hectares":6832,"basin":"bicol"},"geometry":{"type":"MultiPolygon","coordinates":[[[[123.3898,13.4169],[123.4177,13.4475],[123.4315,13.4481],[123.4576,13.4559],[123.455,13.4709],[123.4642,13.4834],[123.4837,13.486],[123.4856,13.4909],[123.4893,13.4879],[123.4954,13.4884],[123.5163,13.5024],[123.5204,13.5089],[123.5263,13.5104],[123.52,13.5124],[123.5118,13.5095],[123.5015,13.5114],[123.3663,13.5022],[123.368,13.4946],[123.3742,13.4959],[123.3805,13.4872],[123.3903,13.4854],[123.4012,13.4679],[123.389,13.4516],[123.3847,13.426],[123.3803,13.4214],[123.3898,13.4169]]]]}},{"type":"Feature","properties":{"name":"Agno Watershed","region":"CAR","hectares":124041,"basin":"agno"},"geometry":{"type":"MultiPolygon","coordinates":[[[[120.7485,16.2034],[120.7517,16.2081],[120.7456,16.2188],[120.7431,16.2323],[120.752,16.2551],[120.7623,16.2687],[120.7675,16.2702],[120.7692,16.2845],[120.7874,16.3042],[120.7925,16.3167],[120.8326,16.3256],[120.8353,16.3409],[120.8544,16.3543],[120.8554,16.3649],[120.8632,16.3712],[120.862,16.3772],[120.8672,16.3779],[120.869,16.3849],[120.875,16.3889],[120.8816,16.4013],[120.8791,16.4193],[120.8928,16.4438],[120.8891,16.4662],[120.8929,16.4724],[120.8876,16.4849],[120.8851,16.504],[120.9007,16.5209],[120.9072,16.5599],[120.9039,16.5715],[120.8996,16.5756],[120.9101,16.5864],[120.9044,16.5975],[120.9099,16.6062],[120.906,16.6354],[120.8998,16.6399],[120.8942,16.6397],[120.8944,16.6423],[120.8866,16.6447],[120.8822,16.6498],[120.8878,16.6632],[120.8859,16.6924],[120.8883,16.6946],[120.8839,16.6981],[120.881,16.7126],[120.8786,16.7158],[120.8728,16.7155],[120.8694,16.7219],[120.8799,16.7358],[120.9074,16.7473],[120.9058,16.7529],[120.9104,16.7882],[120.9056,16.7958],[120.9076,16.7997],[120.904,16.8074],[120.9082,16.8215],[120.9075,16.8275],[120.9011,16.8275],[120.8932,16.8335],[120.8879,16.8297],[120.8766,16.8293],[120.8729,16.8466],[120.865,16.8515],[120.8604,16.8517],[120.8596,16.8457],[120.8482,16.8415],[120.8395,16.8285],[120.8343,16.8265],[120.8215,16.8062],[120.8202,16.7937],[120.8085,16.7709],[120.809,16.7588],[120.7994,16.7535],[120.7984,16.7335],[120.7822,16.7229],[120.7674,16.7235],[120.7613,16.7185],[120.7653,16.7096],[120.7712,16.7063],[120.7724,16.6996],[120.7832,16.6963],[120.7821,16.6843],[120.785,16.6753],[120.7806,16.6679],[120.7861,16.6556],[120.7705,16.6512],[120.7631,16.6342],[120.7638,16.6241],[120.7574,16.6198],[120.765,16.614],[120.7603,16.5885],[120.7424,16.5717],[120.736,16.5697],[120.7271,16.5498],[120.7083,16.5448],[120.7079,16.5401],[120.7014,16.5333],[120.7041,16.528],[120.6921,16.5207],[120.6901,16.5086],[120.685,16.5034],[120.6732,16.4978],[120.6635,16.503],[120.6455,16.4945],[120.6386,16.4813],[120.6225,16.4647],[120.6179,16.4555],[120.6192,16.4467],[120.6268,16.4372],[120.6226,16.4334],[120.6228,16.4253],[120.6295,16.4171],[120.6126,16.4134],[120.6221,16.3843],[120.619,16.3815],[120.6276,16.3776],[120.6301,16.3731],[120.634,16.3576],[120.6336,16.3438],[120.64,16.3344],[120.6481,16.3328],[120.6496,16.3185],[120.6473,16.3066],[120.6317,16.2917],[120.6298,16.2823],[120.6174,16.2646],[120.6351,16.2538],[120.6507,16.2271],[120.6467,16.2157],[120.6541,16.2008],[120.653,16.1893],[120.6594,16.1831],[120.6604,16.1756],[120.6692,16.1688],[120.6647,16.1648],[120.6638,16.148],[120.6798,16.1332],[120.6887,16.1429],[120.6937,16.1417],[120.7044,16.1489],[120.7093,16.1477],[120.7172,16.1558],[120.7176,16.1703],[120.7212,16.1775],[120.7193,16.1808],[120.7244,16.1827],[120.728,16.1888],[120.7437,16.1923],[120.7495,16.1973],[120.7485,16.2034]]]]}},{"type":"Feature","properties":{"name":"Magat Watershed","region":"Region-2","hectares":440684,"basin":"cagayan"},"geometry":{"type":"MultiPolygon","coordinates":[[[[120.8974,16.1226],[120.907,16.1234],[120.9139,16.1404],[120.919,16.14],[120.9267,16.1338],[120.9421,16.1336],[120.9465,16.1266],[120.9599,16.123],[120.9606,16.119],[120.9721,16.1138],[120.9844,16.1299],[120.9847,16.1386],[120.9922,16.1429],[121.0154,16.1268],[121.0248,16.1278],[121.0342,16.1341],[121.042,16.1324],[121.0505,16.1246],[121.0725,16.1341],[121.0997,16.1308],[121.1081,16.1451],[121.1212,16.1544],[121.1273,16.1641],[121.1395,16.169],[121.1441,16.1753],[121.1437,16.1802],[121.1568,16.1766],[121.1671,16.1795],[121.176,16.1886],[121.1777,16.2071],[121.1886,16.2153],[121.1889,16.2363],[121.1975,16.2404],[121.2079,16.2316],[121.2254,16.2387],[121.2329,16.2495],[121.2319,16.2547],[121.2216,16.2589],[121.2257,16.2701],[121.2216,16.2782],[121.2255,16.2817],[121.224,16.2946],[121.2263,16.3033],[121.2328,16.3088],[121.2126,16.3387],[121.2107,16.355],[121.214,16.3685],[121.21,16.3783],[121.2199,16.3847],[121.2308,16.3868],[121.2306,16.3932],[121.2348,16.3977],[121.2339,16.4054],[121.2412,16.4044],[121.2438,16.4085],[121.2469,16.4028],[121.2533,16.4009],[121.2533,16.388],[121.2618,16.3837],[121.2702,16.3721],[121.28,16.3763],[121.2861,16.3739],[121.292,16.3676],[121.292,16.3626],[121.3139,16.3495],[121.3298,16.3673],[121.3399,16.3696],[121.3498,16.389],[121.3466,16.3966],[121.3584,16.4048],[121.3578,16.4168],[121.376,16.4291],[121.374,16.4376],[121.376,16.4537],[121.3685,16.4601],[121.3649,16.4578],[121.3605,16.46],[121.3596,16.4687],[121.3507,16.4793],[121.3594,16.4875],[121.3502,16.4967],[121.3484,16.5051],[121.3531,16.5072],[121.3604,16.52],[121.3693,16.5253],[121.3738,16.5386],[121.3688,16.5474],[121.3766,16.5569],[121.3759,16.5606],[121.3835,16.5667],[121.3821,16.5738],[121.3894,16.5932],[121.3879,16.5987],[121.4016,16.6028],[121.4057,16.6087],[121.4039,16.6138],[121.4062,16.6203],[121.396,16.6262],[121.3927,16.6489],[121.3891,16.6541],[121.3921,16.6583],[121.3897,16.6698],[121.3937,16.6737],[121.4018,16.672],[121.4052,16.6787],[121.4166,16.6755],[121.4224,16.6789],[121.4263,16.6897],[121.4322,16.6935],[121.4301,16.7045],[121.4357,16.7124],[121.4413,16.7136],[121.4534,16.7242],[121.4641,16.7271],[121.4825,16.7208],[121.489,16.7233],[121.4962,16.7319],[121.499,16.7413],[121.4961,16.7448],[121.4956,16.7668],[121.4917,16.7784],[121.4973,16.802],[121.4886,16.8098],[121.4867,16.8182],[121.4906,16.8318],[121.5035,16.8327],[121.5049,16.8387],[121.4921,16.854],[121.4893,16.8472],[121.4806,16.8431],[121.4594,16.844],[121.451,16.8389],[121.443,16.8465],[121.4426,16.857],[121.4273,16.8555],[121.4211,16.86],[121.4106,16.8613],[121.3933,16.8567],[121.3902,16.8521],[121.3775,16.8467],[121.3762,16.8406],[121.3714,16.841],[121.3719,16.8351],[121.3647,16.8357],[121.3589,16.8309],[121.3486,16.8297],[121.3459,16.8211],[121.3385,16.8197],[121.3341,16.8244],[121.321,16.8219],[121.3194,16.8116],[121.3115,16.8139],[121.3099,16.8047],[121.3021,16.8045],[121.2963,16.8095],[121.3029,16.8261],[121.3124,16.8336],[121.313,16.8402],[121.3184,16.8421],[121.3198,16.8501],[121.3158,16.8538],[121.3137,16.8659],[121.3171,16.8699],[121.3219,16.8687],[121.3375,16.8737],[121.3412,16.8785],[121.3378,16.8894],[121.3407,16.9059],[121.3364,16.9138],[121.3412,16.9207],[121.341,16.9325],[121.3459,16.9429],[121.3342,16.9643],[121.3443,16.9677],[121.3489,16.9808],[121.3478,16.9854],[121.3355,16.9957],[121.3326,17.0062],[121.3266,17.0074],[121.3161,17.0192],[121.2958,17.0216],[121.293,17.0311],[121.2848,17.0206],[121.2768,17.0262],[121.2673,17.0181],[121.2574,17.0185],[121.2551,17.0144],[121.2429,17.0163],[121.2145,17.0108],[121.2077,17.0055],[121.189,17.0104],[121.1821,17.0167],[121.1677,17.0107],[121.1485,17.0247],[121.1391,17.0247],[121.1372,17.016],[121.1333,17.0141],[121.1238,17.0174],[121.1079,17.0099],[121.0894,17.0087],[121.0854,17.0034],[121.0799,17.0033],[121.0781,16.9943],[121.0688,16.9819],[121.0631,16.9853],[121.0576,16.9842],[121.0586,16.9946],[121.0435,17.0091],[121.0367,17.0034],[121.0344,16.9816],[121.031,16.9798],[121.0265,16.9666],[121.0115,16.9547],[121.0125,16.9507],[121.0002,16.9313],[120.9761,16.9293],[120.9676,16.9142],[120.9682,16.9053],[120.9508,16.881],[120.9456,16.8791],[120.9469,16.866],[120.94,16.8544],[120.9413,16.8468],[120.9359,16.8509],[120.9245,16.8485],[120.915,16.8327],[120.9071,16.8264],[120.9075,16.815],[120.9039,16.8068],[120.9109,16.7795],[120.9078,16.7741],[120.9092,16.7597],[120.9055,16.754],[120.9076,16.7475],[120.8791,16.735],[120.869,16.7223],[120.8727,16.7154],[120.8814,16.7127],[120.8837,16.6982],[120.8882,16.695],[120.8879,16.6646],[120.8824,16.65],[120.8876,16.6437],[120.8941,16.6424],[120.8944,16.6391],[120.8994,16.6402],[120.9052,16.6363],[120.9103,16.6074],[120.9046,16.5983],[120.9101,16.5873],[120.8994,16.5762],[120.9072,16.5602],[120.9007,16.5203],[120.8851,16.5045],[120.8878,16.4831],[120.8932,16.4725],[120.8896,16.466],[120.893,16.4427],[120.8792,16.4186],[120.8824,16.4041],[120.8804,16.4001],[120.8901,16.3947],[120.8968,16.3787],[120.9024,16.3785],[120.9013,16.3625],[120.9093,16.3521],[120.9039,16.334],[120.9015,16.3059],[120.909,16.3016],[120.9111,16.2903],[120.896,16.2742],[120.8955,16.2631],[120.8887,16.2438],[120.8839,16.2377],[120.8833,16.231],[120.8797,16.2292],[120.8833,16.2192],[120.8811,16.2118],[120.8832,16.2008],[120.8679,16.1892],[120.8676,16.1798],[120.8647,16.178],[120.8692,16.1747],[120.8632,16.1695],[120.8737,16.159],[120.8771,16.1409],[120.8812,16.135],[120.8974,16.1226]]]]}},{"type":"Feature","properties":{"name":"Bawa Watershed","region":"Region-2","hectares":10760,"basin":null},"geometry":{"type":"MultiPolygon","coordinates":[[[[122.1084,18.2813],[122.1062,18.2576],[122.1109,18.2336],[122.1049,18.2267],[122.1055,18.2182],[122.1115,18.2133],[122.1202,18.2166],[122.1241,18.201],[122.1326,18.1886],[122.1372,18.1879],[122.1468,18.196],[122.152,18.1932],[122.1611,18.1954],[122.1609,18.2051],[122.1672,18.2048],[122.1771,18.2102],[122.1805,18.2188],[122.1818,18.2241],[122.1759,18.2261],[122.1751,18.2335],[122.1892,18.2423],[122.1921,18.2483],[122.1828,18.2505],[122.1864,18.257],[122.1801,18.2713],[122.1811,18.2853],[122.1712,18.2909],[122.1684,18.3034],[122.1605,18.3035],[122.1519,18.3178],[122.1399,18.3245],[122.1382,18.3318],[122.126,18.346],[122.1068,18.3496],[122.0891,18.3597],[122.0836,18.358],[122.0907,18.3436],[122.114,18.3173],[122.1147,18.3112],[122.1072,18.2882],[122.1084,18.2813]]]]}},{"type":"Feature","properties":{"name":"Caulaman watershed","region":"Region-3","hectares":8662,"basin":"pampanga"},"geometry":{"type":"MultiPolygon","coordinates":[[[[120.4593,15.0224],[120.4502,15.0223],[120.429,15.0084],[120.4229,15.0106],[120.4052,14.9992],[120.3967,14.9978],[120.3936,14.9929],[120.3866,14.9942],[120.3786,14.9879],[120.3706,14.9873],[120.3661,14.97],[120.3602,14.9634],[120.3561,14.951],[120.3733,14.9389],[120.3698,14.9216],[120.3942,14.9253],[120.3984,14.9321],[120.4235,14.9334],[120.4488,14.9477],[120.4696,14.9521],[120.4719,14.9596],[120.4688,14.9684],[120.4706,14.9917],[120.4659,14.9995],[120.4672,15.0119],[120.4593,15.0224]]]]}},{"type":"Feature","properties":{"name":"Cabaluan watershed","region":"Region-3","hectares":12426,"basin":null},"geometry":{"type":"MultiPolygon","coordinates":[[[[120.0909,15.7948],[120.0869,15.797],[120.0793,15.7939],[120.076,15.799],[120.0688,15.8017],[120.0579,15.7934],[120.0431,15.7917],[120.0411,15.7827],[120.0368,15.7793],[120.0388,15.7719],[120.0335,15.7611],[120.0346,15.7519],[120.0217,15.7429],[120.006,15.7531],[120.0019,15.7463],[119.986,15.7466],[119.9835,15.741],[119.9664,15.737],[119.9623,15.723],[119.9669,15.7103],[119.9725,15.7115],[119.974,15.7067],[119.9821,15.7006],[119.9914,15.6988],[119.9987,15.691],[120.0189,15.6987],[120.0235,15.689],[120.0388,15.7025],[120.0486,15.7048],[120.0506,15.7108],[120.0591,15.7136],[120.0628,15.7181],[120.0885,15.7104],[120.0957,15.7146],[120.1057,15.7293],[120.1394,15.7478],[120.1321,15.7624],[120.1329,15.7742],[120.1291,15.781],[120.1172,15.7861],[120.115,15.7975],[120.0937,15.7913],[120.0909,15.7948]]]]}},{"type":"Feature","properties":{"name":"Pinulot watershed","region":"Region-3","hectares":7827,"basin":null},"geometry":{"type":"MultiPolygon","coordinates":[[[[120.3531,14.8828],[120.3467,14.8683],[120.3508,14.8567],[120.3437,14.8501],[120.3455,14.8462],[120.3422,14.8439],[120.3494,14.8259],[120.3643,14.8104],[120.3608,14.8044],[120.366,14.7947],[120.3581,14.7885],[120.3627,14.76],[120.3832,14.7489],[120.389,14.7698],[120.3988,14.781],[120.4032,14.7933],[120.4082,14.8219],[120.4073,14.8332],[120.4128,14.8423],[120.4121,14.8497],[120.4041,14.8527],[120.3921,14.8634],[120.3839,14.8794],[120.381,14.9013],[120.3831,14.9102],[120.3713,14.9181],[120.3571,14.9132],[120.3595,14.9092],[120.3534,14.8987],[120.3531,14.8828]]]]}},{"type":"Feature","properties":{"name":"Camiling watershed","region":"Region-3","hectares":24379,"basin":"agno"},"geometry":{"type":"MultiPolygon","coordinates":[[[[120.2516,15.4635],[120.2555,15.4855],[120.2616,15.487],[120.2659,15.4956],[120.2749,15.4999],[120.2759,15.5111],[120.2906,15.5124],[120.3064,15.5212],[120.318,15.5165],[120.3268,15.5183],[120.3287,15.5152],[120.3379,15.5211],[120.3438,15.5201],[120.3425,15.5286],[120.3469,15.5338],[120.3423,15.5446],[120.3421,15.5583],[120.3372,15.567],[120.3242,15.5652],[120.312,15.568],[120.3018,15.5917],[120.2763,15.6159],[120.2689,15.6168],[120.2635,15.629],[120.2369,15.6313],[120.2322,15.6373],[120.2156,15.6466],[120.2019,15.6359],[120.1933,15.6364],[120.17,15.629],[120.1626,15.6197],[120.1645,15.6093],[120.1707,15.6051],[120.1769,15.6055],[120.1839,15.5985],[120.1846,15.5792],[120.1782,15.5724],[120.1776,15.5652],[120.186,15.5574],[120.1855,15.55],[120.194,15.5445],[120.2014,15.526],[120.1907,15.5103],[120.2006,15.4929],[120.1926,15.4827],[120.1821,15.4767],[120.1795,15.4544],[120.1704,15.4558],[120.1605,15.4492],[120.1703,15.434],[120.1907,15.4345],[120.213,15.4534],[120.223,15.4543],[120.2294,15.4499],[120.2516,15.4635]]]]}},{"type":"Feature","properties":{"name":"Maasim watershed","region":"Region-3","hectares":17585,"basin":"pampanga"},"geometry":{"type":"MultiPolygon","coordinates":[[[[120.8701,15.0345],[120.8773,15.0273],[120.8957,15.0238],[120.9061,15.0182],[120.9112,15.0127],[120.9132,15.0005],[120.919,14.9968],[120.9399,15.01],[120.9636,15.0052],[120.9732,14.9965],[120.9871,14.9904],[120.9989,14.9934],[121.0046,14.9908],[121.0149,14.9919],[121.0201,14.9825],[121.0269,14.9792],[121.0494,14.9961],[121.0644,14.9813],[121.0791,14.9777],[121.0921,14.9702],[121.1059,14.9796],[121.1135,14.9785],[121.1257,14.9861],[121.1375,15.0095],[121.1318,15.0153],[121.1314,15.0239],[121.137,15.0365],[121.1433,15.0385],[121.1475,15.0449],[121.1441,15.0593],[121.1358,15.0548],[121.1312,15.0596],[121.118,15.0638],[121.1162,15.0686],[121.1035,15.0643],[121.0992,15.0554],[121.0888,15.0514],[121.0862,15.055],[121.0784,15.0561],[121.0686,15.0511],[121.0599,15.0524],[121.057,15.0498],[121.0337,15.0553],[121.0146,15.0499],[121.0037,15.0522],[120.9946,15.0452],[120.9725,15.0393],[120.9487,15.0466],[120.9068,15.0509],[120.8812,15.0445],[120.8716,15.0391],[120.8701,15.0345]]]]}},{"type":"Feature","properties":{"name":"Angat watershed","region":"Region-3","hectares":54354,"basin":"pampanga"},"geometry":{"type":"MultiPolygon","coordinates":[[[[121.3147,15.1718],[121.3074,15.1938],[121.3003,15.196],[121.294,15.1929],[121.2878,15.2012],[121.2826,15.2007],[121.2818,15.1812],[121.2752,15.172],[121.2667,15.1745],[121.258,15.1689],[121.2572,15.1488],[121.2483,15.1358],[121.236,15.1369],[121.2327,15.145],[121.2268,15.1497],[121.2188,15.1489],[121.2148,15.1337],[121.2056,15.1364],[121.192,15.1277],[121.1853,15.1373],[121.181,15.1351],[121.1831,15.1125],[121.1755,15.1039],[121.1656,15.1057],[121.1539,15.0997],[121.156,15.0735],[121.1469,15.0693],[121.1437,15.0635],[121.1475,15.0449],[121.1542,15.0506],[121.1616,15.0439],[121.1625,15.0289],[121.1726,15.0081],[121.1698,15.0026],[121.1766,14.9845],[121.1751,14.9736],[121.1798,14.969],[121.1726,14.9563],[121.1724,14.9444],[121.1576,14.9271],[121.1546,14.9098],[121.1636,14.9107],[121.1808,14.9042],[121.1942,14.9077],[121.2027,14.9012],[121.2119,14.9024],[121.2169,14.8999],[121.2238,14.8797],[121.2215,14.8698],[121.2258,14.851],[121.2373,14.8404],[121.2322,14.8286],[121.2479,14.8231],[121.2568,14.8242],[121.2677,14.8338],[121.2759,14.8305],[121.2903,14.8308],[121.3006,14.8361],[121.3031,14.8293],[121.3076,14.8292],[121.3101,14.8368],[121.3181,14.8403],[121.3111,14.8519],[121.3157,14.859],[121.3191,14.8807],[121.3128,14.8794],[121.3063,14.8882],[121.3075,14.8939],[121.3142,14.8986],[121.3011,14.9109],[121.2996,14.9166],[121.3051,14.9393],[121.3122,14.9404],[121.3177,14.9503],[121.3277,14.9547],[121.3248,14.9603],[121.3281,14.9704],[121.326,14.9854],[121.3292,15.0007],[121.3055,15.0064],[121.2992,15.0215],[121.301,15.027],[121.3167,15.0302],[121.3204,15.0365],[121.3174,15.0434],[121.3221,15.0535],[121.3212,15.0652],[121.3236,15.0706],[121.3281,15.0721],[121.3288,15.0846],[121.3261,15.0878],[121.3331,15.1076],[121.3305,15.1348],[121.3361,15.139],[121.3331,15.1459],[121.3366,15.1557],[121.3194,15.1603],[121.3147,15.1718]]]]}},{"type":"Feature","properties":{"name":"Angat-Ipo watershed","region":"Region-3","hectares":7238,"basin":"pampanga"},"geometry":{"type":"MultiPolygon","coordinates":[[[[121.1793,14.9044],[121.1636,14.9107],[121.1546,14.9098],[121.1571,14.9001],[121.1507,14.897],[121.1505,14.8802],[121.144,14.8609],[121.1503,14.8565],[121.1499,14.8383],[121.1627,14.8368],[121.1666,14.8281],[121.1829,14.8256],[121.1968,14.8192],[121.2083,14.8174],[121.2161,14.822],[121.2215,14.8191],[121.2324,14.8289],[121.2373,14.8404],[121.2258,14.851],[121.2215,14.8698],[121.2238,14.8797],[121.2169,14.8999],[121.2119,14.9024],[121.2027,14.9012],[121.1942,14.9077],[121.1793,14.9044]]]]}},{"type":"Feature","properties":{"name":"Pantabangan watershed","region":"Region-3","hectares":96844,"basin":"pampanga"},"geometry":{"type":"MultiPolygon","coordinates":[[[[121.0102,15.9939],[121.0169,15.9836],[121.0164,15.978],[121.0403,15.9491],[121.0301,15.9385],[121.0242,15.9243],[121.0285,15.9143],[121.0252,15.9081],[121.0318,15.8929],[121.0472,15.8796],[121.0622,15.8731],[121.0704,15.8609],[121.0683,15.8438],[121.0648,15.8397],[121.0685,15.8273],[121.0674,15.8045],[121.0708,15.7934],[121.0751,15.7903],[121.0759,15.7703],[121.0831,15.7592],[121.0812,15.7458],[121.0869,15.735],[121.0977,15.7275],[121.105,15.729],[121.114,15.7603],[121.1223,15.7632],[121.1273,15.77],[121.1248,15.7848],[121.1283,15.792],[121.1331,15.797],[121.1412,15.7987],[121.15,15.7955],[121.1528,15.7911],[121.1807,15.7931],[121.1914,15.7893],[121.2016,15.7735],[121.1981,15.7599],[121.2064,15.756],[121.2072,15.7492],[121.2177,15.737],[121.2169,15.7237],[121.2196,15.7187],[121.2322,15.7106],[121.2479,15.7121],[121.2519,15.7063],[121.2632,15.7132],[121.2682,15.7229],[121.2775,15.7192],[121.2849,15.7237],[121.2854,15.7334],[121.2895,15.7397],[121.2826,15.7475],[121.3009,15.7552],[121.3051,15.7602],[121.306,15.7774],[121.3033,15.7829],[121.3221,15.7903],[121.344,15.7844],[121.3477,15.7882],[121.3478,15.7954],[121.3712,15.8039],[121.37,15.8161],[121.3758,15.8273],[121.3797,15.8283],[121.3789,15.843],[121.3855,15.8511],[121.382,15.8576],[121.3824,15.8672],[121.3783,15.8699],[121.3747,15.881],[121.3517,15.8745],[121.3429,15.8673],[121.3241,15.8719],[121.3167,15.867],[121.2947,15.8862],[121.2921,15.8975],[121.2808,15.9088],[121.2689,15.9116],[121.2554,15.9226],[121.2479,15.9358],[121.2371,15.9409],[121.2301,15.9395],[121.2288,15.9656],[121.2238,15.9766],[121.2091,15.9816],[121.2045,15.9903],[121.1898,15.9908],[121.1802,15.998],[121.1878,16.0137],[121.1809,16.0216],[121.18,16.0325],[121.1743,16.0374],[121.1823,16.05],[121.1773,16.0546],[121.1815,16.0637],[121.1706,16.0681],[121.1645,16.0781],[121.149,16.0919],[121.1284,16.0898],[121.123,16.0955],[121.1093,16.0993],[121.1078,16.1224],[121.101,16.1331],[121.0925,16.1305],[121.0729,16.1342],[121.0516,16.1232],[121.042,16.1323],[121.0342,16.1341],[121.0243,16.1278],[121.0115,16.1287],[121.0132,16.1253],[121.0107,16.1186],[121.0156,16.1126],[120.9963,16.0602],[121.0006,16.0521],[121.0085,16.0474],[121.0105,16.0326],[121.0038,16.0252],[121.001,16.0156],[121.0037,16.0021],[121.0102,15.9939]]]]}},{"type":"Feature","properties":{"name":"Bucao watershed","region":"Region-3","hectares":61825,"basin":null},"geometry":{"type":"MultiPolygon","coordinates":[[[[120.3558,15.1426],[120.352,15.1452],[120.343,15.1677],[120.3421,15.1965],[120.3459,15.2193],[120.3434,15.227],[120.3385,15.2325],[120.3289,15.2343],[120.3153,15.2709],[120.3032,15.2828],[120.2954,15.2834],[120.2985,15.291],[120.2887,15.2994],[120.2855,15.3114],[120.2908,15.3303],[120.2889,15.3336],[120.2951,15.3461],[120.2911,15.3562],[120.2846,15.3608],[120.2785,15.3576],[120.262,15.3608],[120.2552,15.3717],[120.2374,15.38],[120.2237,15.391],[120.2154,15.3941],[120.1975,15.3905],[120.1889,15.3946],[120.1847,15.3934],[120.1753,15.4009],[120.1684,15.3915],[120.1695,15.3648],[120.1456,15.3612],[120.1277,15.3659],[120.1172,15.365],[120.1194,15.3531],[120.1139,15.3429],[120.106,15.3353],[120.0936,15.3314],[120.0955,15.3241],[120.0894,15.3163],[120.085,15.3014],[120.0843,15.2872],[120.0875,15.2837],[120.0833,15.2805],[120.0828,15.2732],[120.0986,15.2624],[120.105,15.2619],[120.1047,15.252],[120.0966,15.2402],[120.1002,15.2312],[120.1074,15.2209],[120.1195,15.2143],[120.1279,15.2133],[120.1412,15.2044],[120.145,15.1974],[120.1454,15.1824],[120.1628,15.1679],[120.174,15.163],[120.1776,15.1421],[120.2056,15.1367],[120.2181,15.1186],[120.2187,15.1117],[120.2387,15.092],[120.2649,15.094],[120.2763,15.0858],[120.2832,15.0932],[120.2892,15.0944],[120.2949,15.1013],[120.3155,15.1135],[120.3186,15.1201],[120.3319,15.1317],[120.3426,15.1369],[120.3556,15.137],[120.3558,15.1426]]]]}},{"type":"Feature","properties":{"name":"Peñarada watershed","region":"Region-3","hectares":51266,"basin":"pampanga"},"geometry":{"type":"MultiPolygon","coordinates":[[[[121.3158,15.1714],[121.3199,15.1785],[121.3188,15.1851],[121.3231,15.1903],[121.3175,15.2031],[121.3074,15.2117],[121.3082,15.219],[121.3025,15.2279],[121.3123,15.2314],[121.3199,15.2293],[121.324,15.2386],[121.3207,15.247],[121.3233,15.2637],[121.3163,15.2834],[121.3171,15.2889],[121.3118,15.2918],[121.3161,15.296],[121.3111,15.3],[121.311,15.3119],[121.2992,15.3176],[121.2954,15.3273],[121.2855,15.3387],[121.2785,15.3406],[121.2677,15.338],[121.2651,15.3475],[121.2594,15.3525],[121.2538,15.3653],[121.2525,15.3789],[121.2449,15.3908],[121.2495,15.3973],[121.2484,15.4031],[121.2422,15.4088],[121.2382,15.4191],[121.2285,15.4247],[121.2247,15.4324],[121.2141,15.4288],[121.2116,15.4223],[121.2142,15.3981],[121.2038,15.3975],[121.1975,15.403],[121.1857,15.4016],[121.1865,15.3864],[121.1794,15.3889],[121.1763,15.3825],[121.1687,15.3844],[121.1638,15.3755],[121.153,15.3684],[121.1228,15.3704],[121.1207,15.3766],[121.1107,15.3823],[121.0922,15.3836],[121.085,15.3894],[121.0678,15.3786],[121.063,15.3726],[121.0628,15.3659],[121.0497,15.3542],[121.0091,15.3481],[121.0123,15.3363],[121.0363,15.3233],[121.0388,15.3066],[121.0496,15.2914],[121.0701,15.2868],[121.1008,15.2955],[121.1087,15.2871],[121.1091,15.2764],[121.1215,15.2691],[121.1255,15.2768],[121.1397,15.2863],[121.148,15.2782],[121.1542,15.2859],[121.1674,15.2804],[121.1751,15.2541],[121.1702,15.2329],[121.1706,15.221],[121.1794,15.2047],[121.1774,15.1977],[121.1803,15.1817],[121.1758,15.163],[121.1836,15.1374],[121.192,15.1277],[121.2056,15.1364],[121.2148,15.1337],[121.2191,15.1493],[121.2285,15.1489],[121.236,15.1369],[121.2483,15.1358],[121.2572,15.1488],[121.258,15.1689],[121.2667,15.1745],[121.2752,15.172],[121.2818,15.1812],[121.2826,15.2007],[121.2878,15.2012],[121.294,15.1929],[121.3003,15.196],[121.3074,15.1938],[121.3158,15.1714]]]]}},{"type":"Feature","properties":{"name":"Coronel watershed","region":"Region-3","hectares":70364,"basin":"pampanga"},"geometry":{"type":"MultiPolygon","coordinates":[[[[121.1289,15.561],[121.1343,15.5544],[121.1327,15.5224],[121.1385,15.4892],[121.1492,15.4837],[121.1587,15.4843],[121.1634,15.4704],[121.167,15.4679],[121.175,15.4719],[121.1835,15.4857],[121.1822,15.4902],[121.1859,15.4965],[121.1986,15.5047],[121.2015,15.5031],[121.2079,15.4931],[121.2089,15.4778],[121.2059,15.4642],[121.202,15.4602],[121.2097,15.4443],[121.2101,15.4335],[121.2141,15.4288],[121.2247,15.4324],[121.2285,15.4247],[121.2384,15.4187],[121.2422,15.4088],[121.2484,15.4031],[121.2495,15.3973],[121.2449,15.3908],[121.2525,15.3789],[121.2522,15.3714],[121.2585,15.354],[121.2651,15.3475],[121.2683,15.3374],[121.2785,15.3406],[121.2855,15.3387],[121.2954,15.3273],[121.2992,15.3176],[121.311,15.3119],[121.3111,15.3],[121.3161,15.296],[121.3118,15.2918],[121.3171,15.2889],[121.3211,15.2704],[121.3267,15.2778],[121.328,15.2864],[121.3356,15.2898],[121.3348,15.2943],[121.3425,15.3126],[121.3493,15.3164],[121.3536,15.3149],[121.3527,15.3234],[121.3571,15.3389],[121.3653,15.3446],[121.3596,15.355],[121.363,15.385],[121.3558,15.4114],[121.3496,15.4181],[121.3607,15.4209],[121.3672,15.4351],[121.3807,15.4387],[121.3856,15.4474],[121.3932,15.4493],[121.3956,15.4646],[121.402,15.4669],[121.4039,15.4808],[121.4103,15.4893],[121.4117,15.5022],[121.4092,15.5099],[121.4209,15.5228],[121.426,15.5342],[121.426,15.5425],[121.4346,15.5542],[121.4324,15.5606],[121.4357,15.566],[121.4348,15.5722],[121.4272,15.5759],[121.4224,15.5873],[121.4037,15.5925],[121.4006,15.6033],[121.3829,15.6192],[121.3712,15.6167],[121.3629,15.6195],[121.3579,15.6041],[121.3368,15.6064],[121.325,15.5923],[121.3106,15.5893],[121.3063,15.583],[121.2934,15.5828],[121.2839,15.5909],[121.2732,15.6074],[121.2609,15.6061],[121.2585,15.6167],[121.2507,15.6201],[121.2419,15.6325],[121.2296,15.6309],[121.2113,15.6338],[121.2067,15.6247],[121.1994,15.625],[121.1753,15.6404],[121.1315,15.6056],[121.1274,15.5928],[121.1285,15.5784],[121.1361,15.5722],[121.1348,15.566],[121.1289,15.561]]]]}},{"type":"Feature","properties":{"name":"Sto.Tomas watershed","region":"Region-3","hectares":18424,"basin":null},"geometry":{"type":"MultiPolygon","coordinates":[[[[120.247,14.9993],[120.2568,14.9908],[120.2655,14.9707],[120.2833,14.9598],[120.2838,14.9517],[120.2875,14.9507],[120.2858,14.9402],[120.3181,14.9387],[120.3242,14.9315],[120.3302,14.9309],[120.336,14.9412],[120.3483,14.9512],[120.3566,14.9533],[120.3602,14.9634],[120.3646,14.9662],[120.3673,14.9816],[120.3719,14.988],[120.3489,14.9979],[120.3452,15.006],[120.3474,15.0213],[120.3411,15.0282],[120.3514,15.0327],[120.3508,15.0415],[120.3567,15.0485],[120.3541,15.0662],[120.3591,15.072],[120.3557,15.0745],[120.3567,15.081],[120.371,15.099],[120.3706,15.1075],[120.3656,15.117],[120.3652,15.1245],[120.3691,15.1271],[120.357,15.1371],[120.3426,15.1369],[120.3319,15.1317],[120.3186,15.1201],[120.3155,15.1135],[120.2946,15.1011],[120.2877,15.0718],[120.2815,15.0685],[120.2606,15.0352],[120.2558,15.0052],[120.2483,15.0057],[120.247,14.9993]]]]}},{"type":"Feature","properties":{"name":"Tarlac River Watershed","region":"Region-3","hectares":86363,"basin":"agno"},"geometry":{"type":"MultiPolygon","coordinates":[[[[120.2516,15.4635],[120.2294,15.4499],[120.223,15.4543],[120.2137,15.4536],[120.2115,15.4498],[120.2041,15.4484],[120.2003,15.4413],[120.1911,15.4347],[120.1764,15.4324],[120.1787,15.4276],[120.1703,15.4148],[120.1712,15.409],[120.1753,15.4009],[120.1847,15.3934],[120.203,15.3902],[120.2154,15.3941],[120.2552,15.3717],[120.262,15.3608],[120.2785,15.3576],[120.2846,15.3608],[120.2916,15.3556],[120.2951,15.3461],[120.2889,15.3336],[120.2908,15.3303],[120.2855,15.3114],[120.2887,15.2994],[120.2985,15.291],[120.2954,15.2834],[120.3032,15.2828],[120.3153,15.2709],[120.3289,15.2343],[120.3385,15.2325],[120.3434,15.227],[120.3459,15.2193],[120.3421,15.1965],[120.343,15.1677],[120.352,15.1452],[120.3558,15.1426],[120.3574,15.1471],[120.3619,15.1464],[120.359,15.1568],[120.3637,15.162],[120.3768,15.1577],[120.3805,15.161],[120.386,15.1594],[120.3975,15.1679],[120.4162,15.1975],[120.4196,15.2203],[120.4252,15.2238],[120.4291,15.2336],[120.4352,15.2349],[120.4447,15.2458],[120.4538,15.2496],[120.4636,15.2805],[120.4678,15.2832],[120.4711,15.3041],[120.4837,15.3151],[120.4879,15.3242],[120.4924,15.3511],[120.4905,15.3624],[120.5185,15.3863],[120.5202,15.3908],[120.5367,15.3988],[120.5468,15.3966],[120.5584,15.4099],[120.5723,15.4186],[120.5712,15.4416],[120.5761,15.4491],[120.5766,15.4611],[120.5637,15.4686],[120.5475,15.4723],[120.5301,15.4705],[120.521,15.4806],[120.5193,15.4937],[120.5093,15.5049],[120.5015,15.5056],[120.4957,15.4985],[120.489,15.4978],[120.4857,15.4934],[120.4788,15.4949],[120.4721,15.49],[120.4607,15.4888],[120.4566,15.4931],[120.4472,15.4948],[120.4378,15.515],[120.4322,15.5171],[120.4271,15.5149],[120.4177,15.4988],[120.4048,15.4959],[120.3936,15.4888],[120.3827,15.4977],[120.3688,15.5003],[120.3577,15.5095],[120.35,15.5092],[120.3466,15.5181],[120.3379,15.5211],[120.3287,15.5152],[120.3268,15.5183],[120.318,15.5165],[120.3064,15.5212],[120.2906,15.5124],[120.2759,15.5111],[120.2749,15.4999],[120.2659,15.4956],[120.2616,15.487],[120.2555,15.4855],[120.2516,15.4635]]]]}},{"type":"Feature","properties":{"name":"Gumain watershed","region":"Region-3","hectares":14170,"basin":"pampanga"},"geometry":{"type":"MultiPolygon","coordinates":[[[[120.4659,14.9995],[120.4706,14.9917],[120.4695,14.9651],[120.4798,14.9469],[120.5032,14.9388],[120.5148,14.9418],[120.518,14.9486],[120.5057,14.9568],[120.4904,14.974],[120.4865,14.9852],[120.4923,14.9953],[120.4751,15.0223],[120.4661,15.0256],[120.4581,15.0384],[120.4511,15.043],[120.4467,15.0733],[120.4282,15.082],[120.4306,15.0866],[120.4286,15.0934],[120.4155,15.1096],[120.4083,15.1083],[120.3843,15.1128],[120.3832,15.1168],[120.3691,15.1271],[120.3659,15.1254],[120.371,15.099],[120.3567,15.081],[120.3557,15.0745],[120.3591,15.072],[120.3541,15.0662],[120.3567,15.0485],[120.3508,15.0415],[120.3514,15.0327],[120.3411,15.0282],[120.3474,15.0213],[120.3452,15.006],[120.3489,14.9979],[120.3719,14.988],[120.3786,14.9879],[120.3855,14.9938],[120.3936,14.9929],[120.3967,14.9978],[120.4052,14.9992],[120.4229,15.0106],[120.429,15.0084],[120.4482,15.0214],[120.4581,15.0238],[120.4672,15.0119],[120.4659,14.9995]]]]}},{"type":"Feature","properties":{"name":"Porac watershed","region":"Region-3","hectares":11811,"basin":"pampanga"},"geometry":{"type":"MultiPolygon","coordinates":[[[[120.4612,15.0342],[120.4908,15.0341],[120.5062,15.031],[120.5138,15.0265],[120.5166,15.0125],[120.5209,15.0064],[120.5373,15.0036],[120.5305,15.0241],[120.5361,15.0589],[120.5495,15.0682],[120.5495,15.0758],[120.5164,15.1206],[120.5006,15.1311],[120.4923,15.1259],[120.4741,15.1278],[120.4479,15.1204],[120.4068,15.1318],[120.4029,15.1121],[120.4083,15.1083],[120.4155,15.1096],[120.4286,15.0934],[120.4306,15.0866],[120.4282,15.082],[120.4467,15.0733],[120.4511,15.043],[120.4612,15.0342]]]]}},{"type":"Feature","properties":{"name":"Sibalom River Watershed","region":"Region-6","hectares":11585,"basin":null},"geometry":{"type":"MultiPolygon","coordinates":[[[[122.2436,10.8681],[122.247,10.856],[122.2519,10.8536],[122.2523,10.8494],[122.2661,10.847],[122.2732,10.8406],[122.2798,10.8407],[122.2832,10.8372],[122.3038,10.8356],[122.3193,10.8227],[122.3344,10.8267],[122.3426,10.8221],[122.3527,10.8035],[122.3635,10.7931],[122.3683,10.7813],[122.3675,10.7756],[122.3777,10.7696],[122.3785,10.7495],[122.3851,10.7494],[122.3975,10.7393],[122.403,10.7389],[122.4079,10.7447],[122.4111,10.7511],[122.4099,10.7574],[122.4048,10.7623],[122.402,10.7815],[122.4041,10.7934],[122.395,10.8045],[122.3992,10.8111],[122.4077,10.8158],[122.4102,10.83],[122.405,10.8434],[122.3964,10.8462],[122.3895,10.8577],[122.3844,10.8598],[122.3694,10.8572],[122.3548,10.8772],[122.3396,10.8827],[122.3219,10.8782],[122.3128,10.8712],[122.3038,10.8707],[122.2832,10.8739],[122.2607,10.8843],[122.2523,10.8822],[122.2436,10.8681]]]]}},{"type":"Feature","properties":{"name":"Aganan River Watershed","region":"Region-6","hectares":10099,"basin":null},"geometry":{"type":"MultiPolygon","coordinates":[[[[122.2593,10.884],[122.2832,10.8739],[122.3011,10.8708],[122.3128,10.8712],[122.3219,10.8782],[122.3396,10.8827],[122.3548,10.8772],[122.3673,10.8584],[122.3864,10.8593],[122.3964,10.8462],[122.405,10.8434],[122.4118,10.8238],[122.4241,10.8079],[122.4186,10.7959],[122.4263,10.7854],[122.4334,10.7871],[122.4413,10.7797],[122.4491,10.7766],[122.4509,10.7789],[122.4484,10.791],[122.4406,10.8026],[122.4461,10.8184],[122.4409,10.8208],[122.4392,10.8402],[122.4347,10.8458],[122.4352,10.8625],[122.4294,10.8672],[122.43,10.8714],[122.4248,10.8705],[122.42,10.8792],[122.4112,10.8846],[122.4067,10.8838],[122.4043,10.8891],[122.3968,10.8871],[122.3868,10.8893],[122.3769,10.9003],[122.3635,10.9005],[122.3592,10.9067],[122.3373,10.9155],[122.3349,10.9221],[122.3197,10.9207],[122.3115,10.9225],[122.3059,10.9293],[122.2971,10.9291],[122.2797,10.9138],[122.2718,10.9128],[122.2593,10.884]]]]}},{"type":"Feature","properties":{"name":"Tigum River Watershed","region":"Region-6","hectares":18935,"basin":null},"geometry":{"type":"MultiPolygon","coordinates":[[[[122.3059,10.9293],[122.3117,10.9224],[122.3349,10.9221],[122.3378,10.9152],[122.3416,10.916],[122.3458,10.9104],[122.3592,10.9067],[122.3635,10.9005],[122.3769,10.9003],[122.3874,10.8891],[122.4043,10.8891],[122.4067,10.8838],[122.4112,10.8846],[122.42,10.8792],[122.4248,10.8705],[122.4408,10.8741],[122.4661,10.8703],[122.476,10.8622],[122.4987,10.8632],[122.5183,10.849],[122.5282,10.8353],[122.5326,10.8336],[122.5355,10.837],[122.533,10.8431],[122.5372,10.8475],[122.5362,10.8518],[122.5292,10.8597],[122.5261,10.8726],[122.5123,10.8886],[122.5119,10.8986],[122.5037,10.9036],[122.5041,10.9169],[122.4885,10.934],[122.489,10.9439],[122.4716,10.9419],[122.4659,10.9478],[122.4488,10.9493],[122.4382,10.9457],[122.4343,10.9501],[122.426,10.95],[122.4232,10.9565],[122.4188,10.9544],[122.4089,10.9667],[122.3996,10.9681],[122.3855,10.9624],[122.3804,10.9679],[122.3698,10.9717],[122.364,10.9841],[122.3617,10.9849],[122.3525,10.9751],[122.3346,10.9879],[122.3253,10.9758],[122.3143,10.9784],[122.3015,10.9737],[122.2913,10.9609],[122.2966,10.9464],[122.3055,10.9371],[122.3059,10.9293]]]]}},{"type":"Feature","properties":{"name":"Mambusao River Watershed","region":"Region-6","hectares":31881,"basin":"panay"},"geometry":{"type":"MultiPolygon","coordinates":[[[[122.4149,11.4907],[122.4082,11.4865],[122.3984,11.4689],[122.4001,11.4561],[122.3924,11.4545],[122.3926,11.4456],[122.3768,11.4357],[122.3738,11.4189],[122.3836,11.4016],[122.3702,11.385],[122.3744,11.3766],[122.4078,11.354],[122.4155,11.3418],[122.4313,11.3324],[122.4347,11.3332],[122.4342,11.338],[122.4424,11.3483],[122.4499,11.3462],[122.4567,11.3334],[122.4624,11.3353],[122.465,11.3398],[122.47,11.3397],[122.479,11.351],[122.4958,11.3482],[122.5126,11.337],[122.5213,11.3404],[122.523,11.3455],[122.5287,11.3465],[122.5324,11.3408],[122.5402,11.3429],[122.5536,11.3368],[122.5607,11.323],[122.5689,11.3283],[122.5749,11.3379],[122.5751,11.3546],[122.5832,11.3648],[122.5798,11.3798],[122.5902,11.3976],[122.5852,11.3995],[122.581,11.4116],[122.5726,11.413],[122.5662,11.436],[122.5696,11.4424],[122.5694,11.4565],[122.5628,11.4598],[122.5605,11.4697],[122.5495,11.4699],[122.5514,11.4787],[122.545,11.4788],[122.5439,11.4882],[122.5219,11.5065],[122.5137,11.4983],[122.5199,11.4895],[122.513,11.4869],[122.5107,11.4812],[122.4942,11.4709],[122.489,11.4714],[122.4766,11.4815],[122.4703,11.479],[122.4698,11.4754],[122.4638,11.4757],[122.448,11.4784],[122.444,11.485],[122.4352,11.4859],[122.432,11.4826],[122.4149,11.4907]]]]}},{"type":"Feature","properties":{"name":"Barotac Viejo river watershed","region":"Region-6","hectares":8843,"basin":"jalaur"},"geometry":{"type":"MultiPolygon","coordinates":[[[[122.8833,11.1514],[122.8786,11.1388],[122.8729,11.1372],[122.8699,11.1322],[122.8645,11.1367],[122.8572,11.1311],[122.8518,11.1348],[122.8327,11.1374],[122.8186,11.1319],[122.818,11.1286],[122.8209,11.1244],[122.8404,11.1198],[122.8392,11.1083],[122.8447,11.1034],[122.8707,11.0968],[122.8735,11.0903],[122.8794,11.0883],[122.8804,11.0736],[122.8979,11.0656],[122.9144,11.078],[122.9143,11.0871],[122.9254,11.0892],[122.9307,11.0992],[122.9405,11.1006],[122.9464,11.1167],[122.9559,11.1139],[122.9595,11.1178],[122.9693,11.1149],[122.9788,11.1262],[122.9727,11.132],[122.96,11.1352],[122.9497,11.1472],[122.9394,11.1499],[122.9274,11.1581],[122.9067,11.1591],[122.8951,11.1685],[122.8843,11.1642],[122.8833,11.1514]]]]}},{"type":"Feature","properties":{"name":"Jalaur","region":"Region-6","hectares":127911,"basin":"jalaur"},"geometry":{"type":"MultiPolygon","coordinates":[[[[122.5806,10.9441],[122.586,10.9385],[122.5863,10.9304],[122.5913,10.9284],[122.6033,10.9387],[122.6122,10.9395],[122.6212,10.9337],[122.6545,10.9351],[122.6622,10.9303],[122.6774,10.9308],[122.6851,10.9468],[122.6928,10.9522],[122.6945,10.9616],[122.7019,10.9637],[122.7073,10.9714],[122.7216,10.9736],[122.7244,10.9797],[122.7296,11.0031],[122.7206,11.0103],[122.7246,11.0169],[122.7177,11.0304],[122.7275,11.0378],[122.726,11.0461],[122.7351,11.0506],[122.7366,11.0582],[122.7448,11.0622],[122.7351,11.0721],[122.7346,11.0841],[122.7477,11.0956],[122.752,11.0945],[122.7626,11.0991],[122.7657,11.108],[122.7724,11.1117],[122.7767,11.1199],[122.8039,11.116],[122.8186,11.1215],[122.8206,11.1245],[122.8183,11.1317],[122.8327,11.1374],[122.8518,11.1348],[122.8572,11.1311],[122.8645,11.1367],[122.8699,11.1322],[122.8729,11.1372],[122.8788,11.1391],[122.8834,11.1501],[122.884,11.1637],[122.8903,11.1687],[122.8844,11.1817],[122.8761,11.1868],[122.8617,11.1884],[122.8575,11.1938],[122.8509,11.1907],[122.8395,11.1928],[122.8203,11.1892],[122.8043,11.1905],[122.7939,11.2011],[122.792,11.209],[122.7806,11.2185],[122.7821,11.2285],[122.7515,11.2221],[122.7486,11.2288],[122.7381,11.2278],[122.7315,11.2328],[122.719,11.2173],[122.7002,11.2103],[122.6951,11.2127],[122.6973,11.2225],[122.6936,11.2279],[122.6784,11.2272],[122.6727,11.2302],[122.6609,11.2131],[122.6526,11.2226],[122.6434,11.2209],[122.6304,11.2288],[122.6268,11.2372],[122.6162,11.2408],[122.6223,11.2503],[122.61,11.2458],[122.6044,11.2309],[122.5923,11.225],[122.5903,11.2197],[122.578,11.2139],[122.5742,11.2075],[122.568,11.2075],[122.5486,11.1964],[122.5323,11.1944],[122.5138,11.1728],[122.5055,11.1707],[122.4958,11.1627],[122.4815,11.172],[122.4716,11.1848],[122.4747,11.1922],[122.4649,11.1997],[122.4562,11.2018],[122.4502,11.1995],[122.4483,11.2019],[122.4384,11.1965],[122.419,11.1982],[122.4042,11.1902],[122.3932,11.1954],[122.391,11.2067],[122.3865,11.2098],[122.3739,11.2079],[122.3563,11.2106],[122.3476,11.223],[122.3401,11.2189],[122.3278,11.2207],[122.326,11.2266],[122.3207,11.2296],[122.3111,11.2198],[122.3078,11.2056],[122.3034,11.1997],[122.3055,11.1862],[122.2963,11.1758],[122.2974,11.1661],[122.2908,11.1567],[122.2558,11.1519],[122.2536,11.1479],[122.2598,11.1402],[122.2675,11.1416],[122.2794,11.1357],[122.2863,11.1368],[122.2893,11.1327],[122.3019,11.1288],[122.3096,11.1303],[122.3215,11.1227],[122.3192,11.1023],[122.3152,11.1018],[122.3117,11.0916],[122.3064,11.0897],[122.3089,11.0708],[122.3033,11.0526],[122.3085,11.0419],[122.3212,11.0427],[122.3252,11.0345],[122.3346,11.0351],[122.3387,11.0305],[122.3416,11.0333],[122.3523,11.0314],[122.368,11.0356],[122.3701,11.0249],[122.3745,11.0222],[122.3934,11.0242],[122.4032,11.0327],[122.4271,11.0339],[122.4285,11.0309],[122.4402,11.0308],[122.4437,11.0217],[122.4519,11.0165],[122.4532,11.0099],[122.4728,11.0107],[122.4756,11.007],[122.4917,11.0018],[122.4975,11.007],[122.508,11.0007],[122.5127,11.0031],[122.5165,11.0008],[122.5184,11.0044],[122.5233,11.0005],[122.5332,11.0017],[122.5419,10.9943],[122.5579,10.9909],[122.5746,10.9771],[122.5806,10.9441]]]]}},{"type":"Feature","properties":{"name":"Jalaur-1","region":"Region-6","hectares":16954,"basin":"jalaur"},"geometry":{"type":"MultiPolygon","coordinates":[[[[122.3143,10.9784],[122.3253,10.9758],[122.3346,10.9879],[122.3535,10.975],[122.362,10.9849],[122.3698,10.9717],[122.3804,10.9679],[122.3849,10.9626],[122.3996,10.9681],[122.408,10.967],[122.4188,10.9544],[122.4232,10.9565],[122.426,10.95],[122.4343,10.9501],[122.4379,10.9458],[122.4479,10.9493],[122.4653,10.9479],[122.4722,10.9418],[122.48,10.9444],[122.492,10.9431],[122.5019,10.9498],[122.5061,10.9425],[122.5118,10.9417],[122.5145,10.9378],[122.5306,10.9386],[122.5449,10.9339],[122.5555,10.9238],[122.5681,10.9218],[122.5732,10.9223],[122.5868,10.9326],[122.586,10.9385],[122.5804,10.9443],[122.5734,10.9406],[122.5518,10.9422],[122.5467,10.947],[122.5452,10.9542],[122.5377,10.9515],[122.5263,10.9728],[122.4983,11.0067],[122.4935,11.0057],[122.4917,11.0018],[122.4756,11.007],[122.4728,11.0107],[122.4532,11.0099],[122.4519,11.0165],[122.4437,11.0217],[122.4402,11.0308],[122.4285,11.0309],[122.4271,11.0339],[122.4032,11.0327],[122.3934,11.0242],[122.3745,11.0222],[122.3701,11.0249],[122.368,11.0356],[122.3523,11.0314],[122.3416,11.0333],[122.3387,11.0305],[122.3346,11.0351],[122.3252,11.0345],[122.3212,11.0427],[122.3137,11.0404],[122.3186,11.0214],[122.3128,10.9982],[122.3143,10.9784]]]]}},{"type":"Feature","properties":{"name":"Jalaur-2","region":"Region-6","hectares":3070,"basin":"jalaur"},"geometry":{"type":"MultiPolygon","coordinates":[[[[122.5025,11.0037],[122.5263,10.9728],[122.5377,10.9515],[122.5452,10.9542],[122.5467,10.947],[122.5518,10.9422],[122.5734,10.9406],[122.5806,10.9441],[122.5746,10.9771],[122.5579,10.9909],[122.5419,10.9943],[122.5291,11.0028],[122.5233,11.0005],[122.5184,11.0044],[122.5165,11.0008],[122.5127,11.0031],[122.508,11.0007],[122.5025,11.0037]]]]}},{"type":"Feature","properties":{"name":"Pagiplan River Watershed","region":"Region-6","hectares":5284,"basin":null},"geometry":{"type":"MultiPolygon","coordinates":[[[[122.9498,10.1365],[122.9477,10.1316],[122.952,10.1163],[122.9595,10.111],[122.9732,10.1096],[122.9812,10.1012],[122.98,10.0839],[122.9839,10.066],[122.9829,10.0582],[122.9785,10.0559],[122.9798,10.0405],[122.9765,10.029],[122.9798,10.0216],[122.9901,10.0183],[122.9984,10.0097],[123.0158,10.0086],[123.0234,10.0123],[123.0335,10.0097],[123.0384,10.0196],[123.0364,10.0295],[123.0246,10.0468],[123.0273,10.0519],[123.0189,10.064],[123.0197,10.0789],[123.0091,10.081],[122.9974,10.1017],[122.982,10.1117],[122.9655,10.1291],[122.9498,10.1365]]]]}},{"type":"Feature","properties":{"name":"Ibajay River Watershed","region":"Region-6","hectares":4595,"basin":null},"geometry":{"type":"MultiPolygon","coordinates":[[[[122.1568,11.7578],[122.1539,11.7666],[122.141,11.7685],[122.1275,11.7548],[122.1251,11.7472],[122.1292,11.7334],[122.1251,11.7326],[122.1214,11.7227],[122.1261,11.7127],[122.1301,11.712],[122.1298,11.7055],[122.1354,11.6985],[122.1413,11.6816],[122.1401,11.6676],[122.136,11.6607],[122.1389,11.6525],[122.1539,11.6613],[122.1633,11.6614],[122.1684,11.6567],[122.1733,11.6635],[122.1703,11.6757],[122.1643,11.6797],[122.1642,11.683],[122.1695,11.6832],[122.1706,11.6894],[122.1806,11.6933],[122.1671,11.7143],[122.1617,11.735],[122.1643,11.746],[122.1568,11.7578]]]]}},{"type":"Feature","properties":{"name":"Bago River Watershed","region":"Region-6","hectares":60975,"basin":null},"geometry":{"type":"MultiPolygon","coordinates":[[[[123.0354,10.5516],[123.0395,10.5483],[123.0503,10.5498],[123.0566,10.5453],[123.0665,10.544],[123.0679,10.5251],[123.0741,10.5127],[123.0713,10.4962],[123.0831,10.4895],[123.098,10.4909],[123.1021,10.4855],[123.1085,10.4841],[123.1147,10.4723],[123.1314,10.4582],[123.1419,10.4541],[123.1514,10.4388],[123.1582,10.441],[123.1658,10.4378],[123.1724,10.4399],[123.1984,10.4377],[123.2149,10.4403],[123.2261,10.4371],[123.2361,10.4399],[123.2656,10.4254],[123.269,10.4172],[123.2777,10.4124],[123.2893,10.4219],[123.2949,10.4541],[123.3164,10.4812],[123.3221,10.4977],[123.3189,10.5019],[123.3217,10.5072],[123.3179,10.5125],[123.3245,10.517],[123.3282,10.5304],[123.3346,10.5298],[123.342,10.5466],[123.3372,10.5601],[123.3391,10.569],[123.3349,10.5722],[123.338,10.5836],[123.3337,10.5953],[123.3382,10.6075],[123.3488,10.618],[123.3375,10.6222],[123.3293,10.6206],[123.3113,10.6318],[123.2967,10.6214],[123.2913,10.6213],[123.2679,10.631],[123.2633,10.6376],[123.2528,10.6362],[123.2423,10.643],[123.2292,10.6314],[123.2206,10.6292],[123.2235,10.6374],[123.2174,10.6448],[123.206,10.6385],[123.199,10.6407],[123.1962,10.6383],[123.1894,10.6469],[123.1803,10.6516],[123.1785,10.6536],[123.1831,10.6614],[123.18,10.6662],[123.1584,10.6593],[123.1448,10.6616],[123.1393,10.6573],[123.1113,10.6489],[123.09,10.6217],[123.0553,10.5995],[123.0496,10.5703],[123.0377,10.5624],[123.0336,10.5549],[123.0354,10.5516]]]]}},{"type":"Feature","properties":{"name":"Tipulan River Watershed","region":"Region-6","hectares":17228,"basin":null},"geometry":{"type":"MultiPolygon","coordinates":[[[[122.0327,10.7892],[122.0375,10.7797],[122.0443,10.7769],[122.0403,10.7739],[122.0418,10.7693],[122.0386,10.7619],[122.0298,10.7541],[122.0473,10.7408],[122.0461,10.7334],[122.0377,10.7281],[122.0389,10.7089],[122.0447,10.7049],[122.051,10.7127],[122.0767,10.6985],[122.0883,10.7053],[122.0941,10.7139],[122.1032,10.713],[122.107,10.7166],[122.1219,10.7059],[122.1355,10.7132],[122.1394,10.7187],[122.1439,10.7385],[122.1512,10.7351],[122.1572,10.7405],[122.1616,10.7512],[122.1763,10.751],[122.1878,10.7592],[122.1912,10.7713],[122.1886,10.7819],[122.2025,10.8093],[122.2038,10.8185],[122.1989,10.826],[122.2007,10.8414],[122.1874,10.8267],[122.1778,10.8287],[122.1698,10.8233],[122.1574,10.8243],[122.1563,10.8274],[122.1398,10.8275],[122.1329,10.823],[122.1183,10.8203],[122.1006,10.8091],[122.091,10.8086],[122.0843,10.8044],[122.0741,10.8056],[122.0612,10.7907],[122.0551,10.7924],[122.0437,10.7877],[122.0327,10.7892]]]]}},{"type":"Feature","properties":{"name":"Salug River Watershed","region":"Region-8","hectares":5556,"basin":null},"geometry":{"type":"MultiPolygon","coordinates":[[[[124.7681,10.433],[124.7676,10.4362],[124.7707,10.4356],[124.7775,10.4412],[124.8046,10.4442],[124.8118,10.4522],[124.8204,10.4545],[124.822,10.4599],[124.8296,10.458],[124.8426,10.4607],[124.8541,10.4712],[124.8609,10.4729],[124.8751,10.4985],[124.8724,10.5045],[124.8574,10.5145],[124.8557,10.5229],[124.8401,10.526],[124.8381,10.5316],[124.8268,10.5381],[124.8141,10.5372],[124.8091,10.5291],[124.8147,10.5176],[124.8096,10.5137],[124.8123,10.507],[124.8228,10.4982],[124.8222,10.4871],[124.8096,10.4861],[124.7915,10.4622],[124.7769,10.4594],[124.7706,10.4546],[124.7713,10.4493],[124.7644,10.4368],[124.7681,10.433]]]]}},{"type":"Feature","properties":{"name":"Bao River Watershed","region":"Region-8","hectares":6624,"basin":null},"geometry":{"type":"MultiPolygon","coordinates":[[[[124.6368,11.2013],[124.6293,11.1919],[124.6312,11.1639],[124.6203,11.1524],[124.6261,11.1421],[124.5912,11.1301],[124.5878,11.1259],[124.5888,11.1199],[124.6147,11.1104],[124.642,11.1198],[124.6502,11.1148],[124.6569,11.1022],[124.6813,11.0845],[124.6866,11.085],[124.6954,11.0897],[124.6887,11.1011],[124.6923,11.1046],[124.6881,11.1106],[124.6903,11.1168],[124.6877,11.1209],[124.6914,11.1289],[124.6991,11.1296],[124.7,11.1355],[124.694,11.1378],[124.6842,11.1335],[124.6801,11.1352],[124.6774,11.1392],[124.682,11.1444],[124.6836,11.1531],[124.6743,11.163],[124.6715,11.171],[124.6589,11.1784],[124.6572,11.1854],[124.6476,11.1874],[124.6477,11.1965],[124.6368,11.2013]]]]}},{"type":"Feature","properties":{"name":"Pongso River Watershed","region":"Region-8","hectares":4720,"basin":null},"geometry":{"type":"MultiPolygon","coordinates":[[[[124.6659,11.1739],[124.6715,11.171],[124.6743,11.163],[124.6836,11.1531],[124.682,11.1444],[124.6774,11.1392],[124.6801,11.1352],[124.6842,11.1335],[124.696,11.1377],[124.7016,11.1323],[124.7067,11.1357],[124.7156,11.1498],[124.7171,11.1745],[124.7358,11.2038],[124.7413,11.2203],[124.7571,11.2322],[124.7746,11.2564],[124.7764,11.2627],[124.7681,11.2899],[124.7624,11.2897],[124.7552,11.2805],[124.7557,11.2667],[124.7512,11.2634],[124.7532,11.26],[124.7482,11.2542],[124.7467,11.241],[124.741,11.2345],[124.734,11.2147],[124.7267,11.2084],[124.7055,11.2007],[124.6991,11.1939],[124.6826,11.1866],[124.6659,11.1739]]]]}},{"type":"Feature","properties":{"name":"Mainit River Watershed","region":"Region-8","hectares":8621,"basin":null},"geometry":{"type":"MultiPolygon","coordinates":[[[[124.7171,11.1585],[124.7153,11.1488],[124.7068,11.1357],[124.6988,11.1294],[124.6942,11.1308],[124.6889,11.1248],[124.6902,11.1067],[124.6993,11.1046],[124.7105,11.108],[124.7185,11.099],[124.7272,11.1012],[124.7314,11.0973],[124.7366,11.0994],[124.7369,11.1042],[124.746,11.1064],[124.7529,11.1031],[124.7717,11.119],[124.8065,11.1766],[124.8207,11.1882],[124.8236,11.209],[124.8178,11.2132],[124.7961,11.2069],[124.791,11.2022],[124.7771,11.1975],[124.7666,11.186],[124.7256,11.1671],[124.7171,11.1585]]]]}},{"type":"Feature","properties":{"name":"Binhaan River Watershed","region":"Region-8","hectares":11451,"basin":null},"geometry":{"type":"MultiPolygon","coordinates":[[[[124.7603,11.1087],[124.7525,11.103],[124.746,11.1064],[124.7362,11.104],[124.7365,11.0994],[124.7314,11.0973],[124.7272,11.1012],[124.7185,11.099],[124.7104,11.108],[124.6923,11.1046],[124.6887,11.1011],[124.6952,11.0894],[124.6846,11.0843],[124.6741,11.0891],[124.6698,11.0853],[124.6848,11.0668],[124.6891,11.0672],[124.7038,11.0558],[124.7019,11.0507],[124.7079,11.0465],[124.7085,11.0352],[124.7124,11.0285],[124.7183,11.0289],[124.7196,11.0333],[124.7238,11.0315],[124.7303,11.018],[124.7425,11.0242],[124.7452,11.021],[124.7471,11.03],[124.7537,11.0332],[124.7652,11.0261],[124.7753,11.016],[124.7745,11.0124],[124.7778,11.012],[124.7828,11.0195],[124.7954,11.0198],[124.8031,11.0309],[124.8117,11.0324],[124.8093,11.0493],[124.7992,11.0744],[124.7988,11.089],[124.812,11.1074],[124.8265,11.1146],[124.828,11.1185],[124.8207,11.1233],[124.805,11.1195],[124.7972,11.1211],[124.7709,11.108],[124.7634,11.1061],[124.7603,11.1087]]]]}},{"type":"Feature","properties":{"name":"Gibuga River Watershed","region":"Region-8","hectares":5840,"basin":null},"geometry":{"type":"MultiPolygon","coordinates":[[[[124.8532,10.9228],[124.851,10.9128],[124.8574,10.8896],[124.8657,10.8863],[124.8827,10.8867],[124.89,10.8811],[124.9059,10.8882],[124.9125,10.8807],[124.9302,10.8834],[124.9617,10.9168],[124.9546,10.933],[124.9397,10.9399],[124.8927,10.9363],[124.8532,10.9228]]]]}},{"type":"Feature","properties":{"name":"Magon-Bucan River Watershed","region":"Region-8","hectares":3392,"basin":null},"geometry":{"type":"MultiPolygon","coordinates":[[[[124.8711,10.7777],[124.8843,10.7793],[124.8984,10.8005],[124.9367,10.811],[124.9386,10.8166],[124.9215,10.8324],[124.9065,10.8335],[124.8805,10.8296],[124.8602,10.8497],[124.854,10.8505],[124.8515,10.8461],[124.8548,10.8381],[124.852,10.831],[124.863,10.8294],[124.8651,10.8205],[124.8618,10.813],[124.8679,10.8035],[124.8646,10.7973],[124.8679,10.7861],[124.8717,10.7834],[124.8711,10.7777]]]]}},{"type":"Feature","properties":{"name":"Daguitan River Watershed","region":"Region-8","hectares":14129,"basin":null},"geometry":{"type":"MultiPolygon","coordinates":[[[[124.7954,11.0198],[124.7876,11.0215],[124.7825,11.0193],[124.7804,11.0135],[124.7709,11.0101],[124.7594,11.0135],[124.753,10.9992],[124.7563,10.9941],[124.7537,10.9893],[124.7579,10.9776],[124.7568,10.9686],[124.748,10.9599],[124.7564,10.9489],[124.756,10.9437],[124.7642,10.9401],[124.7661,10.9232],[124.7779,10.9067],[124.7873,10.8991],[124.7868,10.8847],[124.7953,10.8804],[124.795,10.865],[124.803,10.862],[124.8175,10.8667],[124.8192,10.8758],[124.8272,10.8802],[124.8261,10.8948],[124.8344,10.9008],[124.837,10.9141],[124.832,10.9252],[124.837,10.9373],[124.8552,10.9401],[124.8683,10.9502],[124.8773,10.9517],[124.8984,10.9663],[124.8998,10.9723],[124.8939,10.9721],[124.8875,10.9831],[124.8825,10.9844],[124.879,10.9746],[124.8722,10.9723],[124.846,10.991],[124.8312,11.0062],[124.8101,11.015],[124.7973,11.0146],[124.7954,11.0198]]]]}},{"type":"Feature","properties":{"name":"Bito River Watershed","region":"Region-8","hectares":7179,"basin":null},"geometry":{"type":"MultiPolygon","coordinates":[[[[124.8701,10.7736],[124.867,10.7658],[124.8597,10.7636],[124.8567,10.7579],[124.8463,10.7646],[124.8373,10.7611],[124.8542,10.7453],[124.8538,10.737],[124.8617,10.7314],[124.8615,10.7157],[124.8791,10.7032],[124.8914,10.6743],[124.9014,10.6748],[124.9096,10.6709],[124.9109,10.6645],[124.9182,10.6597],[124.9252,10.6634],[124.9256,10.668],[124.9202,10.6716],[124.9235,10.6774],[124.9391,10.6798],[124.9457,10.6862],[124.9374,10.7021],[124.9375,10.7173],[124.9244,10.738],[124.926,10.7475],[124.8972,10.7632],[124.8855,10.7607],[124.8701,10.7736]]]]}},{"type":"Feature","properties":{"name":"Guinarona River Watershed","region":"Region-8","hectares":2972,"basin":null},"geometry":{"type":"MultiPolygon","coordinates":[[[[124.8312,11.0062],[124.846,10.991],[124.8739,10.9722],[124.879,10.9746],[124.8815,10.9841],[124.8876,10.9838],[124.8958,10.9936],[124.8965,11.0269],[124.8823,11.0285],[124.857,11.0251],[124.8381,11.0143],[124.8312,11.0062]]]]}},{"type":"Feature","properties":{"name":"Palo River Watershed","region":"Region-8","hectares":21638,"basin":null},"geometry":{"type":"MultiPolygon","coordinates":[[[[124.9431,11.1418],[124.951,11.1515],[124.9665,11.1615],[124.9931,11.1587],[124.9988,11.1614],[124.9979,11.1648],[124.9922,11.1657],[124.9922,11.1724],[124.9878,11.174],[124.9857,11.2001],[124.9797,11.2082],[124.9826,11.2167],[124.977,11.223],[124.9735,11.2183],[124.9625,11.2229],[124.9599,11.2182],[124.9531,11.2184],[124.9476,11.2308],[124.9366,11.2377],[124.9287,11.254],[124.9192,11.2557],[124.9065,11.2497],[124.8941,11.2526],[124.8885,11.2482],[124.8806,11.249],[124.8663,11.2212],[124.8593,11.219],[124.8492,11.207],[124.8444,11.2085],[124.8308,11.2009],[124.8172,11.184],[124.8074,11.1777],[124.7812,11.133],[124.7603,11.1087],[124.7637,11.1061],[124.7966,11.121],[124.805,11.1195],[124.8207,11.1233],[124.8605,11.123],[124.8784,11.1175],[124.8932,11.1253],[124.938,11.136],[124.9431,11.1418]]]]}},{"type":"Feature","properties":{"name":"Labangan watershed","region":"Region-9","hectares":8062,"basin":null},"geometry":{"type":"MultiPolygon","coordinates":[[[[123.1629,7.9109],[123.1665,7.9023],[123.171,7.9044],[123.1856,7.9014],[123.1881,7.896],[123.195,7.8947],[123.1903,7.8897],[123.1911,7.8742],[123.2036,7.8723],[123.2236,7.8565],[123.2311,7.8406],[123.2274,7.8366],[123.2346,7.8288],[123.2342,7.8195],[123.2408,7.8177],[123.2424,7.8084],[123.2487,7.7999],[123.247,7.8224],[123.242,7.8262],[123.2378,7.8446],[123.242,7.8613],[123.2509,7.8653],[123.2616,7.8778],[123.2577,7.8871],[123.2594,7.8936],[123.2567,7.8978],[123.2476,7.8949],[123.2316,7.8764],[123.2191,7.896],[123.2247,7.9093],[123.2288,7.9113],[123.2268,7.9145],[123.2308,7.9268],[123.2367,7.9316],[123.2389,7.9383],[123.2593,7.9502],[123.2606,7.9594],[123.2523,7.9695],[123.2523,7.98],[123.2368,7.9844],[123.2296,7.9754],[123.2168,7.9739],[123.213,7.9678],[123.2154,7.9573],[123.2106,7.9511],[123.196,7.9419],[123.177,7.9416],[123.1629,7.9109]]]]}},{"type":"Feature","properties":{"name":"Sibuguey watershed","region":"Region-9","hectares":13378,"basin":null},"geometry":{"type":"MultiPolygon","coordinates":[[[[123.2296,7.9754],[123.2114,7.9915],[123.2068,7.9998],[123.191,8.0024],[123.1869,7.997],[123.1774,7.9966],[123.1429,8.0248],[123.13,8.0171],[123.1199,8.0202],[123.1149,8.012],[123.1016,8.0081],[123.1006,8.0003],[123.1057,7.9919],[123.0909,7.9837],[123.0978,7.9733],[123.0898,7.965],[123.0881,7.9514],[123.0785,7.9497],[123.0777,7.9397],[123.0687,7.9351],[123.059,7.8964],[123.0673,7.8932],[123.0713,7.8825],[123.0798,7.8912],[123.0896,7.9201],[123.0951,7.9212],[123.1012,7.9303],[123.1092,7.9274],[123.1234,7.9355],[123.1391,7.9119],[123.1568,7.9011],[123.1727,7.9276],[123.177,7.9416],[123.1954,7.9417],[123.2068,7.9485],[123.2154,7.9573],[123.2136,7.9704],[123.2171,7.9741],[123.2296,7.9754]]]]}},{"type":"Feature","properties":{"name":"Dipolo-Guitran watershed","region":"Region-9","hectares":4501,"basin":null},"geometry":{"type":"MultiPolygon","coordinates":[[[[123.3219,8.1676],[123.3315,8.1722],[123.3336,8.1695],[123.3416,8.1754],[123.3364,8.2031],[123.3383,8.2168],[123.3434,8.2228],[123.3465,8.2353],[123.34,8.2367],[123.3407,8.2408],[123.3377,8.2432],[123.3233,8.2457],[123.3179,8.2512],[123.3043,8.2466],[123.294,8.2548],[123.2823,8.258],[123.278,8.2525],[123.2815,8.245],[123.2805,8.2386],[123.2837,8.2301],[123.2884,8.2274],[123.2908,8.2152],[123.2865,8.211],[123.2871,8.2006],[123.2992,8.1867],[123.3038,8.1906],[123.3031,8.1959],[123.3129,8.1947],[123.3131,8.1857],[123.3095,8.1818],[123.3128,8.1737],[123.3219,8.1676]]]]}},{"type":"Feature","properties":{"name":"Dipolo-Dumingag","region":"Region-9","hectares":833,"basin":null},"geometry":{"type":"MultiPolygon","coordinates":[[[[123.3219,8.1676],[123.3128,8.1737],[123.3095,8.1818],[123.3131,8.1857],[123.3138,8.1934],[123.3031,8.1959],[123.3037,8.1905],[123.2943,8.1846],[123.303,8.1707],[123.2975,8.1664],[123.3092,8.162],[123.3108,8.159],[123.307,8.1575],[123.3072,8.1544],[123.3204,8.147],[123.3269,8.1542],[123.3219,8.1676]]]]}},{"type":"Feature","properties":{"name":"Dipolo-Timonan","region":"Region-9","hectares":7429,"basin":null},"geometry":{"type":"MultiPolygon","coordinates":[[[[123.2786,8.2556],[123.2674,8.2551],[123.2606,8.2607],[123.2594,8.2676],[123.2455,8.2762],[123.2379,8.2723],[123.2384,8.2543],[123.2289,8.2452],[123.2377,8.2254],[123.2349,8.2147],[123.2398,8.207],[123.2374,8.1999],[123.2411,8.1962],[123.2395,8.1922],[123.259,8.1824],[123.27,8.1671],[123.2742,8.1659],[123.2725,8.151],[123.2812,8.1471],[123.2841,8.1287],[123.3004,8.1276],[123.3048,8.1315],[123.3075,8.1248],[123.323,8.1243],[123.3323,8.1342],[123.3138,8.1455],[123.3144,8.1511],[123.3072,8.1544],[123.3098,8.1614],[123.2975,8.1664],[123.303,8.1707],[123.2944,8.1838],[123.2968,8.1876],[123.2944,8.1922],[123.2871,8.2006],[123.2865,8.211],[123.2907,8.2157],[123.2884,8.2274],[123.2837,8.2301],[123.2806,8.2384],[123.2786,8.2556]]]]}},{"type":"Feature","properties":{"name":"Dipolo-Dipolo","region":"Region-9","hectares":37551,"basin":null},"geometry":{"type":"MultiPolygon","coordinates":[[[[123.3465,8.2353],[123.3538,8.2354],[123.3609,8.2213],[123.3593,8.2146],[123.3752,8.2023],[123.3847,8.2],[123.3911,8.1905],[123.4045,8.1864],[123.4046,8.1722],[123.4124,8.1667],[123.4315,8.1373],[123.4375,8.135],[123.4542,8.1432],[123.4817,8.1736],[123.4976,8.1799],[123.5291,8.2058],[123.5473,8.2137],[123.564,8.2254],[123.5773,8.2208],[123.5959,8.1994],[123.607,8.1962],[123.6225,8.1995],[123.6307,8.1973],[123.6367,8.2147],[123.6333,8.2344],[123.6401,8.2431],[123.642,8.2618],[123.632,8.2751],[123.6292,8.2923],[123.6215,8.2898],[123.6006,8.2952],[123.5923,8.292],[123.5644,8.2893],[123.5605,8.2913],[123.5575,8.2874],[123.5431,8.2913],[123.5292,8.2897],[123.5236,8.2953],[123.5064,8.295],[123.4857,8.2864],[123.4731,8.2957],[123.476,8.3008],[123.4692,8.3066],[123.4676,8.3194],[123.4473,8.3148],[123.4413,8.3092],[123.428,8.3126],[123.4166,8.323],[123.4122,8.3234],[123.4056,8.3223],[123.395,8.311],[123.3889,8.3116],[123.3839,8.3078],[123.3791,8.3127],[123.3776,8.3031],[123.3712,8.2991],[123.3769,8.2868],[123.3743,8.2826],[123.377,8.2747],[123.374,8.2651],[123.3535,8.2594],[123.3458,8.2519],[123.3407,8.2514],[123.3398,8.237],[123.3465,8.2353]]]]}},{"type":"Feature","properties":{"name":"Labangan watershed 2","region":"Region-9","hectares":35189,"basin":null},"geometry":{"type":"MultiPolygon","coordinates":[[[[123.2523,7.98],[123.2523,7.9695],[123.2606,7.9594],[123.2593,7.9502],[123.2383,7.9375],[123.2367,7.9316],[123.2308,7.9268],[123.2268,7.9148],[123.2288,7.9113],[123.2246,7.9091],[123.2191,7.8943],[123.2282,7.8782],[123.2323,7.8764],[123.2425,7.8917],[123.2516,7.8969],[123.2585,7.8961],[123.2577,7.8871],[123.2616,7.8778],[123.2509,7.8653],[123.242,7.8613],[123.2378,7.8446],[123.242,7.8262],[123.247,7.8224],[123.2487,7.7999],[123.2617,7.7998],[123.2641,7.7942],[123.2683,7.793],[123.2722,7.7975],[123.2746,7.8053],[123.279,7.8079],[123.2776,7.8108],[123.2817,7.8193],[123.2867,7.8242],[123.2845,7.8529],[123.2978,7.8507],[123.3032,7.8408],[123.3348,7.8199],[123.356,7.8542],[123.3696,7.8451],[123.3786,7.8472],[123.3878,7.8548],[123.3922,7.8516],[123.3978,7.8562],[123.401,7.8776],[123.4163,7.8982],[123.4271,7.9074],[123.462,7.9008],[123.4674,7.9039],[123.4643,7.918],[123.452,7.9242],[123.4534,7.9308],[123.46,7.9334],[123.4621,7.9378],[123.461,7.9596],[123.4464,7.9642],[123.4346,7.9756],[123.4137,7.9813],[123.3914,8.0039],[123.3921,8.0092],[123.3866,8.0178],[123.3789,8.0151],[123.3782,7.9985],[123.3653,7.9883],[123.3613,7.9797],[123.3621,7.9651],[123.3528,7.956],[123.3429,7.9559],[123.3401,7.9613],[123.3336,7.964],[123.3207,7.9882],[123.3112,7.9874],[123.3027,7.9942],[123.2748,7.9937],[123.267,7.9895],[123.2593,7.9895],[123.2523,7.98]]]]}},{"type":"Feature","properties":{"name":"Sibuguey watershed 2","region":"Region-9","hectares":11437,"basin":null},"geometry":{"type":"MultiPolygon","coordinates":[[[[123.059,7.8964],[123.0675,7.9281],[123.0644,7.9395],[123.054,7.9461],[123.0339,7.9487],[123.0252,7.9569],[123.0156,7.9567],[123.0134,7.9536],[123.0008,7.9575],[122.996,7.9667],[122.986,7.9563],[122.9682,7.967],[122.9624,7.9655],[122.9554,7.952],[122.9506,7.9491],[122.951,7.944],[122.9412,7.933],[122.9361,7.9125],[122.9316,7.9095],[122.9349,7.902],[122.9431,7.9034],[122.9467,7.8953],[122.9581,7.8937],[122.9682,7.8829],[123.0247,7.8614],[123.0353,7.8641],[123.0413,7.8723],[123.0441,7.8714],[123.0509,7.8783],[123.0525,7.8901],[123.059,7.8964]]]]}},{"type":"Feature","properties":{"name":"Roxas-Kuya river watershed","region":"Region-10","hectares":7233,"basin":"mindanao"},"geometry":{"type":"MultiPolygon","coordinates":[[[[124.8891,7.7947],[124.9002,7.7794],[124.9074,7.7766],[124.9219,7.7784],[124.9389,7.7615],[124.9469,7.7611],[124.9515,7.7559],[124.9604,7.7582],[124.9727,7.7495],[124.9829,7.7581],[124.9827,7.7671],[124.9949,7.7952],[124.9661,7.8085],[124.97,7.8309],[124.9414,7.8416],[124.9347,7.8382],[124.9323,7.829],[124.9241,7.8285],[124.9218,7.8235],[124.8969,7.8321],[124.8927,7.8287],[124.8878,7.8327],[124.8851,7.8192],[124.8884,7.8173],[124.8877,7.8107],[124.8926,7.8051],[124.8891,7.7947]]]]}},{"type":"Feature","properties":{"name":"Muleta river watershed","region":"Region-10","hectares":21531,"basin":"mindanao"},"geometry":{"type":"MultiPolygon","coordinates":[[[[124.8878,7.8327],[124.8874,7.861],[124.8916,7.8784],[124.8724,7.9077],[124.869,7.9378],[124.8735,7.9542],[124.8457,7.9521],[124.8431,7.9582],[124.8314,7.9579],[124.8212,7.9701],[124.8144,7.9708],[124.8117,7.9567],[124.7933,7.9538],[124.7888,7.9505],[124.7881,7.9408],[124.7813,7.9383],[124.782,7.9292],[124.7736,7.9177],[124.7707,7.9053],[124.7699,7.8776],[124.7659,7.8733],[124.769,7.8658],[124.7652,7.8568],[124.7711,7.856],[124.7777,7.8603],[124.7825,7.8435],[124.7954,7.8286],[124.7937,7.8167],[124.798,7.8054],[124.798,7.7896],[124.8057,7.7896],[124.8151,7.7835],[124.8199,7.7722],[124.8259,7.7699],[124.8289,7.7772],[124.8441,7.7793],[124.847,7.7835],[124.8537,7.7782],[124.8701,7.7732],[124.8924,7.8017],[124.8877,7.8107],[124.8884,7.8173],[124.8851,7.8192],[124.8878,7.8327]]]]}},{"type":"Feature","properties":{"name":"Manupali river watershed","region":"Region-10","hectares":38035,"basin":"mindanao"},"geometry":{"type":"MultiPolygon","coordinates":[[[[124.8735,7.9542],[124.8774,7.9577],[124.8817,7.948],[124.8904,7.9431],[124.9173,7.9449],[124.9277,7.9486],[124.9323,7.9625],[124.9485,7.9547],[124.9637,7.9572],[124.971,7.9496],[124.9817,7.9596],[124.9878,7.9603],[124.9866,7.9716],[125.0083,7.988],[125.031,7.9894],[125.0406,7.9843],[125.0555,7.989],[125.0678,7.9834],[125.0709,7.9855],[125.0478,8.011],[125.0302,8.0198],[125.0213,8.0439],[125.0069,8.0461],[125.0028,8.0578],[124.9752,8.0836],[124.975,8.0899],[124.9673,8.102],[124.9405,8.1086],[124.933,8.1186],[124.92,8.1166],[124.9,8.119],[124.8952,8.1129],[124.8875,8.1211],[124.8778,8.1224],[124.8743,8.1288],[124.863,8.1292],[124.855,8.1402],[124.8495,8.1278],[124.8399,8.1194],[124.8393,8.1135],[124.8287,8.1155],[124.8215,8.1117],[124.8159,8.1177],[124.8107,8.1162],[124.8213,8.0821],[124.822,8.0551],[124.8165,8.0372],[124.823,8.0188],[124.815,8.0083],[124.817,7.9986],[124.8071,7.9818],[124.8023,7.956],[124.8117,7.9567],[124.8126,7.9683],[124.8186,7.9712],[124.8314,7.9579],[124.8431,7.9582],[124.8457,7.9521],[124.8735,7.9542]]]]}},{"type":"Feature","properties":{"name":"Dipolo-maranding river watershed","region":"Region-12","hectares":22313,"basin":null},"geometry":{"type":"MultiPolygon","coordinates":[[[[123.8547,7.8652],[123.8411,7.8598],[123.8378,7.8459],[123.8375,7.8371],[123.8477,7.8264],[123.8259,7.8057],[123.8328,7.8017],[123.8375,7.7908],[123.8569,7.7868],[123.8579,7.7751],[123.8699,7.772],[123.883,7.7745],[123.8862,7.7793],[123.8962,7.7734],[123.9054,7.7817],[123.9153,7.7781],[123.9233,7.7861],[123.9382,7.787],[123.9389,7.7936],[123.948,7.8017],[123.9589,7.8036],[123.9611,7.8117],[123.977,7.8134],[123.9851,7.8208],[123.9916,7.8219],[123.9966,7.8273],[123.9949,7.8337],[124.0067,7.8371],[124.0199,7.8468],[124.0273,7.8486],[124.0352,7.8458],[124.0431,7.8564],[124.0664,7.8652],[124.0678,7.8732],[124.0573,7.9036],[124.0506,7.9082],[124.034,7.9005],[124.0133,7.8989],[124.0109,7.8904],[124.0001,7.8824],[123.994,7.8873],[123.9822,7.8897],[123.9692,7.8805],[123.95,7.8757],[123.9266,7.8925],[123.9205,7.8908],[123.9062,7.8973],[123.8902,7.8984],[123.8865,7.9033],[123.8785,7.9048],[123.8695,7.8849],[123.8581,7.8734],[123.8547,7.8652]]]]}},{"type":"Feature","properties":{"name":"Libungan river watershed","region":"Region-12","hectares":53177,"basin":"mindanao"},"geometry":{"type":"MultiPolygon","coordinates":[[[[124.508,7.6834],[124.5083,7.6774],[124.5015,7.6728],[124.498,7.6612],[124.5006,7.6468],[124.4983,7.6332],[124.507,7.6127],[124.5002,7.5992],[124.502,7.5908],[124.4934,7.59],[124.4946,7.5868],[124.4874,7.5749],[124.4917,7.5613],[124.4874,7.5594],[124.4779,7.5248],[124.4639,7.4996],[124.4736,7.4853],[124.4735,7.4792],[124.4673,7.4576],[124.4538,7.4472],[124.46,7.4243],[124.4544,7.4148],[124.4596,7.4078],[124.4559,7.3963],[124.4587,7.387],[124.466,7.3895],[124.478,7.3818],[124.4919,7.3839],[124.5047,7.3796],[124.5107,7.3491],[124.5066,7.3396],[124.5075,7.3157],[124.5142,7.3013],[124.5148,7.2855],[124.5201,7.2793],[124.5321,7.2736],[124.5384,7.252],[124.5446,7.2466],[124.5753,7.2438],[124.585,7.2402],[124.5915,7.2484],[124.5952,7.2782],[124.6004,7.2793],[124.6043,7.2918],[124.6143,7.3016],[124.6111,7.3194],[124.594,7.3274],[124.6011,7.3396],[124.6005,7.3491],[124.6076,7.3696],[124.6009,7.3757],[124.6092,7.3914],[124.608,7.4179],[124.6163,7.4269],[124.6158,7.4363],[124.6113,7.4433],[124.6122,7.4632],[124.6034,7.4827],[124.5813,7.4964],[124.5693,7.4989],[124.5739,7.5127],[124.5866,7.5334],[124.5867,7.5413],[124.5805,7.5462],[124.5846,7.5622],[124.5766,7.5722],[124.5805,7.5892],[124.574,7.6002],[124.5775,7.6032],[124.5765,7.6143],[124.5709,7.627],[124.5636,7.6294],[124.5518,7.642],[124.5498,7.6607],[124.5432,7.6694],[124.5479,7.677],[124.5472,7.6822],[124.5363,7.6917],[124.539,7.7023],[124.5226,7.7018],[124.5142,7.6936],[124.5064,7.6912],[124.508,7.6834]]]]}},{"type":"Feature","properties":{"name":"M'lang river watershed","region":"Region-12","hectares":15508,"basin":"mindanao"},"geometry":{"type":"MultiPolygon","coordinates":[[[[125.2359,6.979],[125.211,6.9968],[125.2079,7.0036],[125.194,7.0012],[125.1833,7.006],[125.1773,7.0041],[125.1746,7.0081],[125.1637,7.0093],[125.1436,7.0197],[125.0717,7.018],[125.0526,7.0141],[124.9838,6.975],[124.9697,6.9735],[124.9629,6.9621],[124.9484,6.9553],[124.9454,6.9489],[124.9289,6.9529],[124.9274,6.94],[124.9308,6.9361],[124.942,6.9353],[124.9565,6.9401],[124.9665,6.9477],[124.9811,6.9441],[124.995,6.9504],[125.0014,6.9478],[125.007,6.9494],[125.0088,6.9408],[125.0155,6.9361],[125.0172,6.943],[125.0212,6.9455],[125.0677,6.9416],[125.0841,6.9523],[125.102,6.9511],[125.1232,6.9644],[125.1412,6.9652],[125.1753,6.9814],[125.2283,6.9741],[125.2359,6.979]]]]}},{"type":"Feature","properties":{"name":"Malasila river watershed","region":"Region-12","hectares":26141,"basin":"mindanao"},"geometry":{"type":"MultiPolygon","coordinates":[[[[125.2283,6.9741],[125.1753,6.9814],[125.1412,6.9652],[125.1232,6.9644],[125.102,6.9511],[125.0841,6.9523],[125.0694,6.942],[125.0193,6.9452],[125.0156,6.9361],[125.0195,6.9319],[125.0183,6.9253],[125.0223,6.9096],[125.015,6.908],[125.0003,6.8779],[124.9192,6.8738],[124.9106,6.8678],[124.9047,6.8555],[124.9134,6.8535],[124.9256,6.8623],[124.9547,6.8627],[124.9643,6.8598],[124.9752,6.8443],[124.9765,6.833],[124.9931,6.8193],[124.9949,6.8018],[124.9995,6.7909],[125.0149,6.7909],[125.0339,6.7725],[125.0418,6.7702],[125.0471,6.7731],[125.0525,6.7821],[125.058,6.8057],[125.0497,6.8215],[125.0497,6.8287],[125.0638,6.8247],[125.0644,6.84],[125.075,6.8449],[125.084,6.856],[125.0995,6.8556],[125.1036,6.8645],[125.1003,6.8714],[125.1125,6.8819],[125.1168,6.8693],[125.1278,6.8692],[125.1268,6.8795],[125.121,6.8829],[125.1199,6.8874],[125.1423,6.8968],[125.1407,6.91],[125.1433,6.9275],[125.1505,6.9323],[125.1577,6.9242],[125.1739,6.9281],[125.1852,6.9347],[125.204,6.9551],[125.2283,6.9741]]]]}},{"type":"Feature","properties":{"name":"Padada watershed","region":"Region-12","hectares":60208,"basin":"mindanao"},"geometry":{"type":"MultiPolygon","coordinates":[[[[125.0462,6.7722],[125.0603,6.7534],[125.0626,6.7379],[125.0721,6.7159],[125.07,6.7112],[125.0842,6.6947],[125.0854,6.6831],[125.0904,6.6768],[125.0869,6.6654],[125.0907,6.6609],[125.091,6.653],[125.0818,6.6424],[125.0875,6.6292],[125.0786,6.6167],[125.0832,6.6129],[125.0793,6.5997],[125.0802,6.584],[125.0758,6.5712],[125.0696,6.5636],[125.0683,6.5529],[125.0761,6.549],[125.0859,6.5321],[125.0985,6.5278],[125.1013,6.5214],[125.0877,6.5131],[125.0854,6.5163],[125.0795,6.5154],[125.0714,6.5034],[125.0701,6.4977],[125.0726,6.4935],[125.0612,6.4914],[125.0497,6.4833],[125.0673,6.4705],[125.0653,6.4672],[125.0749,6.4533],[125.101,6.4468],[125.1105,6.4533],[125.115,6.4393],[125.1329,6.4407],[125.1405,6.4529],[125.1488,6.4594],[125.152,6.4688],[125.1664,6.4735],[125.1676,6.4787],[125.1729,6.4816],[125.1708,6.492],[125.1761,6.5131],[125.1694,6.5498],[125.1626,6.5597],[125.159,6.5743],[125.1606,6.5827],[125.155,6.5857],[125.154,6.5956],[125.1662,6.6056],[125.1765,6.6278],[125.1745,6.6332],[125.2018,6.6433],[125.2082,6.6506],[125.2265,6.6616],[125.2355,6.6732],[125.2512,6.6755],[125.2504,6.6815],[125.2425,6.6868],[125.225,6.6923],[125.1902,6.7101],[125.1763,6.7127],[125.1622,6.7233],[125.1607,6.7489],[125.1661,6.7805],[125.1596,6.8098],[125.1662,6.8526],[125.1947,6.8975],[125.2124,6.9072],[125.2199,6.9062],[125.2206,6.9122],[125.231,6.9191],[125.2349,6.9308],[125.2463,6.9347],[125.2471,6.9434],[125.257,6.9518],[125.2563,6.9583],[125.2521,6.9703],[125.2461,6.9697],[125.2426,6.9774],[125.2359,6.979],[125.204,6.9551],[125.1852,6.9347],[125.1739,6.9281],[125.1577,6.9242],[125.1505,6.9323],[125.1439,6.9281],[125.1411,6.9195],[125.1423,6.8968],[125.1199,6.8874],[125.121,6.8829],[125.1268,6.8795],[125.1278,6.8692],[125.1168,6.8693],[125.1125,6.8819],[125.1003,6.8714],[125.1036,6.8645],[125.0995,6.8556],[125.084,6.856],[125.075,6.8449],[125.0644,6.84],[125.0638,6.8247],[125.0497,6.8287],[125.0497,6.8215],[125.058,6.8057],[125.0525,6.7821],[125.0462,6.7722]]]]}},{"type":"Feature","properties":{"name":"Buayan watershed","region":"Region-12","hectares":94296,"basin":"buayan-malungon"},"geometry":{"type":"MultiPolygon","coordinates":[[[[125.1729,6.4816],[125.1676,6.4787],[125.1664,6.4735],[125.152,6.4688],[125.1488,6.4594],[125.1405,6.4529],[125.1329,6.4407],[125.115,6.4393],[125.1105,6.4533],[125.1021,6.4468],[125.0863,6.4491],[125.0862,6.4414],[125.0921,6.431],[125.0866,6.4283],[125.0834,6.4197],[125.0834,6.4047],[125.0754,6.3624],[125.0942,6.3657],[125.1225,6.3592],[125.1369,6.3511],[125.1358,6.3479],[125.1403,6.3407],[125.1598,6.3292],[125.1688,6.3332],[125.1677,6.3391],[125.1713,6.3398],[125.1713,6.3462],[125.1784,6.3519],[125.2056,6.3582],[125.2173,6.3469],[125.2221,6.333],[125.2298,6.3243],[125.2546,6.3164],[125.26,6.3023],[125.2593,6.2849],[125.2561,6.2808],[125.2597,6.254],[125.2335,6.219],[125.2349,6.2131],[125.2466,6.2003],[125.2698,6.1944],[125.286,6.1989],[125.2984,6.2151],[125.3087,6.2234],[125.3209,6.2274],[125.3248,6.2394],[125.3336,6.245],[125.3343,6.2518],[125.3516,6.2613],[125.3707,6.2574],[125.3856,6.243],[125.3924,6.2424],[125.3989,6.2375],[125.4092,6.2382],[125.4144,6.234],[125.4377,6.2375],[125.452,6.2499],[125.4612,6.2528],[125.467,6.2594],[125.4771,6.2609],[125.4878,6.2706],[125.509,6.2694],[125.5095,6.2801],[125.5014,6.278],[125.4963,6.2804],[125.4898,6.2922],[125.4794,6.301],[125.4791,6.3072],[125.4674,6.3147],[125.469,6.3221],[125.4785,6.3249],[125.4854,6.3394],[125.4938,6.3442],[125.4997,6.3561],[125.5257,6.3871],[125.5222,6.4039],[125.4938,6.4356],[125.4842,6.4369],[125.4757,6.429],[125.4577,6.4399],[125.4377,6.4799],[125.4241,6.4741],[125.4192,6.4798],[125.4134,6.4804],[125.4103,6.4884],[125.4008,6.492],[125.3952,6.5045],[125.3859,6.5136],[125.3668,6.5238],[125.3667,6.5425],[125.3518,6.537],[125.3479,6.5385],[125.3436,6.5222],[125.3458,6.5134],[125.3405,6.4954],[125.3352,6.4904],[125.3187,6.4888],[125.3186,6.4768],[125.3132,6.4629],[125.2965,6.4497],[125.2852,6.4477],[125.2679,6.4363],[125.25,6.4356],[125.2352,6.4442],[125.2324,6.4415],[125.218,6.4409],[125.2194,6.4485],[125.2153,6.4512],[125.2127,6.4693],[125.2079,6.478],[125.1964,6.4743],[125.1729,6.4816]]]]}},{"type":"Feature","properties":{"name":"Silway watershed","region":"Region-12","hectares":34879,"basin":"buayan-malungon"},"geometry":{"type":"MultiPolygon","coordinates":[[[[125.1688,6.3332],[125.1585,6.3295],[125.1403,6.3407],[125.1358,6.3479],[125.1369,6.3511],[125.1225,6.3592],[125.0942,6.3657],[125.0756,6.3621],[125.0685,6.3332],[125.0602,6.3225],[125.0541,6.2926],[125.0441,6.2832],[125.0394,6.2729],[125.0356,6.2393],[125.04,6.2278],[125.0336,6.1968],[125.0246,6.1949],[125.0144,6.2014],[125.0048,6.1998],[124.9936,6.2041],[124.9911,6.2021],[124.9922,6.1975],[124.9859,6.1959],[124.9812,6.1899],[124.9716,6.1853],[124.9564,6.1855],[124.9513,6.1828],[124.9486,6.1735],[124.9506,6.1682],[124.9471,6.1655],[124.939,6.1617],[124.9332,6.1642],[124.9227,6.162],[124.9131,6.1642],[124.9139,6.1579],[124.9092,6.1499],[124.9112,6.148],[124.905,6.1435],[124.8969,6.1131],[124.9151,6.105],[124.9201,6.1055],[124.9235,6.1156],[124.9337,6.1258],[124.9374,6.1351],[124.9393,6.1252],[124.9481,6.12],[124.9539,6.1253],[124.9627,6.1259],[124.9711,6.1204],[124.9881,6.1277],[124.9962,6.1252],[125.0113,6.1361],[125.0119,6.1419],[125.0259,6.1448],[125.0373,6.1532],[125.0624,6.1607],[125.0943,6.1649],[125.1362,6.1577],[125.1515,6.1642],[125.1552,6.1951],[125.1506,6.2032],[125.1515,6.2291],[125.1392,6.2364],[125.1499,6.2501],[125.145,6.2663],[125.1511,6.2778],[125.15,6.286],[125.1566,6.2911],[125.1683,6.309],[125.1588,6.3185],[125.1688,6.3332]]]]}},{"type":"Feature","properties":{"name":"Silway sub-watershed","region":"Region-12","hectares":19153,"basin":"mindanao"},"geometry":{"type":"MultiPolygon","coordinates":[[[[124.9131,6.1641],[124.919,6.1649],[124.9227,6.162],[124.9332,6.1642],[124.939,6.1617],[124.9471,6.1655],[124.9506,6.1682],[124.9486,6.1735],[124.9513,6.1828],[124.9564,6.1855],[124.9716,6.1853],[124.9812,6.1899],[124.9859,6.1959],[124.9922,6.1975],[124.9911,6.2021],[124.9936,6.2041],[125.0048,6.1998],[125.0144,6.2014],[125.0246,6.1949],[125.0336,6.1968],[125.04,6.2278],[125.0356,6.2393],[125.0394,6.2729],[125.0441,6.2832],[125.0541,6.2926],[125.0602,6.3225],[125.0685,6.3332],[125.0756,6.362],[125.0548,6.3664],[125.0411,6.3527],[125.0371,6.3423],[125.0291,6.3374],[125.0206,6.3214],[125.0044,6.3091],[124.982,6.3026],[124.9597,6.2812],[124.9398,6.2829],[124.9422,6.274],[124.9381,6.2588],[124.9318,6.2521],[124.9255,6.2559],[124.9206,6.2499],[124.9138,6.25],[124.9187,6.2288],[124.9155,6.2215],[124.9046,6.2132],[124.9036,6.2022],[124.9062,6.198],[124.9035,6.1874],[124.9116,6.179],[124.9131,6.1641]]]]}},{"type":"Feature","properties":{"name":"Pailan watershed","region":"Region-12","hectares":32919,"basin":"mindanao"},"geometry":{"type":"MultiPolygon","coordinates":[[[[124.9064,6.1461],[124.9107,6.1468],[124.9092,6.1499],[124.914,6.1589],[124.9116,6.179],[124.9035,6.1874],[124.9062,6.198],[124.9036,6.2022],[124.9046,6.2132],[124.9155,6.2215],[124.9187,6.2288],[124.9138,6.25],[124.9206,6.2499],[124.9255,6.2559],[124.9318,6.2521],[124.9381,6.2588],[124.9422,6.274],[124.9392,6.2854],[124.9421,6.2888],[124.9378,6.2974],[124.9271,6.3039],[124.9209,6.3],[124.9159,6.3031],[124.9128,6.3016],[124.9012,6.3117],[124.9008,6.3174],[124.893,6.3192],[124.886,6.3282],[124.8816,6.34],[124.8837,6.3478],[124.8675,6.3614],[124.8707,6.3772],[124.8696,6.3894],[124.8511,6.4049],[124.8517,6.4103],[124.857,6.4115],[124.847,6.432],[124.8478,6.4363],[124.8357,6.4384],[124.8316,6.4444],[124.8284,6.4388],[124.8134,6.4359],[124.7925,6.4255],[124.783,6.4247],[124.7788,6.4187],[124.7808,6.4016],[124.7784,6.3744],[124.783,6.3483],[124.7771,6.3326],[124.7794,6.3175],[124.802,6.2706],[124.8116,6.2608],[124.8114,6.2527],[124.8173,6.2398],[124.826,6.2013],[124.8393,6.1787],[124.8443,6.172],[124.8556,6.1674],[124.8631,6.1603],[124.8787,6.161],[124.8919,6.1511],[124.9025,6.1519],[124.9064,6.1461]]]]}},{"type":"Feature","properties":{"name":"Matanao Watershed","region":"Region-11","hectares":18582,"basin":null},"geometry":{"type":"MultiPolygon","coordinates":[[[[125.2397,6.6881],[125.246,6.6905],[125.251,6.6969],[125.2332,6.7132],[125.2205,6.7524],[125.2195,6.7765],[125.2249,6.7911],[125.2242,6.8071],[125.2364,6.8174],[125.2457,6.8581],[125.2701,6.9085],[125.2587,6.941],[125.2613,6.9519],[125.2558,6.9593],[125.257,6.9518],[125.2471,6.9434],[125.2467,6.9352],[125.2349,6.9308],[125.231,6.9191],[125.2206,6.9122],[125.2199,6.9062],[125.2124,6.9072],[125.1968,6.8995],[125.1805,6.8787],[125.1662,6.8526],[125.1596,6.8098],[125.1661,6.7805],[125.1606,6.7465],[125.1632,6.7215],[125.1763,6.7127],[125.1902,6.7101],[125.225,6.6923],[125.2397,6.6881]]]]}},{"type":"Feature","properties":{"name":"Padada Watershed","region":"Region-11","hectares":60208,"basin":"mindanao"},"geometry":{"type":"MultiPolygon","coordinates":[[[[125.0462,6.7722],[125.0603,6.7534],[125.0626,6.7379],[125.0721,6.7159],[125.07,6.7112],[125.0842,6.6947],[125.0854,6.6831],[125.0904,6.6768],[125.0869,6.6654],[125.0907,6.6609],[125.091,6.653],[125.0818,6.6424],[125.0875,6.6292],[125.0786,6.6167],[125.0832,6.6129],[125.0793,6.5997],[125.0802,6.584],[125.0758,6.5712],[125.0696,6.5636],[125.0683,6.5529],[125.0761,6.549],[125.0859,6.5321],[125.0985,6.5278],[125.1013,6.5214],[125.0877,6.5131],[125.0854,6.5163],[125.0795,6.5154],[125.0714,6.5034],[125.0701,6.4977],[125.0726,6.4935],[125.0612,6.4914],[125.0497,6.4833],[125.0673,6.4705],[125.0653,6.4672],[125.0749,6.4533],[125.101,6.4468],[125.1105,6.4533],[125.115,6.4393],[125.1329,6.4407],[125.1405,6.4529],[125.1488,6.4594],[125.152,6.4688],[125.1664,6.4735],[125.1676,6.4787],[125.1729,6.4816],[125.1708,6.492],[125.1761,6.5131],[125.1694,6.5498],[125.1626,6.5597],[125.159,6.5743],[125.1606,6.5827],[125.155,6.5857],[125.154,6.5956],[125.1662,6.6056],[125.1765,6.6278],[125.1745,6.6332],[125.2018,6.6433],[125.2082,6.6506],[125.2265,6.6616],[125.2355,6.6732],[125.2512,6.6755],[125.2504,6.6815],[125.2425,6.6868],[125.225,6.6923],[125.1902,6.7101],[125.1763,6.7127],[125.1622,6.7233],[125.1607,6.7489],[125.1661,6.7805],[125.1596,6.8098],[125.1662,6.8526],[125.1947,6.8975],[125.2124,6.9072],[125.2199,6.9062],[125.2206,6.9122],[125.231,6.9191],[125.2349,6.9308],[125.2463,6.9347],[125.2471,6.9434],[125.257,6.9518],[125.2563,6.9583],[125.2521,6.9703],[125.2461,6.9697],[125.2426,6.9774],[125.2359,6.979],[125.204,6.9551],[125.1852,6.9347],[125.1739,6.9281],[125.1577,6.9242],[125.1505,6.9323],[125.1439,6.9281],[125.1411,6.9195],[125.1423,6.8968],[125.1199,6.8874],[125.121,6.8829],[125.1268,6.8795],[125.1278,6.8692],[125.1168,6.8693],[125.1125,6.8819],[125.1003,6.8714],[125.1036,6.8645],[125.0995,6.8556],[125.084,6.856],[125.075,6.8449],[125.0644,6.84],[125.0638,6.8247],[125.0497,6.8287],[125.0497,6.8215],[125.058,6.8057],[125.0525,6.7821],[125.0462,6.7722]]]]}},{"type":"Feature","properties":{"name":"Sumlog Watershed","region":"Region-11","hectares":44579,"basin":null},"geometry":{"type":"MultiPolygon","coordinates":[[[[126.0601,7.2704],[126.0677,7.2532],[126.0805,7.255],[126.0882,7.248],[126.087,7.2371],[126.0945,7.2311],[126.091,7.219],[126.0926,7.2027],[126.0857,7.1907],[126.0848,7.1722],[126.0741,7.1664],[126.0684,7.1592],[126.0533,7.152],[126.0508,7.1371],[126.0442,7.1332],[126.0429,7.1183],[126.0357,7.1152],[126.0366,7.1031],[126.0338,7.0985],[126.0393,7.0874],[126.0393,7.0768],[126.0322,7.0775],[126.0293,7.0726],[126.0348,7.0686],[126.0319,7.0578],[126.0565,7.057],[126.0571,7.0444],[126.0652,7.0397],[126.0773,7.0391],[126.0774,7.0256],[126.0804,7.0224],[126.0764,7.0075],[126.0685,7.0078],[126.0544,6.9941],[126.0432,6.9916],[126.0463,6.9855],[126.042,6.9802],[126.0592,6.9686],[126.0728,6.9673],[126.0766,6.9641],[126.0763,6.9543],[126.0943,6.9645],[126.1068,6.9668],[126.1137,6.9761],[126.1182,6.974],[126.1272,6.9791],[126.1339,6.9851],[126.1389,6.9997],[126.1469,7.0026],[126.1517,7.0147],[126.1748,7.0216],[126.1753,7.0318],[126.1849,7.0351],[126.1826,7.0527],[126.191,7.0686],[126.1871,7.0939],[126.195,7.1008],[126.2177,7.1053],[126.2144,7.1271],[126.2179,7.1469],[126.2227,7.1484],[126.2252,7.1538],[126.2203,7.1696],[126.2268,7.1857],[126.2253,7.1922],[126.2156,7.2033],[126.2038,7.2099],[126.2099,7.2162],[126.2043,7.2567],[126.1793,7.246],[126.1758,7.2387],[126.1608,7.2261],[126.1566,7.2272],[126.1568,7.2148],[126.1492,7.2026],[126.1383,7.2096],[126.138,7.2126],[126.1321,7.213],[126.1336,7.2193],[126.1297,7.2228],[126.1305,7.2314],[126.1224,7.2351],[126.1148,7.2475],[126.1062,7.2526],[126.0897,7.281],[126.0821,7.2847],[126.077,7.2931],[126.0713,7.2955],[126.0668,7.2859],[126.059,7.2825],[126.0574,7.275],[126.0601,7.2704]]]]}},{"type":"Feature","properties":{"name":"Saug Watershed","region":"Region-11","hectares":64829,"basin":"tagum-libuganon"},"geometry":{"type":"MultiPolygon","coordinates":[[[[125.6342,7.8341],[125.6327,7.8234],[125.6358,7.8082],[125.6554,7.8077],[125.6585,7.7964],[125.6695,7.7872],[125.6786,7.7843],[125.6792,7.7598],[125.6834,7.7486],[125.7016,7.7445],[125.7233,7.7448],[125.7372,7.7351],[125.7562,7.731],[125.7615,7.713],[125.7727,7.6973],[125.7707,7.6748],[125.7668,7.6652],[125.7672,7.6518],[125.7696,7.6423],[125.7775,7.6347],[125.7859,7.6344],[125.7945,7.6426],[125.8111,7.6482],[125.8165,7.6566],[125.8248,7.6622],[125.8526,7.6633],[125.8675,7.6583],[125.8725,7.6522],[125.8854,7.6492],[125.8937,7.6405],[125.8875,7.6382],[125.8936,7.6324],[125.8896,7.6183],[125.8911,7.6103],[125.8878,7.6077],[125.8939,7.6042],[125.8955,7.5963],[125.9032,7.5962],[125.9083,7.6052],[125.9212,7.6114],[125.9227,7.6182],[125.9284,7.6149],[125.9427,7.6215],[125.9427,7.6289],[125.9571,7.6535],[125.956,7.6574],[125.9621,7.6623],[125.9606,7.6685],[125.9665,7.6905],[125.964,7.7],[125.9733,7.7189],[125.9685,7.7303],[125.9843,7.7613],[125.9854,7.7787],[125.9925,7.7926],[125.9911,7.7999],[125.9947,7.8058],[125.992,7.8105],[125.9955,7.8307],[126.001,7.8356],[126.0006,7.8435],[125.9932,7.8425],[125.9914,7.8567],[125.9875,7.8591],[125.9869,7.8669],[125.9913,7.8757],[125.9866,7.8866],[125.9777,7.8818],[125.973,7.8954],[125.9641,7.8953],[125.9598,7.8987],[125.953,7.897],[125.9553,7.8944],[125.9531,7.886],[125.9476,7.8841],[125.9447,7.8708],[125.9396,7.8691],[125.9405,7.8661],[125.9355,7.86],[125.9354,7.8448],[125.9236,7.8413],[125.9241,7.8363],[125.9162,7.8215],[125.918,7.8042],[125.9125,7.7961],[125.9112,7.7816],[125.9052,7.7758],[125.902,7.7609],[125.8955,7.7582],[125.8757,7.7813],[125.8871,7.8089],[125.8891,7.8248],[125.8723,7.8264],[125.8607,7.8224],[125.8432,7.8106],[125.8311,7.8114],[125.827,7.8195],[125.8214,7.8172],[125.8127,7.8191],[125.8053,7.8122],[125.7962,7.8111],[125.7828,7.8297],[125.7586,7.8371],[125.7557,7.8443],[125.7423,7.8444],[125.739,7.8406],[125.7319,7.8436],[125.7228,7.8532],[125.7242,7.8615],[125.7212,7.8702],[125.7073,7.878],[125.6911,7.8714],[125.6744,7.8783],[125.6719,7.8705],[125.662,7.8671],[125.658,7.8579],[125.6513,7.8562],[125.6456,7.8499],[125.6383,7.8512],[125.6342,7.8341]]]]}},{"type":"Feature","properties":{"name":"Casecnan Watershed Forest Reserve","region":"Region-2","hectares":86686,"basin":"cagayan"},"geometry":{"type":"MultiPolygon","coordinates":[[[[121.2625,15.9182],[121.2689,15.9116],[121.2808,15.9088],[121.2921,15.8975],[121.2941,15.8869],[121.3167,15.867],[121.3241,15.8719],[121.3429,15.8673],[121.352,15.8746],[121.3603,15.8749],[121.3711,15.88],[121.3744,15.8983],[121.3947,15.9025],[121.3988,15.9059],[121.4109,15.9051],[121.4181,15.9134],[121.4311,15.9035],[121.4324,15.8993],[121.4501,15.8938],[121.4586,15.8956],[121.4627,15.8922],[121.4748,15.9103],[121.4869,15.9153],[121.4876,15.9358],[121.503,15.9344],[121.506,15.9404],[121.5141,15.941],[121.5201,15.9493],[121.5268,15.9508],[121.5449,15.9668],[121.5436,15.9742],[121.5474,15.9775],[121.5471,15.9843],[121.5379,15.9942],[121.5376,16.0031],[121.5304,16.0117],[121.5369,16.0204],[121.5295,16.0276],[121.5276,16.0361],[121.517,16.0427],[121.511,16.0519],[121.4995,16.0494],[121.4972,16.0451],[121.4746,16.0416],[121.4694,16.046],[121.4635,16.0459],[121.4618,16.0537],[121.4553,16.06],[121.4427,16.0604],[121.4353,16.0555],[121.424,16.0556],[121.4092,16.0495],[121.3925,16.0478],[121.3767,16.0682],[121.369,16.0653],[121.3663,16.0694],[121.3616,16.0673],[121.3571,16.0707],[121.3452,16.0619],[121.3351,16.0589],[121.3284,16.0617],[121.318,16.0515],[121.3161,16.0406],[121.3082,16.0426],[121.2954,16.069],[121.2832,16.0805],[121.2855,16.0939],[121.278,16.097],[121.2769,16.1097],[121.2804,16.1251],[121.2675,16.1297],[121.2632,16.1389],[121.2625,16.1448],[121.2711,16.1541],[121.2693,16.1685],[121.281,16.1584],[121.293,16.1602],[121.2877,16.1797],[121.2844,16.1825],[121.2844,16.2152],[121.2737,16.2267],[121.2517,16.229],[121.2407,16.2366],[121.2373,16.2461],[121.2326,16.2488],[121.2254,16.2387],[121.2076,16.2316],[121.1975,16.2404],[121.1886,16.236],[121.1885,16.2152],[121.1777,16.2071],[121.176,16.1886],[121.1672,16.1796],[121.1568,16.1766],[121.1441,16.1805],[121.1396,16.1691],[121.1275,16.1643],[121.1209,16.1541],[121.1083,16.1453],[121.1008,16.1309],[121.1078,16.1224],[121.1093,16.0993],[121.1229,16.0956],[121.1283,16.0898],[121.1489,16.0919],[121.1706,16.0681],[121.1805,16.0633],[121.1772,16.0549],[121.1808,16.0496],[121.1743,16.0374],[121.18,16.0325],[121.1809,16.0216],[121.1878,16.0137],[121.1802,15.998],[121.1898,15.9908],[121.2045,15.9903],[121.2091,15.9816],[121.2238,15.9766],[121.2289,15.9654],[121.2301,15.9395],[121.2371,15.9409],[121.2479,15.9358],[121.2546,15.9235],[121.2625,15.9182]]]]}},{"type":"Feature","properties":{"name":"Tigman River Watershewd","region":"Region-5","hectares":3388,"basin":"bicol"},"geometry":{"type":"MultiPolygon","coordinates":[[[[123.2985,13.7302],[123.3042,13.7199],[123.3104,13.7208],[123.312,13.7128],[123.3238,13.71],[123.3304,13.7046],[123.3434,13.6859],[123.3552,13.6786],[123.37,13.6745],[123.3751,13.6654],[123.3793,13.6652],[123.3735,13.6782],[123.3729,13.691],[123.3594,13.7022],[123.3515,13.7173],[123.3508,13.7249],[123.3435,13.7339],[123.3454,13.7416],[123.3409,13.7423],[123.3401,13.7453],[123.333,13.7442],[123.3186,13.7492],[123.3183,13.7519],[123.3089,13.752],[123.3056,13.7561],[123.293,13.745],[123.2934,13.7377],[123.2998,13.7327],[123.2985,13.7302]]]]}},{"type":"Feature","properties":{"name":"Hinagyanan River Watershed","region":"Region-5","hectares":1867,"basin":"bicol"},"geometry":{"type":"MultiPolygon","coordinates":[[[[123.272,13.7285],[123.2834,13.706],[123.3024,13.6937],[123.3436,13.6772],[123.355,13.6787],[123.3428,13.6863],[123.3376,13.6964],[123.3238,13.71],[123.312,13.7128],[123.3104,13.7208],[123.3042,13.7199],[123.2985,13.7302],[123.2892,13.7268],[123.272,13.7285]]]]}},{"type":"Feature","properties":{"name":"Inarihan River Watershed","region":"Region-5","hectares":3394,"basin":"bicol"},"geometry":{"type":"MultiPolygon","coordinates":[[[[123.2363,13.7124],[123.2352,13.7068],[123.2542,13.6848],[123.2943,13.6664],[123.3085,13.6673],[123.33,13.6633],[123.3521,13.6652],[123.3729,13.6574],[123.3772,13.6648],[123.3666,13.6761],[123.3565,13.6787],[123.3436,13.6772],[123.2999,13.6959],[123.2768,13.6988],[123.2431,13.7136],[123.2363,13.7124]]]]}},{"type":"Feature","properties":{"name":"Dipalo","region":"Region-1","hectares":3832,"basin":"agno"},"geometry":{"type":"MultiPolygon","coordinates":[[[[120.8635,16.0282],[120.86,16.0064],[120.8497,16.0017],[120.8472,15.997],[120.85,15.9854],[120.867,15.9861],[120.8843,15.9822],[120.8894,15.9865],[120.8948,16.0067],[120.9049,16.0135],[120.909,16.0266],[120.9145,16.0275],[120.9221,16.0368],[120.9196,16.0452],[120.91,16.0531],[120.9069,16.0602],[120.9022,16.061],[120.897,16.0705],[120.8867,16.0659],[120.8773,16.0411],[120.8683,16.0359],[120.8635,16.0282]]]]}},{"type":"Feature","properties":{"name":"Agos River Watershed","region":"Region-4","hectares":91499,"basin":null},"geometry":{"type":"MultiPolygon","coordinates":[[[[121.5653,14.752],[121.5624,14.7667],[121.5499,14.7907],[121.5525,14.8172],[121.5442,14.8289],[121.5474,14.8495],[121.5378,14.8578],[121.5315,14.8751],[121.5158,14.8825],[121.5155,14.893],[121.4992,14.912],[121.493,14.9264],[121.4849,14.9671],[121.4682,14.9822],[121.466,14.9886],[121.4602,14.9907],[121.4569,15.0103],[121.4478,15.0112],[121.4382,15.0052],[121.4348,14.9995],[121.4368,14.9878],[121.4321,14.9803],[121.4272,14.9433],[121.433,14.9332],[121.4307,14.9201],[121.4231,14.9214],[121.4015,14.913],[121.4034,14.8869],[121.4093,14.8708],[121.4058,14.8636],[121.3966,14.857],[121.3984,14.8499],[121.4071,14.8415],[121.403,14.8236],[121.4122,14.8151],[121.4073,14.797],[121.3903,14.8062],[121.3638,14.8002],[121.3559,14.8031],[121.3558,14.8089],[121.3443,14.8222],[121.3377,14.8195],[121.3358,14.8041],[121.3277,14.7911],[121.3188,14.7923],[121.3164,14.786],[121.2989,14.7816],[121.297,14.7781],[121.2975,14.7659],[121.3019,14.758],[121.2993,14.7542],[121.3138,14.7496],[121.3114,14.7386],[121.3144,14.7242],[121.3111,14.7156],[121.3186,14.7116],[121.3269,14.6785],[121.327,14.6665],[121.3132,14.647],[121.3162,14.6443],[121.3108,14.632],[121.3208,14.6126],[121.3178,14.5946],[121.3207,14.5896],[121.3254,14.5906],[121.3365,14.5995],[121.3421,14.6105],[121.3482,14.6045],[121.3507,14.5946],[121.3599,14.5829],[121.3528,14.5672],[121.3512,14.5482],[121.3602,14.5383],[121.3592,14.5337],[121.3747,14.5401],[121.3887,14.553],[121.4013,14.5552],[121.4103,14.5644],[121.4204,14.5689],[121.4313,14.559],[121.4381,14.564],[121.4532,14.5627],[121.4648,14.5664],[121.4788,14.5548],[121.4955,14.5694],[121.5034,14.5824],[121.5195,14.599],[121.5341,14.61],[121.5369,14.6207],[121.5434,14.6265],[121.5611,14.6623],[121.5688,14.6639],[121.5841,14.6897],[121.5913,14.6922],[121.5985,14.7093],[121.6032,14.7091],[121.6101,14.722],[121.6173,14.724],[121.6174,14.733],[121.6241,14.7335],[121.6274,14.7389],[121.6252,14.7436],[121.6117,14.7491],[121.606,14.7369],[121.5886,14.7364],[121.5804,14.7401],[121.5778,14.7367],[121.567,14.7353],[121.5653,14.752]]]]}},{"type":"Feature","properties":{"name":"Marikina River Watershed","region":"Region-4","hectares":27952,"basin":"pasig-marikina"},"geometry":{"type":"MultiPolygon","coordinates":[[[[121.1906,14.7266],[121.1922,14.7105],[121.1891,14.7031],[121.1968,14.6954],[121.1968,14.6895],[121.202,14.683],[121.2082,14.6803],[121.2088,14.6748],[121.2054,14.671],[121.2071,14.6658],[121.2201,14.6498],[121.2235,14.6397],[121.2287,14.6382],[121.2348,14.6284],[121.2425,14.6231],[121.2463,14.6138],[121.2506,14.6133],[121.2646,14.5829],[121.2702,14.5887],[121.2803,14.574],[121.2975,14.5717],[121.3059,14.5745],[121.3075,14.5823],[121.3156,14.5794],[121.3166,14.5842],[121.3213,14.5857],[121.3174,14.5952],[121.3204,14.6132],[121.3105,14.6321],[121.3158,14.6446],[121.3144,14.6489],[121.3266,14.665],[121.3261,14.6794],[121.3184,14.7117],[121.3109,14.7165],[121.3151,14.7248],[121.3114,14.7383],[121.3132,14.7479],[121.2991,14.7537],[121.3017,14.7578],[121.2972,14.7659],[121.2968,14.7788],[121.3,14.7826],[121.3167,14.7864],[121.3249,14.8035],[121.324,14.8097],[121.3196,14.8097],[121.3158,14.8168],[121.3116,14.8172],[121.3098,14.827],[121.3032,14.8292],[121.3001,14.836],[121.29,14.8308],[121.2758,14.8306],[121.268,14.8338],[121.2567,14.8243],[121.2455,14.8226],[121.2351,14.8042],[121.2371,14.783],[121.2349,14.7746],[121.2287,14.776],[121.2163,14.7675],[121.2062,14.7485],[121.1925,14.7431],[121.1906,14.7266]]]]}},{"type":"Feature","properties":{"name":"Taguibo River Watershed","region":"Region -13","hectares":5536,"basin":"agusan"},"geometry":{"type":"MultiPolygon","coordinates":[[[[125.7181,9.0957],[125.7118,9.0928],[125.704,9.095],[125.6992,9.0709],[125.6852,9.0641],[125.6822,9.0443],[125.6693,9.03],[125.6627,9.0308],[125.6423,9.0234],[125.6415,9.0125],[125.637,9.012],[125.6331,8.9937],[125.6382,8.9915],[125.6496,8.993],[125.6534,8.9836],[125.6644,8.9946],[125.6788,8.9884],[125.6904,9.0011],[125.7089,9.0062],[125.7061,9.0192],[125.7142,9.0215],[125.7262,9.0351],[125.7224,9.0393],[125.721,9.0512],[125.7178,9.0534],[125.7242,9.0738],[125.7181,9.0957]]]]}},{"type":"Feature","properties":{"name":"Cabadbaran River Watershed","region":"Region -13","hectares":20916,"basin":"agusan"},"geometry":{"type":"MultiPolygon","coordinates":[[[[125.5884,9.1174],[125.5909,9.1094],[125.5962,9.1057],[125.6254,9.1005],[125.6288,9.0948],[125.6527,9.0866],[125.6677,9.0873],[125.6776,9.0915],[125.6969,9.0902],[125.7061,9.0948],[125.714,9.0922],[125.7212,9.0997],[125.7297,9.1018],[125.7342,9.1111],[125.7322,9.1317],[125.7375,9.1359],[125.736,9.1411],[125.7396,9.156],[125.745,9.1696],[125.7535,9.1792],[125.7575,9.1794],[125.7531,9.1952],[125.7363,9.2011],[125.7261,9.2128],[125.7261,9.2374],[125.7145,9.2414],[125.7145,9.2566],[125.7054,9.2718],[125.692,9.279],[125.6832,9.2654],[125.6699,9.2622],[125.6657,9.2425],[125.6622,9.2367],[125.6523,9.2311],[125.6387,9.1946],[125.6456,9.1824],[125.6369,9.156],[125.6337,9.1558],[125.6284,9.1459],[125.613,9.1394],[125.6091,9.1317],[125.5911,9.1238],[125.5884,9.1174]]]]}},{"type":"Feature","properties":{"name":"Andanan River Watershed","region":"Region -13","hectares":21374,"basin":"agusan"},"geometry":{"type":"MultiPolygon","coordinates":[[[[125.7633,8.8555],[125.7506,8.841],[125.751,8.8308],[125.745,8.8191],[125.7545,8.8152],[125.7606,8.8014],[125.761,8.787],[125.7555,8.7759],[125.7444,8.7664],[125.7434,8.7602],[125.7348,8.7522],[125.7011,8.7482],[125.6914,8.7513],[125.6818,8.7451],[125.6857,8.7411],[125.6896,8.7262],[125.6948,8.7244],[125.6995,8.7168],[125.7224,8.7218],[125.7383,8.7165],[125.7512,8.7166],[125.76,8.723],[125.7684,8.7386],[125.7784,8.7436],[125.7794,8.7582],[125.7986,8.7594],[125.8025,8.7686],[125.8125,8.7769],[125.8266,8.7807],[125.8278,8.7896],[125.8381,8.8062],[125.8508,8.8164],[125.8548,8.8372],[125.8646,8.856],[125.8884,8.8673],[125.8884,8.8734],[125.8748,8.8865],[125.8757,8.9015],[125.8831,8.9099],[125.8822,8.9251],[125.8736,8.9296],[125.8638,8.9451],[125.8512,8.945],[125.8455,8.9405],[125.8288,8.9407],[125.8221,8.9294],[125.8133,8.927],[125.8125,8.9148],[125.8027,8.9028],[125.7986,8.8801],[125.7881,8.8743],[125.7855,8.8655],[125.7799,8.8613],[125.769,8.8647],[125.7633,8.8555]]]]}},{"type":"Feature","properties":{"name":"Abulog River Watershed","region":"CAR","hectares":207700,"basin":"apayao-abulug"},"geometry":{"type":"MultiPolygon","coordinates":[[[[121.1337,18.2375],[121.1176,18.2418],[121.1118,18.2482],[121.0974,18.3122],[121.0815,18.323],[121.0763,18.3302],[121.0872,18.3626],[121.0826,18.3773],[121.0732,18.3888],[121.0571,18.3895],[121.049,18.3957],[121.0362,18.4174],[121.0103,18.4329],[121.0013,18.4574],[120.9892,18.4625],[120.9639,18.4505],[120.9512,18.4391],[120.9413,18.3612],[120.9512,18.3334],[120.9379,18.2666],[120.934,18.2614],[120.9173,18.2635],[120.911,18.258],[120.9314,18.2155],[120.9442,18.2035],[120.967,18.1966],[120.9816,18.1653],[120.9778,18.158],[120.9451,18.1248],[120.9317,18.0931],[120.9301,18.0786],[120.9356,18.0217],[120.9471,17.9969],[120.9408,17.9817],[120.9393,17.9633],[120.9686,17.9464],[120.9951,17.9367],[121.0009,17.9304],[121.0032,17.9112],[120.9935,17.8843],[120.9948,17.8559],[121.0235,17.8339],[121.0486,17.8341],[121.0701,17.8427],[121.0815,17.8397],[121.1006,17.822],[121.1149,17.788],[121.1207,17.7853],[121.1289,17.7892],[121.1405,17.8149],[121.1577,17.8328],[121.1875,17.8419],[121.2213,17.8446],[121.2285,17.8489],[121.2358,17.8798],[121.2352,17.9142],[121.2413,17.9263],[121.2543,17.9259],[121.2814,17.9079],[121.3197,17.922],[121.3788,17.9975],[121.3829,17.998],[121.4009,18.031],[121.3983,18.0368],[121.3753,18.0471],[121.3703,18.0542],[121.3751,18.0964],[121.388,18.1186],[121.3849,18.1248],[121.3727,18.1342],[121.366,18.1457],[121.3687,18.1664],[121.3799,18.1834],[121.384,18.1986],[121.3815,18.2104],[121.3691,18.2242],[121.3578,18.2282],[121.336,18.2069],[121.2985,18.1995],[121.2645,18.2043],[121.2333,18.1988],[121.2252,18.2074],[121.2236,18.2153],[121.2193,18.2172],[121.1865,18.2022],[121.1687,18.1989],[121.1608,18.2018],[121.1465,18.2311],[121.1337,18.2375]]]]}},{"type":"Feature","properties":{"name":"Upper & Lower Chico River Watershed","region":"CAR","hectares":217204,"basin":"cagayan"},"geometry":{"type":"MultiPolygon","coordinates":[[[[121.1219,17.6718],[121.1037,17.6673],[121.0961,17.6618],[121.0947,17.6567],[121.0982,17.6294],[121.0936,17.6176],[121.113,17.591],[121.116,17.5747],[121.1125,17.5609],[121.1063,17.5518],[121.0892,17.5383],[121.0137,17.5038],[121.0001,17.4935],[120.9984,17.485],[121.0085,17.4683],[121.0087,17.4343],[121.0036,17.4187],[121.0016,17.3916],[120.9953,17.3794],[120.9357,17.3008],[120.9232,17.2373],[120.9225,17.2289],[120.9452,17.2306],[120.9782,17.2401],[120.9906,17.2553],[121.0144,17.2678],[121.028,17.2868],[121.0531,17.3093],[121.0752,17.3163],[121.1388,17.3246],[121.1566,17.3424],[121.173,17.3704],[121.2061,17.38],[121.2252,17.3926],[121.2403,17.3893],[121.2426,17.3821],[121.2389,17.3667],[121.2119,17.31],[121.1921,17.2883],[121.1836,17.2485],[121.1691,17.2255],[121.1591,17.1839],[121.1673,17.1523],[121.1658,17.1298],[121.1206,17.0912],[121.0944,17.0555],[121.0798,17.0512],[121.0719,17.0374],[121.0641,17.0339],[121.0558,17.0182],[121.0516,16.9988],[121.0928,17.0053],[121.1364,17.0061],[121.1505,17.0112],[121.1544,17.0256],[121.1781,17.0602],[121.2054,17.0782],[121.2267,17.1047],[121.25,17.1149],[121.2482,17.1211],[121.2345,17.1292],[121.2282,17.1375],[121.2275,17.1478],[121.2474,17.1794],[121.25,17.1896],[121.2641,17.2016],[121.2628,17.2357],[121.2699,17.2693],[121.2837,17.2882],[121.2988,17.3317],[121.3081,17.3441],[121.3557,17.3584],[121.3809,17.3759],[121.3999,17.3848],[121.4259,17.3795],[121.4489,17.3592],[121.4868,17.3394],[121.5107,17.3419],[121.5206,17.3727],[121.5702,17.4224],[121.5668,17.4625],[121.5594,17.4938],[121.5526,17.4982],[121.5275,17.4966],[121.5161,17.5058],[121.5121,17.5176],[121.5112,17.536],[121.5018,17.5638],[121.4666,17.5943],[121.4367,17.6403],[121.4433,17.684],[121.4241,17.7109],[121.4106,17.722],[121.3961,17.7247],[121.3669,17.7112],[121.3546,17.6972],[121.3501,17.6865],[121.3381,17.6793],[121.3318,17.6571],[121.3244,17.6502],[121.2804,17.6297],[121.2489,17.6296],[121.2315,17.6205],[121.1369,17.669],[121.1219,17.6718]]]]}},{"type":"Feature","properties":{"name":"Mallig River Watershed","region":"CAR","hectares":49706,"basin":"cagayan"},"geometry":{"type":"MultiPolygon","coordinates":[[[[121.2885,17.3507],[121.286,17.3434],[121.2907,17.3323],[121.2879,17.3021],[121.2779,17.2891],[121.275,17.2746],[121.2594,17.2634],[121.2542,17.2536],[121.2604,17.2168],[121.2571,17.2032],[121.2697,17.2007],[121.2781,17.1907],[121.2889,17.1888],[121.3105,17.1715],[121.3438,17.1762],[121.3484,17.189],[121.3766,17.2181],[121.3951,17.2287],[121.4243,17.2343],[121.4427,17.2303],[121.458,17.222],[121.4826,17.196],[121.4907,17.1921],[121.5074,17.191],[121.5163,17.1939],[121.5312,17.2137],[121.5609,17.2349],[121.5543,17.2663],[121.5546,17.2967],[121.5519,17.3065],[121.5357,17.3209],[121.5309,17.333],[121.5099,17.3464],[121.4869,17.3483],[121.4227,17.3649],[121.4166,17.3693],[121.4131,17.3822],[121.4092,17.3843],[121.3809,17.3798],[121.3462,17.3545],[121.3216,17.346],[121.3103,17.3465],[121.2967,17.3551],[121.2885,17.3507]]]]}},{"type":"Feature","properties":{"name":"Manucotae River Watershed","region":"CAR","hectares":2029,"basin":"apayao-abulug"},"geometry":{"type":"MultiPolygon","coordinates":[[[[121.284,18.4312],[121.2717,18.4221],[121.2531,18.396],[121.2302,18.3866],[121.228,18.3804],[121.2303,18.376],[121.2522,18.3762],[121.28,18.3865],[121.2909,18.3983],[121.2935,18.4076],[121.2923,18.4187],[121.284,18.4312]]]]}},{"type":"Feature","properties":{"name":"Rugnan River Watershed","region":"ARMM","hectares":10324,"basin":"ranao-agus"},"geometry":{"type":"MultiPolygon","coordinates":[[[[124.5097,7.6948],[124.4777,7.7166],[124.455,7.7459],[124.4258,7.7581],[124.3552,7.7586],[124.3372,7.7528],[124.3284,7.7383],[124.3288,7.7274],[124.3339,7.7165],[124.3424,7.7092],[124.3574,7.7079],[124.385,7.714],[124.3968,7.7123],[124.425,7.6959],[124.4558,7.6833],[124.5006,7.6763],[124.5097,7.6948]]]]}},{"type":"Feature","properties":{"name":"Caracan River Watershed","region":"R13","hectares":47024,"basin":"agusan"},"geometry":{"type":"MultiPolygon","coordinates":[[[[125.8521,8.8097],[125.8579,8.8004],[125.8673,8.7591],[125.8667,8.6563],[125.8813,8.6255],[125.919,8.5834],[125.9483,8.5674],[125.9609,8.5643],[125.9875,8.5655],[126.0172,8.5775],[126.0349,8.6007],[126.0456,8.6369],[126.0362,8.7158],[126.0322,8.7263],[125.9934,8.7651],[125.9786,8.7883],[125.93,8.8166],[125.9152,8.8501],[125.907,8.8569],[125.8957,8.8599],[125.8915,8.866],[125.8766,8.8604],[125.8567,8.8462],[125.8489,8.8225],[125.8521,8.8097]]]]}},{"type":"Feature","properties":{"name":"Simulao River Watershed","region":"R13","hectares":43351,"basin":"agusan"},"geometry":{"type":"MultiPolygon","coordinates":[[[[126.0828,7.9965],[126.1018,7.9827],[126.1166,7.9671],[126.1206,7.9474],[126.1133,7.9137],[126.1154,7.9046],[126.1342,7.8885],[126.1555,7.8562],[126.1831,7.8421],[126.1938,7.8163],[126.2024,7.8064],[126.2381,7.7924],[126.2474,7.7914],[126.2696,7.808],[126.2762,7.8189],[126.3008,7.8877],[126.3011,7.8983],[126.2913,7.9125],[126.2898,7.923],[126.3046,7.9611],[126.3005,7.9682],[126.2792,7.9802],[126.2621,7.9966],[126.2656,7.9985],[126.2514,8.0294],[126.2392,8.0365],[126.1999,8.0333],[126.1868,8.0288],[126.1684,8.0116],[126.1487,8.0091],[126.1211,8.0156],[126.0984,8.0388],[126.0765,8.0449],[126.0627,8.0396],[126.0545,8.0303],[126.0586,8.0183],[126.0828,7.9965]]]]}},{"type":"Feature","properties":{"name":"Tago River Watershed","region":"R13","hectares":98058,"basin":null},"geometry":{"type":"MultiPolygon","coordinates":[[[[125.7616,9.188],[125.7607,9.175],[125.7468,9.1669],[125.7382,9.1481],[125.7299,9.1195],[125.7319,9.1072],[125.7283,9.0981],[125.7439,9.1008],[125.7574,9.0897],[125.7781,9.0833],[125.7941,9.0735],[125.8156,9.039],[125.817,9.0156],[125.8271,8.995],[125.8228,8.9706],[125.8146,8.9563],[125.8192,8.9383],[125.8564,8.9476],[125.8665,8.9445],[125.8763,8.937],[125.8863,8.9166],[125.8821,8.8861],[125.8928,8.8587],[125.8994,8.8542],[125.918,8.8543],[125.9215,8.832],[125.9311,8.8168],[125.9416,8.8121],[125.9724,8.8066],[125.978,8.788],[125.9864,8.7743],[126.0063,8.8241],[126.0121,8.8265],[126.0419,8.8239],[126.0335,8.8402],[126.0322,8.8558],[126.0658,8.9175],[126.0639,8.9384],[126.0727,8.9575],[126.0753,8.9886],[126.0712,9.008],[126.0898,9.0245],[126.0851,9.0458],[126.0678,9.0618],[126.0494,9.1067],[126.0262,9.0976],[126.0149,9.1011],[125.984,9.1244],[125.9753,9.1558],[125.961,9.1579],[125.94,9.186],[125.93,9.1866],[125.9108,9.1816],[125.9033,9.1762],[125.8971,9.1629],[125.8903,9.1568],[125.8678,9.172],[125.8396,9.164],[125.8278,9.1741],[125.8086,9.1828],[125.8108,9.1959],[125.8084,9.201],[125.7973,9.1937],[125.7745,9.1936],[125.7616,9.188]]]]}},{"type":"Feature","properties":{"name":"Allah River Watershed","region":"R12","hectares":87394,"basin":"mindanao"},"geometry":{"type":"MultiPolygon","coordinates":[[[[124.6489,6.4401],[124.5861,6.4144],[124.5586,6.4174],[124.5479,6.4155],[124.5348,6.4038],[124.5262,6.3838],[124.5276,6.3758],[124.5377,6.3589],[124.5345,6.337],[124.5385,6.3207],[124.5713,6.2913],[124.5757,6.2728],[124.5922,6.2596],[124.5981,6.2372],[124.6067,6.2311],[124.6229,6.2284],[124.6284,6.2242],[124.6343,6.1894],[124.6427,6.1694],[124.6859,6.1148],[124.7015,6.1036],[124.7132,6.0821],[124.7214,6.0757],[124.7409,6.0691],[124.7562,6.0564],[124.7673,6.0576],[124.7895,6.0691],[124.8219,6.0754],[124.8571,6.0957],[124.8763,6.0946],[124.888,6.09],[124.8984,6.0925],[124.9055,6.1056],[124.9025,6.1159],[124.9103,6.1357],[124.9105,6.1479],[124.9005,6.1487],[124.8751,6.1583],[124.8427,6.183],[124.8192,6.2066],[124.803,6.2369],[124.7925,6.3021],[124.787,6.3149],[124.7814,6.3221],[124.7669,6.3236],[124.749,6.3366],[124.7079,6.394],[124.6731,6.4276],[124.6489,6.4401]]]]}},{"type":"Feature","properties":{"name":"Banga River Wtershed","region":"R12","hectares":32644,"basin":"mindanao"},"geometry":{"type":"MultiPolygon","coordinates":[[[[124.8425,6.4257],[124.8069,6.4292],[124.7933,6.4265],[124.7865,6.4213],[124.7834,6.4105],[124.7816,6.3201],[124.7925,6.3021],[124.803,6.2369],[124.8177,6.2085],[124.8427,6.183],[124.8751,6.1583],[124.9026,6.1481],[124.9131,6.1484],[124.9166,6.1579],[124.9065,6.1899],[124.9061,6.2102],[124.9145,6.2326],[124.9391,6.2561],[124.9416,6.2679],[124.9398,6.2812],[124.9318,6.2921],[124.9088,6.303],[124.9002,6.3172],[124.8873,6.3283],[124.8838,6.3457],[124.8719,6.3646],[124.8701,6.3951],[124.8612,6.394],[124.8568,6.3966],[124.8425,6.4257]]]]}},{"type":"Feature","properties":{"name":"Kabacan River Watershed","region":"R12","hectares":72030,"basin":"mindanao"},"geometry":{"type":"MultiPolygon","coordinates":[[[[125.1254,7.0253],[125.1578,7.021],[125.2291,6.9811],[125.2468,6.9777],[125.2776,6.9879],[125.2827,7.0001],[125.2727,7.0134],[125.2738,7.0183],[125.2801,7.0246],[125.3223,7.0351],[125.3254,7.0435],[125.2981,7.0775],[125.294,7.0944],[125.3046,7.1172],[125.3009,7.125],[125.2815,7.1342],[125.2654,7.1553],[125.2193,7.1719],[125.1709,7.1765],[125.1331,7.1683],[125.1022,7.1696],[125.0898,7.1761],[125.0474,7.183],[125.0265,7.2015],[125.0129,7.207],[124.9733,7.2045],[124.9696,7.2154],[124.9609,7.2238],[124.9409,7.2327],[124.9352,7.2279],[124.9394,7.1989],[124.9347,7.1823],[124.9257,7.1702],[124.8815,7.1322],[124.8817,7.122],[124.8858,7.1147],[124.9223,7.0908],[124.9923,7.0585],[125.1254,7.0253]]]]}},{"type":"Feature","properties":{"name":"Alip River Watershed","region":"R12","hectares":37423,"basin":"mindanao"},"geometry":{"type":"MultiPolygon","coordinates":[[[[124.9982,6.5111],[125.0056,6.5187],[125.0261,6.5232],[125.0434,6.513],[125.0542,6.4944],[125.0603,6.5013],[125.0634,6.5239],[125.0754,6.5485],[125.0728,6.5649],[125.0825,6.5874],[125.0853,6.6467],[125.0808,6.6799],[125.07,6.7012],[125.042,6.7186],[125.0084,6.7269],[124.9945,6.7264],[124.9673,6.7392],[124.9462,6.7396],[124.9246,6.7298],[124.9155,6.7199],[124.8922,6.7101],[124.8876,6.7032],[124.8879,6.6956],[124.9084,6.6719],[124.9316,6.6182],[124.9507,6.5882],[124.9671,6.5384],[124.9982,6.5111]]]]}},{"type":"Feature","properties":{"name":"Libuganon River Watershed","region":"R12","hectares":75962,"basin":"mindanao"},"geometry":{"type":"MultiPolygon","coordinates":[[[[125.3808,8.0002],[125.399,7.9829],[125.4125,7.9568],[125.4291,7.8982],[125.4367,7.8506],[125.4655,7.8355],[125.5347,7.8106],[125.5485,7.7994],[125.5595,7.7719],[125.5914,7.7567],[125.6219,7.7207],[125.6408,7.7061],[125.6582,7.7087],[125.6688,7.7174],[125.6868,7.7504],[125.6864,7.7846],[125.679,7.7952],[125.6436,7.8217],[125.6363,7.8306],[125.6372,7.8413],[125.6477,7.8597],[125.6789,7.8711],[125.6829,7.8822],[125.6823,7.8992],[125.6712,7.9416],[125.6658,7.9839],[125.6569,7.9994],[125.6595,7.9998],[125.6508,8.0089],[125.6416,8.0278],[125.6323,8.0333],[125.6219,8.0347],[125.5884,8.0272],[125.5671,8.0269],[125.51,8.0402],[125.4735,8.0349],[125.4462,8.0362],[125.4165,8.0277],[125.3853,8.0068],[125.3808,8.0002]]]]}},{"type":"Feature","properties":{"name":"Lasang River Watershed","region":"R11","hectares":37844,"basin":null},"geometry":{"type":"MultiPolygon","coordinates":[[[[125.5274,7.3058],[125.539,7.3062],[125.5637,7.3211],[125.5736,7.3328],[125.5828,7.3526],[125.5788,7.3615],[125.5707,7.3669],[125.5365,7.3572],[125.5245,7.3624],[125.5146,7.3798],[125.4981,7.4816],[125.4929,7.4957],[125.473,7.5246],[125.4676,7.5381],[125.4615,7.5948],[125.472,7.6547],[125.4746,7.7053],[125.4665,7.7291],[125.4592,7.736],[125.4512,7.7367],[125.4382,7.7252],[125.435,7.7164],[125.4343,7.6311],[125.4302,7.622],[125.4026,7.5912],[125.3971,7.5743],[125.3948,7.5231],[125.4019,7.4711],[125.3977,7.4354],[125.4016,7.4246],[125.4111,7.4182],[125.4288,7.4159],[125.4326,7.4114],[125.4341,7.4007],[125.4257,7.3703],[125.4453,7.3356],[125.4882,7.3225],[125.5274,7.3058]]]]}},{"type":"Feature","properties":{"name":"Batutu River Watershed","region":"R11","hectares":10021,"basin":"agusan"},"geometry":{"type":"MultiPolygon","coordinates":[[[[126.191,7.4311],[126.2092,7.4359],[126.2184,7.4458],[126.2179,7.4594],[126.2064,7.472],[126.2047,7.4779],[126.2062,7.4856],[126.2223,7.5001],[126.2217,7.5041],[126.171,7.5136],[126.1515,7.528],[126.139,7.5497],[126.1255,7.5842],[126.1211,7.6036],[126.1203,7.6317],[126.1186,7.6345],[126.1101,7.6341],[126.1029,7.6229],[126.102,7.6075],[126.1092,7.5799],[126.1152,7.5367],[126.1462,7.4773],[126.1546,7.4437],[126.1617,7.436],[126.1718,7.432],[126.191,7.4311]]]]}},{"type":"Feature","properties":{"name":"Pagbahan River Watershed","region":"R4B","hectares":23364,"basin":null},"geometry":{"type":"MultiPolygon","coordinates":[[[[120.7557,13.1583],[120.7681,13.1607],[120.7805,13.1782],[120.7996,13.1795],[120.8244,13.1867],[120.9166,13.2415],[120.9219,13.2514],[120.9217,13.2591],[120.9142,13.276],[120.8907,13.2919],[120.8542,13.3017],[120.8284,13.3201],[120.8225,13.3187],[120.8096,13.3038],[120.7814,13.2896],[120.7663,13.2863],[120.7409,13.2877],[120.7328,13.2779],[120.7291,13.2636],[120.7371,13.2194],[120.7233,13.1887],[120.7219,13.174],[120.7286,13.1638],[120.7557,13.1583]]]]}},{"type":"Feature","properties":{"name":"Catuiran-Bucayao River Watershed","region":"R4B","hectares":35622,"basin":null},"geometry":{"type":"MultiPolygon","coordinates":[[[[121.055,13.133],[121.0734,13.1017],[121.0872,13.0925],[121.112,13.0878],[121.1332,13.0964],[121.1567,13.1311],[121.1614,13.1511],[121.162,13.1705],[121.1558,13.2072],[121.1612,13.252],[121.1577,13.2627],[121.1406,13.2675],[121.0994,13.2515],[121.0792,13.2551],[121.0344,13.2544],[120.9725,13.2614],[120.9391,13.2502],[120.9304,13.237],[120.9154,13.192],[120.9173,13.1793],[120.9277,13.1649],[120.9482,13.1491],[120.9966,13.1528],[121.0387,13.1616],[121.0497,13.1507],[121.055,13.133]]]]}},{"type":"Feature","properties":{"name":"Amnay-Patrick River Watershed","region":"R4B","hectares":21276,"basin":null},"geometry":{"type":"MultiPolygon","coordinates":[[[[120.9453,13.1495],[120.9417,13.1382],[120.9425,13.1042],[120.9462,13.0871],[120.9363,13.0435],[120.9216,13.0145],[120.9228,13.0037],[120.9321,12.9927],[120.9438,12.9912],[120.9579,12.9814],[120.9919,12.9811],[121.0089,12.9874],[121.0341,12.9833],[121.0352,12.9868],[121.0275,12.9934],[121.0264,13.0043],[121.0505,13.0944],[121.0513,13.1242],[121.0551,13.1354],[121.0513,13.1477],[121.0421,13.1594],[121.0335,13.1621],[120.9966,13.1528],[120.9453,13.1495]]]]}},{"type":"Feature","properties":{"name":"Mag-asawang Tubig-Mapalo Watershed","region":"R4B","hectares":19949,"basin":null},"geometry":{"type":"MultiPolygon","coordinates":[[[[121.114,12.9995],[121.1124,12.9848],[121.122,12.9698],[121.1279,12.9456],[121.143,12.9444],[121.1624,12.9365],[121.1755,12.917],[121.1868,12.9093],[121.1919,12.9179],[121.1966,12.9425],[121.2069,12.9505],[121.2191,12.9504],[121.2418,12.9362],[121.2519,12.9359],[121.2557,12.9421],[121.2606,12.9824],[121.2421,13.0094],[121.2212,13.0732],[121.2106,13.0854],[121.1914,13.0967],[121.1803,13.0985],[121.1645,13.0907],[121.1539,13.0641],[121.1353,13.035],[121.1296,13.0077],[121.114,12.9995]]]]}},{"type":"Feature","properties":{"name":"Pula River Watershed","region":"R4B","hectares":12831,"basin":null},"geometry":{"type":"MultiPolygon","coordinates":[[[[121.2295,13.0507],[121.2421,13.0094],[121.258,12.9844],[121.3053,12.9512],[121.3176,12.9459],[121.3236,12.9467],[121.3402,12.9572],[121.352,12.972],[121.3575,12.9933],[121.3539,13.0186],[121.3378,13.0437],[121.3252,13.053],[121.2968,13.0637],[121.2676,13.0694],[121.2415,13.0618],[121.2295,13.0507]]]]}},{"type":"Feature","properties":{"name":"Lumintao River Watershed","region":"R4B","hectares":38832,"basin":null},"geometry":{"type":"MultiPolygon","coordinates":[[[[121.0651,12.8484],[121.0711,12.8397],[121.0596,12.8258],[121.0514,12.8219],[121.0507,12.8167],[121.0565,12.7917],[121.0507,12.7765],[121.056,12.7595],[121.0478,12.7429],[121.0373,12.7341],[121.0349,12.7273],[121.0614,12.717],[121.0842,12.6986],[121.0897,12.6888],[121.0841,12.6832],[121.0683,12.6837],[121.0596,12.6783],[121.0583,12.6672],[121.0488,12.6578],[121.0449,12.648],[121.0509,12.6251],[121.0314,12.62],[121.0124,12.5982],[121.0091,12.5851],[120.9892,12.5644],[120.9861,12.541],[120.993,12.5233],[121.0025,12.516],[121.0132,12.5201],[121.0558,12.556],[121.0713,12.5629],[121.0735,12.5659],[121.0737,12.6028],[121.081,12.6072],[121.097,12.609],[121.1097,12.6437],[121.1281,12.6452],[121.1404,12.6567],[121.1436,12.7062],[121.1599,12.7346],[121.1658,12.7516],[121.1661,12.7826],[121.1579,12.8055],[121.1631,12.8133],[121.1914,12.8312],[121.1951,12.8393],[121.1926,12.8532],[121.194,12.8728],[121.1914,12.8789],[121.1793,12.8806],[121.176,12.889],[121.151,12.8914],[121.1151,12.889],[121.0902,12.8683],[121.0862,12.8613],[121.0724,12.8557],[121.0651,12.8484]]]]}},{"type":"Feature","properties":{"name":"Mongpong River Watershed","region":"R4B","hectares":22788,"basin":null},"geometry":{"type":"MultiPolygon","coordinates":[[[[121.0651,12.8484],[121.0523,12.8515],[121.0332,12.8686],[121.0155,12.8728],[120.9913,12.8519],[120.983,12.8579],[120.9677,12.8578],[120.9502,12.8634],[120.9162,12.8637],[120.9067,12.8557],[120.9239,12.8183],[120.9323,12.8081],[120.933,12.7761],[120.9476,12.7688],[120.9497,12.7641],[120.9388,12.7389],[120.9422,12.712],[120.9495,12.6991],[120.9757,12.6963],[120.9843,12.6793],[120.9899,12.6787],[120.9934,12.6819],[120.997,12.6991],[121.0023,12.7057],[121.0257,12.7255],[121.0349,12.7273],[121.0373,12.7341],[121.0478,12.7429],[121.056,12.7595],[121.0507,12.7765],[121.0565,12.7917],[121.0508,12.8106],[121.0514,12.8219],[121.0596,12.8258],[121.0711,12.8397],[121.0651,12.8484]]]]}},{"type":"Feature","properties":{"name":"Cagaray River Watershed","region":"R4B","hectares":12627,"basin":null},"geometry":{"type":"MultiPolygon","coordinates":[[[[121.2384,12.5274],[121.2307,12.5109],[121.2382,12.4981],[121.2323,12.474],[121.2262,12.4711],[121.2083,12.448],[121.1937,12.4528],[121.185,12.4464],[121.1744,12.4479],[121.1693,12.4442],[121.1725,12.4377],[121.1849,12.4299],[121.1801,12.4117],[121.1844,12.4027],[121.1853,12.3865],[121.1906,12.3766],[121.2084,12.3762],[121.2234,12.3954],[121.2313,12.4004],[121.2454,12.3944],[121.2756,12.3888],[121.2829,12.3924],[121.2878,12.4517],[121.2878,12.486],[121.2839,12.504],[121.2777,12.5139],[121.2631,12.5261],[121.2384,12.5274]]]]}},{"type":"Feature","properties":{"name":"Malasgao River Watershed","region":"R4B","hectares":15518,"basin":null},"geometry":{"type":"MultiPolygon","coordinates":[[[[118.4389,9.4008],[118.4321,9.4195],[118.4172,9.4363],[118.4034,9.4651],[118.3915,9.4786],[118.3429,9.4895],[118.318,9.4907],[118.311,9.4862],[118.3051,9.4684],[118.3074,9.4504],[118.2977,9.4276],[118.2944,9.3959],[118.2963,9.3747],[118.3091,9.3626],[118.3311,9.3601],[118.3398,9.3622],[118.3554,9.3725],[118.3632,9.3926],[118.3679,9.3959],[118.4208,9.387],[118.4313,9.3905],[118.4389,9.4008]]]]}},{"type":"Feature","properties":{"name":"Bansud River Watershed","region":"R4B","hectares":4827,"basin":null},"geometry":{"type":"MultiPolygon","coordinates":[[[[121.35,12.864],[121.3144,12.8393],[121.3124,12.8348],[121.3158,12.8258],[121.3235,12.8218],[121.3731,12.8341],[121.417,12.8358],[121.4277,12.8393],[121.434,12.85],[121.4288,12.8607],[121.3831,12.8821],[121.3764,12.8791],[121.368,12.8688],[121.35,12.864]]]]}},{"type":"Feature","properties":{"name":"San Antonio River Watershed","region":"R4A","hectares":1527,"basin":"pasig-marikina"},"geometry":{"type":"MultiPolygon","coordinates":[[[[121.3974,14.4277],[121.3962,14.4366],[121.3831,14.4501],[121.3624,14.4555],[121.3582,14.4459],[121.3614,14.4135],[121.3646,14.4112],[121.3777,14.417],[121.3933,14.4189],[121.3974,14.4277]]]]}},{"type":"Feature","properties":{"name":"Caisobo River Watershed (Cavite FLI","region":"R4A","hectares":50234,"basin":null},"geometry":{"type":"MultiPolygon","coordinates":[[[[120.6926,14.1722],[120.7061,14.1686],[120.7379,14.1717],[120.757,14.167],[120.8261,14.104],[120.8549,14.0719],[120.8788,14.0861],[120.9085,14.0926],[120.9275,14.1022],[120.9446,14.1007],[120.9544,14.107],[120.9693,14.1246],[120.9789,14.1271],[120.9824,14.1327],[120.994,14.2711],[120.9779,14.2849],[120.9667,14.3204],[120.9533,14.3387],[120.9485,14.3389],[120.946,14.3346],[120.9523,14.3205],[120.9528,14.3062],[120.9362,14.2857],[120.9189,14.3],[120.9126,14.2955],[120.9043,14.2766],[120.8931,14.2752],[120.8771,14.2828],[120.8704,14.2748],[120.8624,14.2733],[120.8462,14.2972],[120.8412,14.2986],[120.8302,14.2739],[120.8197,14.2735],[120.8101,14.2812],[120.8056,14.2812],[120.7901,14.2524],[120.7791,14.2485],[120.7745,14.2292],[120.7667,14.2219],[120.7513,14.2163],[120.7172,14.2109],[120.6966,14.2018],[120.6935,14.1979],[120.6926,14.1722]]]]}},{"type":"Feature","properties":{"name":"NPC Tailrace & Lewin Watershed","region":"R4A","hectares":1461,"basin":"pasig-marikina"},"geometry":{"type":"MultiPolygon","coordinates":[[[[121.5361,14.2741],[121.5345,14.2612],[121.5449,14.2444],[121.5558,14.2362],[121.5691,14.2367],[121.577,14.2509],[121.5735,14.2629],[121.5617,14.2715],[121.5361,14.2741]]]]}},{"type":"Feature","properties":{"name":"Laguna FLIS Watershed","region":"R4A","hectares":30563,"basin":"pasig-marikina"},"geometry":{"type":"MultiPolygon","coordinates":[[[[120.9789,14.1271],[120.9847,14.1203],[120.9914,14.1212],[121.0013,14.1358],[121.0199,14.1402],[121.0529,14.1355],[121.0702,14.1227],[121.0995,14.1105],[121.1118,14.0965],[121.1341,14.0789],[121.1609,14.029],[121.1767,14.01],[121.1944,14.0006],[121.2251,13.996],[121.2317,13.9997],[121.2083,14.0657],[121.1983,14.0805],[121.1996,14.1056],[121.1941,14.1279],[121.1439,14.1439],[121.135,14.1585],[121.1312,14.1722],[121.1332,14.1816],[121.1512,14.2086],[121.1483,14.2172],[121.1329,14.2378],[121.1249,14.2691],[121.113,14.2706],[121.0932,14.2616],[121.0696,14.2491],[121.0356,14.2227],[121.001,14.1816],[120.9848,14.1677],[120.9831,14.136],[120.9789,14.1271]]]]}},{"type":"Feature","properties":{"name":"Sta. Cruz River Watershed","region":"R4A","hectares":8075,"basin":"pasig-marikina"},"geometry":{"type":"MultiPolygon","coordinates":[[[[121.4325,14.1787],[121.4258,14.1848],[121.4163,14.2026],[121.409,14.2022],[121.4055,14.1973],[121.4017,14.168],[121.4055,14.1246],[121.4254,14.1042],[121.4274,14.0733],[121.431,14.0656],[121.4518,14.0589],[121.4794,14.0584],[121.4889,14.0666],[121.4911,14.0863],[121.4843,14.0997],[121.4584,14.1272],[121.4443,14.1656],[121.4325,14.1787]]]]}},{"type":"Feature","properties":{"name":"Balanac River Watershed","region":"R4A","hectares":6575,"basin":"pasig-marikina"},"geometry":{"type":"MultiPolygon","coordinates":[[[[121.4325,14.1787],[121.4443,14.1656],[121.4602,14.1244],[121.4843,14.0997],[121.4919,14.0834],[121.4917,14.0723],[121.5048,14.0907],[121.5198,14.1208],[121.522,14.1444],[121.5191,14.1569],[121.4793,14.1791],[121.4654,14.1909],[121.4537,14.1954],[121.4378,14.196],[121.4325,14.1787]]]]}},{"type":"Feature","properties":{"name":"Palico River Watershed","region":"R4A","hectares":11815,"basin":null},"geometry":{"type":"MultiPolygon","coordinates":[[[[120.6926,14.1722],[120.6894,14.1617],[120.6906,14.1519],[120.7061,14.125],[120.7085,14.1118],[120.6857,14.0673],[120.6881,14.0551],[120.6937,14.0483],[120.7009,14.0446],[120.7085,14.0453],[120.7327,14.0531],[120.7728,14.0926],[120.8282,14.1005],[120.757,14.167],[120.7379,14.1717],[120.7061,14.1686],[120.6926,14.1722]]]]}},{"type":"Feature","properties":{"name":"Mabacan River Watershed","region":"R4A","hectares":5243,"basin":"pasig-marikina"},"geometry":{"type":"MultiPolygon","coordinates":[[[[121.1941,14.1279],[121.1996,14.1056],[121.198,14.0857],[121.2004,14.0757],[121.2252,14.0653],[121.2602,14.0668],[121.2817,14.0902],[121.2981,14.1002],[121.3091,14.1234],[121.3064,14.1275],[121.2884,14.134],[121.2833,14.1292],[121.2799,14.119],[121.2664,14.1082],[121.2357,14.1035],[121.2175,14.1209],[121.2037,14.1271],[121.1941,14.1279]]]]}},{"type":"Feature","properties":{"name":"Dumacao River Watershed","region":"R4A","hectares":8840,"basin":null},"geometry":{"type":"MultiPolygon","coordinates":[[[[121.6099,14.0184],[121.6187,14.0245],[121.6248,14.0348],[121.6441,14.054],[121.6401,14.0731],[121.6407,14.0961],[121.6369,14.1012],[121.6176,14.1032],[121.597,14.1102],[121.5855,14.1036],[121.5715,14.1029],[121.515,14.0738],[121.5153,14.066],[121.5231,14.059],[121.6099,14.0184]]]]}},{"type":"Feature","properties":{"name":"Janagdong River Watershed","region":"R4A","hectares":1150,"basin":null},"geometry":{"type":"MultiPolygon","coordinates":[[[[121.3446,13.9992],[121.3371,13.9843],[121.3398,13.9817],[121.3454,13.9827],[121.3564,13.9917],[121.3623,14.0026],[121.4009,14.0357],[121.3922,14.0387],[121.3828,14.0357],[121.3446,13.9992]]]]}},{"type":"Feature","properties":{"name":"Lagnas River Watershed","region":"R4A","hectares":3292,"basin":null},"geometry":{"type":"MultiPolygon","coordinates":[[[[121.3808,13.9984],[121.3565,13.9771],[121.3461,13.9624],[121.3449,13.9566],[121.3488,13.9493],[121.3604,13.9506],[121.4229,13.9937],[121.4449,14.0129],[121.4498,14.022],[121.4468,14.0264],[121.4402,14.028],[121.3808,13.9984]]]]}},{"type":"Feature","properties":{"name":"Dummun River Watershed","region":"R2","hectares":17772,"basin":"cagayan"},"geometry":{"type":"MultiPolygon","coordinates":[[[[121.8375,18.0522],[121.8763,18.0118],[121.8891,18.0084],[121.9014,18.0097],[121.9444,18.0506],[121.9843,18.08],[122.0343,18.1267],[122.0405,18.1363],[122.0439,18.1524],[122.0367,18.1544],[122.0184,18.1383],[121.9924,18.1278],[121.9789,18.1272],[121.9547,18.1355],[121.9352,18.1299],[121.9057,18.1336],[121.888,18.1324],[121.8558,18.1232],[121.8465,18.1159],[121.8418,18.1062],[121.8416,18.075],[121.8375,18.0522]]]]}},{"type":"Feature","properties":{"name":"Pared River Watershed","region":"R2","hectares":18268,"basin":"cagayan"},"geometry":{"type":"MultiPolygon","coordinates":[[[[121.9275,17.7815],[121.9575,17.7495],[121.989,17.7237],[122.0107,17.6989],[122.0376,17.6908],[122.0464,17.6839],[122.0573,17.6941],[122.065,17.7093],[122.0654,17.7216],[122.0583,17.7435],[122.0381,17.7694],[122.0368,17.7779],[122.0457,17.8018],[122.0289,17.8237],[121.9905,17.8456],[121.9544,17.85],[121.935,17.8588],[121.907,17.8657],[121.8978,17.8554],[121.8992,17.8405],[121.9205,17.8101],[121.9275,17.7815]]]]}},{"type":"Feature","properties":{"name":"Pinacanauan de Tuguegarao Watershed","region":"R2","hectares":46346,"basin":"cagayan"},"geometry":{"type":"MultiPolygon","coordinates":[[[[121.8268,17.7028],[121.8609,17.6314],[121.9042,17.6004],[121.9366,17.5562],[121.9675,17.5505],[121.9868,17.5345],[122.0092,17.5359],[122.0278,17.5236],[122.0517,17.5268],[122.0692,17.551],[122.0827,17.5611],[122.0841,17.5761],[122.0744,17.601],[122.0715,17.6209],[122.0502,17.6603],[122.0453,17.6864],[122.0081,17.701],[121.989,17.7237],[121.9575,17.7495],[121.9224,17.7848],[121.9117,17.7844],[121.8965,17.7713],[121.8821,17.7851],[121.8678,17.7867],[121.86,17.7835],[121.8536,17.7736],[121.8526,17.751],[121.8448,17.729],[121.8268,17.7028]]]]}},{"type":"Feature","properties":{"name":"Pinacanauan de San Pablo Watershed","region":"R2","hectares":13934,"basin":"cagayan"},"geometry":{"type":"MultiPolygon","coordinates":[[[[121.9862,17.5349],[121.9821,17.5303],[121.9741,17.5023],[121.9489,17.4981],[121.9067,17.5001],[121.8726,17.4962],[121.8589,17.4905],[121.8603,17.4763],[121.8961,17.4771],[121.9346,17.4562],[121.9655,17.4569],[121.985,17.45],[122.0065,17.4472],[122.0175,17.4334],[122.0346,17.4361],[122.0522,17.4115],[122.0597,17.4124],[122.0755,17.4293],[122.0806,17.441],[122.0746,17.4513],[122.0665,17.4564],[122.0635,17.4746],[122.0538,17.484],[122.0525,17.5275],[122.0278,17.5236],[122.0092,17.5359],[121.9862,17.5349]]]]}},{"type":"Feature","properties":{"name":"Zinundangan River Watershed","region":"R2","hectares":21519,"basin":"cagayan"},"geometry":{"type":"MultiPolygon","coordinates":[[[[121.3956,18.0201],[121.3829,17.998],[121.3788,17.9975],[121.3169,17.9201],[121.3237,17.9035],[121.3676,17.8903],[121.4064,17.8869],[121.4236,17.8901],[121.4552,17.9111],[121.473,17.9543],[121.502,18.0081],[121.5049,18.0305],[121.4977,18.0554],[121.4896,18.0615],[121.4798,18.0604],[121.4608,18.0507],[121.4494,18.0402],[121.3956,18.0201]]]]}},{"type":"Feature","properties":{"name":"Tumauini River Watershed","region":"R2","hectares":16436,"basin":"cagayan"},"geometry":{"type":"MultiPolygon","coordinates":[[[[121.934,17.2788],[121.9362,17.284],[121.9482,17.2795],[121.9712,17.2977],[121.9759,17.2977],[121.9844,17.2905],[121.999,17.2924],[122.0065,17.2897],[122.0065,17.2834],[122.0169,17.2744],[122.0271,17.2718],[122.0228,17.2774],[122.0227,17.2909],[122.0323,17.2971],[122.0426,17.3107],[122.0511,17.3107],[122.0619,17.3167],[122.0642,17.3244],[122.0783,17.3153],[122.0783,17.3099],[122.0997,17.312],[122.1196,17.3252],[122.1172,17.3408],[122.0915,17.3674],[122.0858,17.3869],[122.0904,17.4032],[122.0831,17.412],[122.0749,17.4036],[122.0384,17.4089],[122.0207,17.426],[121.9992,17.4306],[121.9944,17.3983],[121.9985,17.3917],[121.992,17.3822],[121.9928,17.3555],[121.9862,17.3521],[121.9821,17.3333],[121.9696,17.3331],[121.9612,17.3265],[121.9572,17.3084],[121.9373,17.3001],[121.9288,17.2929],[121.9272,17.2888],[121.934,17.2788]]]]}},{"type":"Feature","properties":{"name":"Bulo River Watershed","region":"R1","hectares":17595,"basin":null},"geometry":{"type":"MultiPolygon","coordinates":[[[[120.8294,18.4842],[120.8318,18.4715],[120.8285,18.4531],[120.8308,18.4466],[120.8438,18.4397],[120.8495,18.4316],[120.8631,18.4282],[120.8704,18.4217],[120.879,18.4063],[120.8916,18.3977],[120.898,18.3785],[120.9081,18.3698],[120.9126,18.3602],[120.928,18.3534],[120.943,18.3527],[120.9413,18.3669],[120.9447,18.397],[120.9576,18.4534],[120.9515,18.4728],[120.9518,18.4816],[120.9594,18.5084],[120.9549,18.5107],[120.9475,18.5088],[120.928,18.4974],[120.9202,18.5038],[120.8906,18.5153],[120.8826,18.5344],[120.8721,18.5377],[120.8389,18.5218],[120.824,18.5091],[120.8179,18.4944],[120.8246,18.4914],[120.8294,18.4842]]]]}},{"type":"Feature","properties":{"name":"Sta. Maria River Watershed","region":"R1","hectares":12707,"basin":"abra"},"geometry":{"type":"MultiPolygon","coordinates":[[[[120.6139,17.3178],[120.5833,17.3306],[120.5567,17.3285],[120.5459,17.3229],[120.5404,17.3122],[120.5131,17.288],[120.5072,17.2786],[120.5101,17.2671],[120.5159,17.2606],[120.5159,17.247],[120.5251,17.2316],[120.539,17.2251],[120.5579,17.2222],[120.5711,17.2082],[120.5893,17.1969],[120.6068,17.209],[120.6053,17.2169],[120.6219,17.2324],[120.6258,17.2452],[120.6244,17.2608],[120.6161,17.2817],[120.618,17.2967],[120.6139,17.3178]]]]}},{"type":"Feature","properties":{"name":"Buaya River Watershed","region":"R1","hectares":17491,"basin":null},"geometry":{"type":"MultiPolygon","coordinates":[[[[120.5899,17.197],[120.5854,17.1873],[120.5772,17.1807],[120.5534,17.1704],[120.5355,17.1694],[120.5172,17.1719],[120.5027,17.1865],[120.4794,17.1915],[120.4693,17.1855],[120.4681,17.1619],[120.4709,17.1579],[120.4819,17.1544],[120.4798,17.1435],[120.4834,17.1365],[120.4944,17.1385],[120.511,17.1474],[120.5237,17.1436],[120.529,17.1373],[120.5316,17.1242],[120.554,17.1182],[120.5606,17.1052],[120.5682,17.1018],[120.5808,17.0774],[120.6023,17.0793],[120.6216,17.0712],[120.6336,17.0446],[120.6468,17.0321],[120.6505,17.0613],[120.6375,17.0756],[120.6355,17.082],[120.644,17.0991],[120.6435,17.1283],[120.6526,17.1774],[120.6584,17.1923],[120.6343,17.2124],[120.6248,17.2152],[120.6094,17.2106],[120.5899,17.197]]]]}},{"type":"Feature","properties":{"name":"Dumuloc River Watershed","region":"R1","hectares":8277,"basin":"agno"},"geometry":{"type":"MultiPolygon","coordinates":[[[[120.1011,15.9027],[120.1033,15.8876],[120.1106,15.8767],[120.1088,15.8619],[120.1264,15.8465],[120.1289,15.8258],[120.136,15.8221],[120.1375,15.8143],[120.1418,15.8137],[120.1682,15.8392],[120.1684,15.8505],[120.1774,15.8683],[120.1783,15.8778],[120.1826,15.8804],[120.1839,15.8883],[120.1964,15.8997],[120.1989,15.909],[120.1884,15.931],[120.1815,15.937],[120.1536,15.9268],[120.139,15.9326],[120.1339,15.9313],[120.1251,15.9235],[120.1109,15.9016],[120.1011,15.9027]]]]}},{"type":"Feature","properties":{"name":"Vintar River Watershed","region":"R1","hectares":55846,"basin":null},"geometry":{"type":"MultiPolygon","coordinates":[[[[120.7871,18.4928],[120.7802,18.4861],[120.7638,18.4799],[120.7523,18.4595],[120.7359,18.4501],[120.7273,18.4251],[120.7137,18.4066],[120.6927,18.3972],[120.6954,18.37],[120.6939,18.3547],[120.7036,18.3354],[120.7045,18.3112],[120.7,18.3003],[120.6695,18.2756],[120.6651,18.2632],[120.6658,18.25],[120.6691,18.2435],[120.6847,18.2348],[120.6909,18.2433],[120.7032,18.2487],[120.7173,18.2624],[120.7719,18.2718],[120.789,18.2528],[120.8097,18.2371],[120.8122,18.2188],[120.8418,18.2193],[120.8607,18.2154],[120.8698,18.2195],[120.8954,18.2408],[120.8988,18.257],[120.9026,18.2619],[120.9155,18.2645],[120.9338,18.2616],[120.9446,18.2693],[120.9431,18.2899],[120.9517,18.3287],[120.9604,18.348],[120.9715,18.3581],[120.9514,18.3532],[120.9412,18.3591],[120.9283,18.3551],[120.9133,18.3656],[120.8975,18.3691],[120.896,18.3739],[120.902,18.3865],[120.8982,18.3988],[120.8762,18.4092],[120.8691,18.4227],[120.8506,18.4327],[120.8311,18.4525],[120.8245,18.4951],[120.8108,18.4982],[120.7871,18.4928]]]]}},{"type":"Feature","properties":{"name":"Laog River Basin","region":"R1","hectares":146470,"basin":null},"geometry":{"type":"MultiPolygon","coordinates":[[[[120.6847,18.2348],[120.6831,18.2084],[120.6596,18.2058],[120.6298,18.2155],[120.6241,18.2109],[120.6136,18.2135],[120.5952,18.227],[120.5721,18.2331],[120.5551,18.221],[120.5427,18.2181],[120.5275,18.2087],[120.5219,18.2013],[120.5222,18.1757],[120.5331,18.1484],[120.5485,18.1441],[120.5593,18.125],[120.5767,18.1078],[120.6307,18.0738],[120.6394,18.0633],[120.6297,18.0262],[120.6198,18.01],[120.6031,17.9678],[120.6007,17.9658],[120.5894,17.9702],[120.5793,17.9699],[120.5681,17.9632],[120.5671,17.9503],[120.5728,17.9313],[120.5619,17.9163],[120.564,17.9092],[120.5845,17.8914],[120.5955,17.8873],[120.6,17.8741],[120.6003,17.8603],[120.6146,17.8351],[120.6213,17.8148],[120.6836,17.8201],[120.6918,17.8272],[120.7088,17.8548],[120.7512,17.9077],[120.783,17.9077],[120.801,17.9178],[120.8141,17.9178],[120.8222,17.9248],[120.8294,17.9401],[120.8375,17.9444],[120.8567,17.9432],[120.8735,17.9495],[120.8936,17.9468],[120.9036,17.9493],[120.9095,17.9437],[120.9202,17.9424],[120.9384,17.9572],[120.9377,17.9764],[120.9442,18.0034],[120.9331,18.0336],[120.9314,18.0916],[120.9449,18.1323],[120.955,18.1449],[120.9649,18.1513],[120.9768,18.1701],[120.9769,18.1791],[120.9714,18.1876],[120.9651,18.1807],[120.9521,18.1771],[120.9559,18.2081],[120.9387,18.2122],[120.9277,18.2257],[120.9155,18.2645],[120.9026,18.2619],[120.8988,18.257],[120.8954,18.2408],[120.8698,18.2195],[120.8607,18.2154],[120.8418,18.2193],[120.8122,18.2188],[120.8097,18.2371],[120.789,18.2528],[120.7719,18.2718],[120.7173,18.2624],[120.7032,18.2487],[120.6909,18.2433],[120.6847,18.2348]]]]}},{"type":"Feature","properties":{"name":"Aringay River Basin","region":"R1","hectares":23939,"basin":null},"geometry":{"type":"MultiPolygon","coordinates":[[[[120.4661,16.4369],[120.4513,16.4294],[120.4389,16.4068],[120.4192,16.3819],[120.4162,16.3706],[120.4199,16.3581],[120.4553,16.2821],[120.4788,16.2833],[120.523,16.266],[120.5301,16.2682],[120.5513,16.2818],[120.5514,16.2955],[120.5561,16.3091],[120.5468,16.3319],[120.5492,16.3478],[120.561,16.366],[120.5639,16.3857],[120.5616,16.407],[120.5476,16.4297],[120.5382,16.4389],[120.524,16.4457],[120.5147,16.464],[120.5147,16.4708],[120.5034,16.4708],[120.4887,16.4526],[120.4661,16.4369]]]]}},{"type":"Feature","properties":{"name":"Bued River Watershed","region":"R1","hectares":30636,"basin":null},"geometry":{"type":"MultiPolygon","coordinates":[[[[120.5639,16.3857],[120.561,16.366],[120.5492,16.3478],[120.5468,16.3319],[120.5561,16.3091],[120.5514,16.2955],[120.5513,16.2818],[120.523,16.266],[120.475,16.2839],[120.4585,16.2817],[120.4411,16.2843],[120.4328,16.2767],[120.4388,16.2557],[120.4297,16.2399],[120.4296,16.2333],[120.4514,16.2107],[120.463,16.1543],[120.4564,16.1299],[120.433,16.1035],[120.4354,16.0876],[120.445,16.0773],[120.4586,16.0759],[120.4687,16.0795],[120.4837,16.0977],[120.4894,16.1221],[120.485,16.1464],[120.4864,16.1622],[120.4946,16.1756],[120.5376,16.2054],[120.5588,16.2272],[120.5776,16.234],[120.6343,16.2884],[120.6438,16.2998],[120.6485,16.3111],[120.6486,16.3271],[120.6439,16.343],[120.6275,16.3681],[120.6182,16.4],[120.6182,16.4136],[120.6041,16.4159],[120.5947,16.4114],[120.5829,16.4046],[120.5639,16.3857]]]]}},{"type":"Feature","properties":{"name":"Amburayan River Watershed","region":"R1","hectares":130363,"basin":null},"geometry":{"type":"MultiPolygon","coordinates":[[[[120.5808,17.0774],[120.5746,17.0736],[120.562,17.0378],[120.5453,17.0356],[120.501,17.0159],[120.4911,17.0087],[120.4876,16.9984],[120.4816,16.9935],[120.4801,16.9716],[120.4856,16.9552],[120.4926,16.95],[120.5125,16.9444],[120.528,16.933],[120.5171,16.9269],[120.5101,16.9059],[120.4906,16.8758],[120.4867,16.8347],[120.4787,16.8001],[120.4769,16.7556],[120.4919,16.7105],[120.5123,16.6926],[120.5353,16.6576],[120.556,16.641],[120.5585,16.6328],[120.554,16.6138],[120.5562,16.6097],[120.5646,16.6094],[120.5622,16.5981],[120.5692,16.5821],[120.6046,16.5638],[120.6163,16.5501],[120.6421,16.4955],[120.6775,16.5044],[120.7366,16.552],[120.7532,16.5747],[120.7699,16.6065],[120.7819,16.6724],[120.782,16.6906],[120.7611,16.7863],[120.7494,16.8068],[120.7118,16.8433],[120.6977,16.8752],[120.6906,16.8821],[120.6743,16.9129],[120.6622,16.9617],[120.6555,16.9719],[120.6378,16.9862],[120.6359,16.9942],[120.6396,16.9951],[120.6417,17.0014],[120.6468,17.0321],[120.6336,17.0446],[120.6259,17.0656],[120.6189,17.0731],[120.6023,17.0793],[120.5808,17.0774]]]]}},{"type":"Feature","properties":{"name":"Agno-Sinucalan-Tuboy Watershed","region":"R1","hectares":56164,"basin":null},"geometry":{"type":"MultiPolygon","coordinates":[[[[120.588,16.238],[120.5846,16.2261],[120.591,16.1996],[120.5886,16.1823],[120.5959,16.1631],[120.5812,16.1497],[120.5803,16.1455],[120.5904,16.112],[120.5821,16.097],[120.5809,16.079],[120.5622,16.0548],[120.559,16.0193],[120.5526,16.0099],[120.5208,16.0061],[120.4972,16.0139],[120.4751,16.0121],[120.4393,16.0325],[120.4191,16.0485],[120.3461,16.0479],[120.3393,16.0455],[120.3323,16.0371],[120.3343,16.0154],[120.3305,16.0075],[120.34,15.9949],[120.3338,15.9812],[120.3368,15.9721],[120.3599,15.9577],[120.3734,15.9424],[120.4045,15.9346],[120.4283,15.9083],[120.4562,15.8847],[120.4607,15.8562],[120.4701,15.8432],[120.482,15.86],[120.5129,15.8651],[120.5093,15.885],[120.5167,15.898],[120.5179,15.9089],[120.5484,15.9229],[120.5727,15.9265],[120.5938,15.9365],[120.5999,15.9457],[120.5998,15.9695],[120.607,15.9807],[120.6119,16.0091],[120.6191,16.0177],[120.6543,16.0436],[120.6598,16.0554],[120.6604,16.0617],[120.6517,16.0832],[120.6488,16.1009],[120.6516,16.1255],[120.6641,16.1586],[120.6517,16.1915],[120.6539,16.224],[120.6363,16.2423],[120.6253,16.2618],[120.6161,16.2698],[120.588,16.238]]]]}},{"type":"Feature","properties":{"name":"Pili River Watershed","region":"R5","hectares":2787,"basin":null},"geometry":{"type":"MultiPolygon","coordinates":[[[[123.8352,12.9978],[123.8478,12.9848],[123.8613,12.9602],[123.867,12.9577],[123.8724,12.9609],[123.8794,12.9778],[123.882,12.9978],[123.8831,13.0121],[123.8795,13.0219],[123.8703,13.026],[123.8483,13.0257],[123.8375,13.0147],[123.8352,12.9978]]]]}},{"type":"Feature","properties":{"name":"Tubugan River Watershed","region":"R5","hectares":6199,"basin":null},"geometry":{"type":"MultiPolygon","coordinates":[[[[124.0148,12.6294],[124.0427,12.659],[124.045,12.6699],[124.0409,12.6788],[124.0245,12.6794],[124.0103,12.6883],[123.9901,12.6875],[123.9584,12.6962],[123.9355,12.6932],[123.9252,12.6871],[123.924,12.6679],[123.9329,12.6512],[123.9617,12.6543],[123.9822,12.6411],[124.0023,12.6384],[124.0148,12.6294]]]]}}]}